rid	client_id	gender	transcription	reference
train_0	903	1	 A tornado is a spinning column of very low pressure air which sucks the surrounding air inward and upward.	a tornado is a spinning column of very low-pressure air which sucks the surrounding air inward and upward
train_1	279	0	 Former US Speaker of the House Newt Gingrich came in second with 32%.	former u.s. speaker of the house newt gingrich came in second with 32%
train_2	722	1	 The island was first inhabited by the Tianos and Caribes. The Caribes were an Aracho-Acan speaking people who had arrived around 10,000 BCE.	the island was first inhabited by the taínos and caribes. the caribes were an arawakan-speaking people who had arrived around 10,000 bce
train_3	581	0	 These nerve impulses can be sent so quickly throughout the body which helps keep the body safe from any potential threats.	these nerve impulses can be sent so quickly throughout the body which helps keep the body safe from any potential threat
train_4	46	0	 On September 24th, 1759, Arthur Guinness signed a 9,000 year lease for the St. James Gate Brewery in Dublin, Ireland.	on september 24 1759 arthur guinness signed a 9,000 year lease for the st james' gate brewery in dublin ireland
train_5	1177	1	 Today, Timbuktu is an impoverished town, although its reputation makes it a tourist attraction and it has an airport.	today timbuktu is an impoverished town although its reputation makes it a tourist attraction and it has an airport
train_6	742	0	 With the same time zone as Hawaii, the islands are sometimes thought of as Hawaii Down Under.	with the same time zone as hawaii the islands are sometimes thought of as hawaii down under
train_7	1281	0	 Hokuriki Electric Power Co. reported no effects from the earthquake and that the number one and two reactors at its Shika Nuclear Power Plant were shut down.	hokuriku electric power co reported no effects from the earthquake and that the number 1 and 2 reactors at its shika nuclear power plant were shut down
train_8	196	0	 Massa is due to be out for at least the rest of the 2009 season.	massa is due to be out for at least the rest of the 2009 season
train_9	86	1	 Pittman suggested that conditions wouldn't improve until sometime next week.	pittman suggested that conditions wouldn't improve until sometime next week
train_10	484	0	 Followers pursue certain ways of living or practices that are intended to nurture those experiences.	followers pursue certain ways of living or practices that are intended to nurture those experiences
train_11	8	0	 The protest started around 11.00 local time UTC plus one on Weta Hall opposite the police guarded entrance to Downing Street, the Prime Minister's official residence.	the protest started around 11:00 local time utc+1 on whitehall opposite the police-guarded entrance to downing street the prime minister's official residence
train_12	1169	1	 The Amazon River is the second longest and the biggest river on Earth. It carries more than eight times as much water as the second biggest river.	the amazon river is the second longest and the biggest river on earth it carries more than 8 times as much water as the second biggest river
train_13	153	1	 Version have only purchased the Good Bank of Northern Rock, not the asset management company.	virgin have only purchased the good bank' of northern rock not the asset management company
train_14	147	0	 With this arrangement in place, this freedom might end.	with this arrangement in place this freedom might end
train_15	1372	1	 Its status declined during the 12th century, mainly due to the fact that crusaders had returned bearing gifts such as silks and spices that were valued more than what Byzantine markets offered.	its status declined during the twelfth century mainly due to the fact that crusaders had returned bearing gifts such as silks and spices that were valued more than what byzantine markets offered
train_16	493	0	 The civilization flourished in the basins of the Indus river that wherefore it derives its name.	the civilisation flourished in the basins of the indus river wherefore it derives its name
train_17	501	1	 It was developed by John Smith in the 1970s to help inexperienced folders or those with limited motor skills.	it was developed by john smith in the 1970s to help inexperienced folders or those with limited motor skills
train_18	1352	0	 For some, understanding something about how aircraft work and what happens during a flight may help to overcome a fear which is based on the unknown or on not being in control.	for some understanding something about how aircraft work and what happens during a flight may help to overcome a fear which is based on the unknown or on not being in control
train_19	65	1	 The original bill was drafted by former mayor of San Paolo Marto Suplicy. The proposed legislation after being amended is now in the hands of Roberto Jefferson.	the original bill was drafted by former mayor of são paulo marta suplicy. the proposed legislation after being amended is now in the hands of roberto jefferson
train_20	196	1	 Masa is due to be out for at least the rest of the 2009 season.	massa is due to be out for at least the rest of the 2009 season
train_21	19	1	 There were protests worldwide, several criminal prosecutions, and the leaders of the governments of Iceland and Pakistan were both resigned.	there were protests worldwide several criminal prosecutions and the leaders of the governments of iceland and pakistan both resigned
train_22	221	0	 Despite his comments, he said he will be supporting the British competitors at the 2012 Olympics being held in London.	despite his comments he said he will be supporting the british competitors at the 2012 olympics being held in london
train_23	1055	0	 UN peacekeepers who arrived in Haiti after the 2010 earthquake are being blamed for the spread of the disease which started near the troops encampment.	un peacekeepers whom arrived in haiti after the 2010 earthquake are being blamed for the spread of the disease which started near the troop's encampment
train_24	242	1	 The unmanned lunar orbiter Chandrayaan-1 ejected its Moon Impact Probe , which hurtled across the surface of the Moon at 1.5 km per second and successfully crash-landed near the Moon's south pole.	the unmanned lunar orbiter chandrayaan-1 ejected its moon impact probe mip which hurtled across the surface of the moon at 1.5 kilometres per second 3000 miles per hour and successfully crash landed near the moon's south pole
train_25	908	0	 They normally offer higher bandwidth and better quality of service. They are encrypted and thus harder to spy on.	they normally offer higher bandwidth and better quality of service they are encrypted and thus harder to spy on
train_26	861	1	 Unattended bags are a target for theft and can also attract attention from authority wary of bomb threats.	unattended bags are a target for theft and can also attract attention from authorities wary of bomb threats
train_27	1155	0	 Examples include control, planning and scheduling, the ability to answer customers' diagnosis and questions, as well as handwriting recognition, voice and face.	examples include control planning and scheduling the ability to answer customer diagnoses and questions as well as handwriting recognition voice and face
train_28	373	0	 Other scientists argue that these plants are very poisonous so it is unlikely that any dinosaur ate them, even though today the sloth and other animals like the parrot, a descendant of the dinosaurs, can eat poisonous leaves or fruit.	other scientists argue that these plants are very poisonous so it is unlikely that any dinosaur ate them even though today the sloth and other animals like the parrot a descendant of the dinosaurs can eat poisonous leaves or fruit
train_29	646	1	 In fact, there is not one good thing to learn. Learning takes place in the experience between the learner and the knowledge presented.	in fact there is not one good thing to learn.learning takes place in the experience between the learner and the knowledge presented
train_30	735	1	 Permits must be reserved in advance. You must have a permit to stay overnight at Serena.	permits must be reserved in advance you must have a permit to stay overnight at sirena
train_31	355	0	 The blade on a modern ice skate has a double edge with a concave hollow between them. The two edges allow for a better grasp of the ice even when tilted.	the blade on a modern ice skate has a double edge with a concave hollow between them the two edges allow for a better grasp of the ice even when tilted
train_32	378	1	 The outer part we see when we look at the Sun is called the photosphere, which means ball of light.	the outer-part we see when we look at the sun is called the photosphere which means ball of light
train_33	230	1	 This theory contradicts the claim that the moon is completely devoid of geologic activity.	this theory contradicts the claim that the moon is completely devoid of geologic activity
train_34	458	0	 Another disadvantage of zoom lenses is that the maximum aperture, the speed of the lens is usually lower.	another disadvantage of zoom lenses is that the maximum aperture the speed of the lens is usually lower
train_35	889	1	 A couple of thousand staff live here in summer in some four dozen bases, mostly in those areas. A small number stay over winter.	a couple of thousand staff live here in summer in some four dozen bases mostly in those areas a small number stay over winter
train_36	464	1	 Unfortunately, when you make a DVD, its borders will most likely be cut too, and if the video had subtitles too close to the bottom, they won't be fully shown.	unfortunately when you make a dvd it's borders will most likely be cut too and if the video had subtitles too close to the bottom they won't be fully shown
train_37	1245	0	 Visibility may also be restricted by falling or blowing snow or by condensation or ice on vehicle windows.	visibility may also be restricted by falling or blowing snow or by condensation or ice on vehicle windows
train_38	516	1	 In essence, the Renaissance made a significant change in the approach to learning and the dissemination of knowledge.	in essence the renaissance made a significant change in the approach to learning and the dissemination of knowledge
train_39	1503	1	 Historically, most farmers were engaged in subsistence agriculture, and this is still the case in many developing nations.	historically most farmers were engaged in subsistence agriculture and this is still the case in many developing nations
train_40	270	1	 21-year-old Jesus joined Manchester City last year in January 2017 from Brazilian club Palmares for a reported fee of £27 million.	21-year-old jesus joined manchester city last year in january 2017 from brazilian club palmeiras for a reported fee of £27 million
train_41	521	0	 Some people believe that experiencing many artificially induced lucid dreams often enough can be very exhausting.	some people believe that experiencing many artificially induced lucid dreams often enough can be very exhausting
train_42	150	0	 Northern Rock had required support due to its exposure during the subprime mortgage crisis in 2007.	northern rock had required support due to its exposure during the subprime mortgage crisis in 2007
train_43	1145	1	 In the context of Romanticism, the geography molded individuals and over time, customs and culture related to that geography arose, and these, being in harmony with the place of the society, were better than arbitrarily imposed laws.	in the context of romanticism the geography molded individuals and over time customs and culture related to that geography arose and these being in harmony with the place of the society were better than arbitrarily imposed laws
train_44	1425	0	 Officials for the city of Amsterdam and the Anne Frank Museum state that the tree is infected with a fungus and poses a public health hazard as they argue that it was in imminent danger of falling over.	officials for the city of amsterdam and the anne frank museum state that the tree is infected with a fungus and poses a public health hazard as they argue that it was in imminent danger of falling over
train_45	1142	1	 We will endeavor to cut carbon dioxide emissions per unit of GDP by a notable margin by 2020 from the 2005 level, he said.	we will endeavour to cut carbon dioxide emissions per unit of gdp by a notable margin by 2020 from the 2005 level hu said
train_46	768	0	 Beijing will host the opening and closing ceremonies and the indoor ice events.	beijing will host the opening and closing ceremonies and the indoor ice events
train_47	440	1	 After the fire, the fortress was preserved and protected, remaining to be one of Butan's most sensational attractions.	after the fire the fortress was preserved and protected remaining to be one of bhutan's most sensational attractions
train_48	723	1	 Within a few short years following the arrival of European explorers, the population of Tannos had significantly been reduced by the Spanish conquerors.	within a few short years following the arrival of european explorers the population of tainos had significantly been reduced by the spanish conquerors
train_49	179	0	 Shortly after, the Atlanta Journal Constitution published a report showing problems with test results.	shortly after the atlanta journal-constitution published a report showing problems with test results
train_50	1179	0	 In 1885, after defeat in the first Sino-Japanese War , the Qing government signs the Treaty of Shimono-Seki by which cedes sovereignty over Taiwan to Japan, which rules the island until 1945.	in 1895 after defeat in the first sino-japanese war 1894-1895 the qing government signs the treaty of shimonoseki by which it cedes sovereignty over taiwan to japan which rules the island until 1945
train_51	891	0	 Occasional specialist air tours go inland for mountaineering or to reach the pole, which has a larger base.	occasional specialist air tours go inland for mountaineering or to reach the pole which has a large base
train_52	660	1	 While San Francisco's economy is linked to it being a world-class tourist attraction, its economy is diversified.	while san francisco's economy is linked to it being a world-class tourist attraction its economy is diversified
train_53	214	1	 At the time, nearly 100 residents were evacuated from the area.	at the time nearly 100 residents were evacuated from the area
train_54	1384	1	 The D-Day landings and the following battles had freed the north of France, but the south still wasn't free.	the d-day landings and the following battles had freed the north of france but the south still wasn't free
train_55	824	0	 It can be better to use an agent who frequently books similar trips to yours.	it can be better to use an agent who frequently books similar trips to yours
train_56	406	1	 Because of their success with submarines, after the war Germans aren't trusted to have many of them.	because of their success with submarines after the war germans aren't trusted to have many of them
train_57	253	0	 Leonov, also known as cosmonaut number 11, was part of the Soviet Union's original team of cosmonauts.	leonov also known as cosmonaut no 11 was part of the soviet union's original team of cosmonauts
train_58	1454	1	 The station's website describes the show as old-school radio theater with a new and outrageous geeky spin.	the station's web site describes the show as old school radio theater with a new and outrageous geeky spin
train_59	418	0	 The number of native speakers varies depending on whether or not very closely related dialects are counted.	the number of native speakers varies depending on whether or not very closely related dialects are counted
train_60	1447	1	 Dr. Tony Maul discovered the extremely drug-resistant tuberculosis, XTRTB, in the South African region, KwaZulu-Natal.	dr. tony moll discovered the extremely drug resistant tuberculosis xdr-tb in the south african region kwazulu-natal
train_61	340	1	 He was immediately attended to by the on-track medical staff and transported to a local hospital where he later died.	he was immediately attended to by the on-track medical staff and transported to a local hospital where he later died
train_62	1241	1	 summits include breathtaking views from peaks climbers from all parts of the world are continually establishing new routes amongst is endless potential of walls	summits include breath-taking views from peaks climbers from all parts of the world are continually establishing new routes amongst its endless potential of walls
train_63	1092	1	 It has a notably wide variety of plant communities due to its range of microclimates, differing soils and varying levels of altitude.	it has a notably wide variety of plant communities due to its range of microclimates differing soils and varying levels of altitude
train_64	572	0	 When the individual shows several variants of a particular trait, they are polymorphic.	when the individuals show several variants of a particular trait they are polymorphic
train_65	874	1	 If you're feeling more adventurous, take the opportunity to juice or blend up some smoothies.	if you're feeling more adventurous take the opportunity to juice or blend up some smoothies
train_66	761	1	 Joining such a network usually just requires filling out an online form, although some networks offer or require additional verification.	joining such a network usually just requires filling out an online form although some networks offer or require additional verification
train_67	1182	1	 After the results came in, Gingrich lauded Santorum but had tough words for Romney on whose behalf negative campaign advertisements were aired in Iowa against Gingrich.	after the results came in gingrich lauded santorum but had tough words for romney on whose behalf negative campaign advertisements were aired in iowa against gingrich
train_68	1082	0	 It can be made very thin and stuck onto other metal. It can be made so thin that it was sometimes used to decorate the hand-painted pictures in books called illuminated manuscripts.	it can be made very thin and stuck onto other metal it can be made so thin that it was sometimes used to decorate the hand-painted pictures in books called illuminated manuscripts
train_69	781	0	 This gives resolution almost four times that of a 35 millimeter negative. 3136 millimeters squared versus 864.	this gives resolution almost four times that of a 35 mm negative 3136 mm2 versus 864
train_70	946	0	 Vikings used erosion waterways to get to the Black Sea and Caspian Sea. Parts of these routes can still be used. Check possible need for special permits which may be difficult to get.	vikings used the russian waterways to get to the black sea and caspian sea parts of these routes can still be used check possible need for special permits which may be difficult to get
train_71	281	1	 Organizers of the protest said about 100,000 people turned up in German cities such as Berlin, Cologne, Hamburg and Hanover.	organisers of the protest said about 100,000 people turned up in german cities such as berlin cologne hamburg and hanover
train_72	415	0	 Sophocles and Aristophanes are still popular playwrights, and their plays are considered to be among the greatest works of world literature.	sophocles and aristophanes are still popular playwrights and their plays are considered to be among the greatest works of world literature
train_73	937	0	 Income tax is structured differently in different countries and the tax rates and brackets vary widely from one country to another.	income tax is structured differently in different countries and the tax rates and brackets vary widely from one country to another
train_74	133	1	 Christopher Garcia, a spokesperson of the Los Angeles Police Department, said the suspected male offender is being investigated for trespassing rather than vandalism.	christopher garcia a spokesperson of the los angeles police department said the suspected male offender is being investigated for trespassing rather than vandalism
train_75	665	1	 Traveling to Walt Disney World represents a major pilgrimage for many American families.	traveling to walt disney world represents a major pilgrimage for many american families
train_76	311	1	 A formal anniversary event was scheduled for a later date, officials said.	a formal anniversary event was scheduled for a later date officials said
train_77	697	0	 Due to the regional significance of the city and in particular the many sites of the old city area, Jerusalem is one of the main tourist destinations in Israel.	due to the religious significance of the city and in particular the many sites of the old city area jerusalem is one of the main tourist destinations in israel
train_78	1105	1	 The Great Pyramid was created to honor the Pharaoh Khufu and many of the smaller pyramids, tombs, and temples were built to honor Khufu's wives and family members.	the great pyramid was created to honor the pharaoh khufu and many of the smaller pyramids tombs and temples were built to honor khufu's wives and family members
train_79	1174	1	 Negotiators tried to rectify the situation, but the prisoners' demands are not clear.	negotiators tried to rectify the situation but the prisoners' demands are not clear
train_80	1372	0	 Its status declined during the 12th century mainly due to the fact that crusaders had returned bearing gifts such as silks and spices that were valued more than what Byzantine markets offered.	its status declined during the twelfth century mainly due to the fact that crusaders had returned bearing gifts such as silks and spices that were valued more than what byzantine markets offered
train_81	626	1	 The focus of this mindset is speed, logic, accuracy. Also identification of facts, reapplying existing techniques, and gathering information.	the focus of this mindset is speed logic and accuracy also identification of facts reapplying existing techniques gathering information
train_82	355	0	 The blade on a modern ice skate has a double edge with a concave hollow between them. The two edges allow for a better grasp of the ice even when tilted.	the blade on a modern ice skate has a double edge with a concave hollow between them the two edges allow for a better grasp of the ice even when tilted
train_83	1267	0	 I was moved every time we did a rehearsal on this from the bottom of my heart.	i was moved every time we did a rehearsal on this from the bottom of my heart
train_84	1490	1	 The show originally featured amateur voice actors local to East Texas.	the show originally featured amateur voice actors local to east texas
train_85	1121	1	 The Director of Public Prosecutions, Keir Starmer QC, gave a statement this morning announcing the prosecution of both Hoon and Price.	the director of public prosecutions kier starmer qc gave a statement this morning announcing the prosecution of both huhne and pryce
train_86	791	1	 They are regaling each other with stories from their hometowns, told in their distinct accents in local Argo.	they're regaling each other with stories from their hometowns told in their distinct accents and local argot
train_87	79	0	 Maru Shidor had finished on top of the ladder, six points clear of Noosa in second.	maroochydore had finished on top of the ladder six points clear of noosa in second
train_88	480	1	 This way you will tire yourself out as little as possible. Remember, there's no need to hit the keys with a lot of force for extra volume like on the piano.	this way you will tire yourself out as little as possible remember there's no need to hit the keys with a lot of force for extra volume like on the piano
train_89	838	0	 Many buildings are quite beautiful to look at and the view from a tall building or from a cleverly positioned window can be a beauty to behold.	many buildings are quite beautiful to look at and the view from a tall building or from a cleverly-positioned window can be a beauty to behold
train_90	555	1	 Products can be purchased as needed but most will have little or no real impact on performance.	products can be purchased as needed but most will have little or no real impact on performance
train_91	1237	0	 In an adoption, the birth parents terminate their parental rights so that another couple may parent the child.	in an adoption the birth parents terminate their parental rights so that another couple may parent the child
train_92	1350	1	 The definition has geographic variations, where the age limit might be shorter in places such as North America than in Europe.	the definition has geographic variations where the age limit might be shorter in places such as north america than in europe
train_93	1142	0	 We will endeavor to cut carbon dioxide emissions per unit of GDP by a notable margin by 2020 from the 2005 level, Hu said.	we will endeavour to cut carbon dioxide emissions per unit of gdp by a notable margin by 2020 from the 2005 level hu said
train_94	2	0	 Lead researchers say this may bring early detection of cancer, tuberculosis, HIV and malaria to patients in low-income countries where the survival rate for illnesses such as breast cancer can be above those of richer countries.	lead researchers say this may bring early detection of cancer tuberculosis hiv and malaria to patients in low-income countries where the survival rates for illnesses such as breast cancer can be half those of richer countries
train_95	272	0	 Dr. Lee also expressed his concern about reports that children in Turkey have now become infected with the AH5N1 avian influenza virus without becoming ill.	dr. lee also expressed his concern about reports that children in turkey have now become infected with the ah5n1 avian influenza virus without becoming ill
train_96	1434	1	 Later reports then stated that the plane received a bomb threat and was diverted back to Afghanistan, landing in Kandahar.	later reports then stated the plane received a bomb threat and was diverted back to afghanistan landing in kandahar
train_97	732	1	 For those who enjoy outdoor activities, a trek up to Sea to Sky Corridor is essential.	for those who enjoy outdoor activities a trek up the sea to sky corridor is essential
train_98	655	1	 Crime and ill will toward foreigners in general is virtually unknown in Greenland. Even in the towns there are no rough areas.	crime and ill-will toward foreigners in general is virtually unknown in greenland even in the towns there are no rough areas
train_99	619	1	 Individuals who had been involved for several decades helped us appreciate our strengths and passions while candidly assessing difficulties and even failures.	individuals who had been involved for several decades helped us appreciate our strengths and passions while candidly assessing difficulties and even failures
train_100	927	1	 If using a drone, check well in advance as to what you are allowed to film and what permits or additional licensing are required.	if using a drone check well in advance as to what you are allowed to film and what permits or additional licensing are required
train_101	613	1	 Music is often recorded using sophisticated computers to process and mix sounds together.	music is often recorded using sophisticated computers to process and mix sounds together
train_102	811	1	 Canyoning combines elements from swimming, climbing, and jumping, but requires relatively little training or physical shape to get started, compared to rock climbing, scuba diving, or alpine skiing, for example.	canyoning combines elements from swimming climbing and jumping--but requires relatively little training or physical shape to get started compared to rock climbing scuba diving or alpine skiing for example
train_103	807	1	 High-end brand name frames available in such areas may have two problems. Some may be knock-offs and the real important ones may be more expensive than at home.	high-end brand-name frames available in such areas may have two problems some may be knock-offs and the real imported ones may be more expensive than at home
train_104	16	0	 Panama Papers is an umbrella term for roughly 10 million documents from Panamanian law firm Mossack Finesco leaked to the press in spring 2016.	panama papers is an umbrella term for roughly ten million documents from panamanian law firm mossack fonseca leaked to the press in spring 2016
train_105	1237	0	 In an adoption, the birth parents terminate their parental rights so that another couple may parent the child.	in an adoption the birth parents terminate their parental rights so that another couple may parent the child
train_106	952	0	 You should choose your frequent flyer airline in an alliance carefully.	you should choose your frequent flyer airline in an alliance carefully
train_107	324	0	 Tropical storm Danielle, fourth named storm of the 2010 Atlantic hurricane season, has formed in the eastern Atlantic Ocean.	tropical storm danielle fourth named storm of the 2010 atlantic hurricane season has formed in the eastern atlantic ocean
train_108	460	0	 One of the most common problems when trying to convert a movie to DVD is the overscan.	one of the most common problems when trying to convert a movie to dvd format is the overscan
train_109	749	0	 The setting might be an historic old building with antique furnishings, manicured grounds, and a swimming pool.	the setting might be an historic old building with antique furnishings manicured grounds and a swimming pool
train_110	1407	0	 Duty-free shopping is the opportunity to buy goods exempted from taxes and excises at certain locations.	duty free shopping is the opportunity to buy goods exempted from taxes and excises at certain locations
train_111	229	1	 These carps were found all over the moon and appear to be minimally weathered, indicating that the geologic events that created them were fairly recent.	these scarps were found all over the moon and appear to be minimally weathered indicating that the geologic events that created them were fairly recent
train_112	1343	1	 Moreover, failure to do so has serious consequences, growth, depression, malnutrition, and ultimately death.	moreover failure to do so has serious consequences growth depression malnutrition and ultimately death
train_113	361	1	 The next picture shows the atoms emitting photons. Of course, in reality, photons are a lot smaller than those in the picture.	the next picture shows the atoms emitting photons of course in reality photons are a lot smaller than those in the picture
train_114	1405	1	 However, a nationwide road network is not economically viable for just a handful of cars, so new methods of production are developed to reduce the cost of car ownership.	however a nationwide road network is not economically viable for just a handful of cars so new methods of production are developed to reduce the cost of car ownership
train_115	518	1	 The chimpanzee's hand and foot are similar in size and length, reflecting the hand's use for bearing weight in knuckle walking.	the chimpanzee's hand and foot are similar in size and length reflecting the hand's use for bearing weight in knuckle walking
train_116	411	1	 The invention of spoke wheels made Assyrian chariots lighter, faster, and better prepared to outrun soldiers and other chariots.	the invention of spoke wheels made assyrian chariots lighter faster and better prepared to outrun soldiers and other chariots
train_117	1391	1	 Her other race, the Giants La Lomme, saw her finish in 10th in the women's sitting group with a combined run time of 4 hours 41 minutes and 30 seconds, 2 hours 11 minutes and 60 seconds slower than first place finisher Austrian Claudia Loesch and one of the best runners in the world.	her other race the giant slalom saw her finish in tenth in the women's sitting group with a combined run time of 4:41.30 2:11.60 minutes slower than first place finisher austrian claudia loesch and 1:09.02 minutes slower than the ninth place finisher gyöngyi dani of hungary
train_118	984	1	 Bird flu, or more formally avian influenza, can infect both birds and mammals.	bird flu or more formally avian influenza can infect both birds and mammals
train_119	1044	0	 The area is also home to an extremely wide variety of animal and bird species.	the area is also home to an extremely wide variety of animal and bird species
train_120	87	0	 The amount and thickness of the pack ice, according to Pitman, is the worst it has been for sealers in the past 15 years.	the amount and thickness of the pack ice according to pittman is the worst it has been for sealers in the past 15 years
train_121	1172	1	 Such children are called feral or wild. Some feral children have been confined by people, usually their own parents. In some cases, this child abandonment was due to the parent's reduction of a child's severe intellectual or physical impairment.	such children are called feral or wild. some feral children have been confined by people usually their own parents; in some cases this child abandonment was due to the parents' rejection of a child's severe intellectual or physical impairment
train_122	557	1	 The atom can be considered to be one of the fundamental building blocks of all matter.	the atom can be considered to be one of the fundamental building blocks of all matter
train_123	88	1	 News spread in the Red Lake community today as funerals for Jeff Wise and three of the nine victims were held that another student was arrested in connection with the school shootings of March 21st.	news spread in the red lake community today as funerals for jeff weise and three of the nine victims were held that another student was arrested in connection with the school shootings of march 21
train_124	888	0	 Tourist visits are costly, demand physical fitness, can only take place in summer November to February, and are largely limited to the Peninsula Islands and Ross Sea.	tourist visits are costly demand physical fitness can only take place in summer nov-feb and are largely limited to the peninsula islands and ross sea
train_125	859	1	 This includes waiting in line as drug sniffing dogs could be used at any time without notice.	this includes waiting in line as drug-sniffing dogs could be used at any time without notice
train_126	794	1	 In some countries or types of stores, there are at least one on-site restaurant, often a rather informal one with affordable prices.	in some countries or types of stores there is at least one on-site restaurant often a rather informal one with affordable prices
train_127	1347	1	 Sort of like rolling a heavy cart up a hill, splitting the nucleus up again then releases some of that energy.	sort of like rolling a heavy cart up a hill splitting the nucleus up again then releases some of that energy
train_128	471	1	 The balance of power was a system in which European nations sought to maintain the national sovereignty of all European states.	the balance of power was a system in which european nations sought to maintain the national sovereignty of all european states
train_129	634	1	 He would need to be judged differently if he had lost his car keys and it was his own car that he was trying to break into.	he would need to be judged differently if he had lost his car keys and it was his own car that he was trying to break into
train_130	1268	1	 Airlines know well that there is a certain core group of flyers who are willing to pay top dollar for the privilege of getting somewhere fast and in comfort and charge accordingly.	airlines know well that there is a certain core group of flyers who are willing to pay top dollar for the privilege of getting somewhere fast and in comfort and charge accordingly
train_131	463	1	 This is made to ensure that the image covers the whole screen. That is called overscan.	this is made to ensure that the image covers the whole screen that is called overscan
train_132	1001	1	 Vatican City uses Italian in its legislation and official communications.	vatican city uses italian in its legislation and official communications
train_133	605	1	 Although its physical state may change, its chemical state remains the same.	although its physical state may change its chemical state remains the same
train_134	743	0	 Though smaller, it reminds some elderly visitors of Hawaii before statehood without all the large tourist hotels and other development.	though smaller it reminds some elderly visitors of hawaii before statehood without all the large tourist hotels and other development
train_135	644	1	 Students can also submit questions to instructors at any time of day and expect reasonably quick responses, rather than waiting until the next face-to-face meeting.	students can also submit questions to instructors at any time of day and expect reasonably quick responses rather than waiting until the next face-to-face meeting
train_136	1028	1	 It is reported that some 9,400 homes in the region are without water and approximately 100 without electricity.	it is reported that some 9400 homes in the region are without water and approximately 100 without electricity
train_137	473	1	 The War of Spanish Succession marked the first war whose central issue was the balance of power.	the war of spanish succession marked the first war whose central issue was the balance of power
train_138	487	1	 Sikhs consider their faith to be a separate religion from Hinduism, though they acknowledge its Hindu roots and traditions.	sikhs consider their faith to be a separate religion from hinduism though they acknowledge its hindu roots and traditions
train_139	1349	0	 Efforts such for this crash site are being met by bad weather and harsh terrain.	efforts to search for the crash site are being met by bad weather and harsh terrain
train_140	684	1	 On the other hand, it is precisely because the volume of water is so high that your viewing of the actual falls would be obscured, all by the water.	on the other hand it is precisely because the volume of water is so high that your viewing of the actual falls will be obscured-by all the water
train_141	916	1	 Some of the applications in this category can even translate texts in foreign languages on signs or other objects in the real world when the user points the smartphone towards those objects.	some of the applications in this category can even translate texts in foreign languages on signs or other objects in the real world when the user points the smartphone towards those objects
train_142	1177	1	 Today, Timbuktu is an impoverished town, although its reputation makes it a tourist attraction and it has an airport.	today timbuktu is an impoverished town although its reputation makes it a tourist attraction and it has an airport
train_143	1165	0	 Historians have criticized past FBI policies for focusing resources on cases which are easy to solve, especially stolen car cases, with the intent of boosting the agency's success rate.	historians have criticized past fbi policies for focusing resources on cases which are easy to solve especially stolen car cases with the intent of boosting the agency's success rate
train_144	531	1	 Golf is a game in which players use clubs to hit balls into holes.	golf is a game in which players use clubs to hit balls into holes
train_145	67	1	 After it became apparent that many families were seeking legal help to fight the evictions, a meeting was held on March 20 at the East Bay Community Law Center for the victims of the housing scam.	after it became apparent that many families were seeking legal help to fight the evictions a meeting was held on march 20 at the east bay community law center for the victims of the housing scam
train_146	1493	1	 This was more like the four states of matter in the same order, solid, liquid, gas, and plasma, though we also theorize that they change into new substances to form what we see.	this was more like the four states of matter in the same order: solid liquid gas and plasma though he also theorised that they change into new substances to form what we see
train_147	970	0	 Part of his charm is the lack of visible corporate development. Passes, trains and boats connect the villages and cars cannot reach them from the outside.	part of its charm is the lack of visible corporate development paths trains and boats connect the villages and cars cannot reach them from the outside
train_148	917	1	 The translation edges have improved dramatically and now often give more or less correct translations and more seldom gibberish, but some care is due as they still may have gotten it all wrong.	the translation engines have improved dramatically and now often give more or less correct translations and more seldom gibberish but some care is due as they still may have gotten it all wrong
train_149	269	0	 This is the first time a conviction has been gained using the legislation enacted in 2003 to curb bulk email aka spam from unsolicited distribution into users' mailboxes.	this is the first time a conviction has been gained using the legislation enacted in 2003 to curb bulk e-mail aka spam from unsolicited distribution into users mailboxes
train_150	46	1	 On September 24, 1759, Arthur Guinness signed a 9,000 year lease for the St. James Gate Brewery in Dublin, Ireland.	on september 24 1759 arthur guinness signed a 9,000 year lease for the st james' gate brewery in dublin ireland
train_151	989	0	 In Rogaland and Agder, they are usually called hay, meaning a treeless moorland often covered in heather.	in rogaland and agder they are usually called hei meaning a treeless moorland often covered in heather
train_152	220	1	 2004 Olympic silver medalist Amir Khan said, Deep down, I think women shouldn't fight. That's my opinion.	2004 olympic silver medallist amir khan said deep down i think women shouldn't fight that's my opinion
train_153	396	0	 However, very few Royal Navy ships were based near the likely invasion routes as the admirals were afraid they would be sunk by German air attack.	however very few royal navy ships were based near the likely invasion routes as the admirals were afraid they would be sunk by german air attack
train_154	1185	0	 You can also have alloys that include small amounts of non-metallic elements like carbon.	you can also have alloys that include small amounts of non-metallic elements like carbon
train_155	1021	0	 Also blogging forces students to become more savvy about the world around them. The need to feed the interest of the audience inspires students to be clever and interesting. Toto, 2004	also blogging forces students to become more savvy about the world around them. the need to feed the interest of the audience inspires students to be clever and interesting toto 2004
train_156	130	0	 The city will be the first in Southeastern Europe to host Cal Parade, the world's largest public art event between June and August this year.	the city will be the first in southeastern europe to host cowparade the world's largest public art event between june and august this year
train_157	971	1	 The varieties of French which are spoken in Belgium and Switzerland differ slightly from the French spoken in France, though they are similar enough to be mutually intelligible.	the varieties of french which are spoken in belgium and switzerland differ slightly from the french spoken in france though they are similar enough to be mutually intelligible
train_158	1196	0	 The Guarani were the most significant indigenous group inhabiting what is now eastern Paraguay, living as semi-nomadic hunters who also practiced subsistence agriculture.	the guaraní were the most significant indigenous group inhabiting what is now eastern paraguay living as semi-nomadic hunters who also practised subsistence agriculture
train_159	299	1	 A change was made this legislative session when the second sentence was deleted first by the House of Representatives and then was passed in a similar form by the Senate Monday.	a change was made this legislative session when the second sentence was deleted first by the house of representatives and then was passed in a similar form by the senate monday
train_160	1213	1	 Even traditionally though, not all Sami have been involved in big scale reindeer husbandry, but lived from fishing, hunting, and similar, having reindeer mostly as draft animals.	even traditionally though not all sámi have been involved in big scale reindeer husbandry but lived from fishing hunting and similar having reindeer mostly as draft animals
train_161	491	0	 Although in the end Khrushchev sent in tanks to restore order, he did give way to some economic demands and agreed to appoint the popular Wladyslaw Gomułka as the new prime minister.	although in the end krushchev sent in tanks to restore order he did give way to some economic demands and agreed to appoint the popular wladyslaw gomulka as the new prime minister
train_162	741	1	 It is an archipelago with 15 islands spread out over 2.2 million square kilometers of ocean.	it is an archipelago with 15 islands spread out over 2.2 million km2 of ocean
train_163	876	0	 If you live in a city with a varied drinking culture, go to bars or pubs in neighborhoods you don't frequent.	if you live in a city with a varied drinking culture go to bars or pubs in neighborhoods you don't frequent
train_164	1315	1	 Winter sports are most popular in the northern regions, with Italians competing in international games and Olympic events.	winter sports are most popular in the northern regions with italians competing in international games and olympic events
train_165	115	0	 It is the biggest acquisition in ebase history	it is the biggest acquisition in ebay's history
train_166	1449	0	 He cave itself which survived the times gives a very vivid image of Muhammad's spiritual inclinations.	he cave itself which survived the times gives a very vivid image of muhammad's spiritual inclinations
train_167	538	1	 If the objective of one's visit to a particular place is to get to know its history and culture, then this type of tourism is known as cultural tourism.	if the objective of one's visit to a particular place is to get to know its history and culture then this type of tourism is known as cultural tourism
train_168	1287	1	 There are also a few buses giving birth to Hebron, the traditional burial place of the biblical patriarchs Abraham, Isaac, Jacob, and their wives.	there are also a few buses going north to hebron the traditional burial place of the biblical patriarchs abraham isaac jacob and their wives
train_169	437	0	 The Drukyal Dzong is a ruined fortress and Buddhist monastery in the upper part of the Paro district in Fande village.	the drukgyal dzong is a ruined fortress and buddhist monastery in the upper part of the paro district in phondey village
train_170	917	1	 The translation engines have improved dramatically and now often give more or less correct translations and more seldom givers. But some carers do as they still may have gotten it all wrong.	the translation engines have improved dramatically and now often give more or less correct translations and more seldom gibberish but some care is due as they still may have gotten it all wrong
train_171	169	1	 Accompanied by those officials, he assured Texas citizens that steps were being taken to protect the public's safety.	accompanied by those officials he assured texas citizens that steps were being taken to protect the public's safety
train_172	454	1	 Interactive design requires that components of a project connect to each other, but also make sense as a separate entity.	interactive design requires that components of a project connect to each other but also make sense as a separate entity
train_173	1135	1	 The first public readings of the document was by John Nixon in the Yard of Independence Hall on July 8th.	the first public reading of the document was by john nixon in the yard of independence hall on july 8
train_174	1206	0	 According to the lawsuit, waste from the UN camp was not properly sanitized, causing bacteria to enter the tributary of the Ardibonite River, one of Haiti's largest.	according to the lawsuit waste from the un camp was not properly sanitized causing bacteria to enter the tributary of the artibonite river one of haiti's largest
train_175	421	0	 Around the 15th century, Northern Estonia was under great cultural influence of Germany.	around the 15th century northern estonia was under great cultural influence of germany
train_176	1007	1	 Sub-assistance agriculture is agriculture carried out for the production of enough food to meet just the needs of the agriculturist and his or her family.	subsistence agriculture is agriculture carried out for the production of enough food to meet just the needs of the agriculturalist and his/her family
train_177	1113	0	 After officials verify the voter's identity, the voter drops the envelope into the ballot box and signs the voting roll.	after officials verify the voter's identity the voter drops the envelope into the ballot box and signs the voting roll
train_178	502	1	 Children develop an awareness of race and racial stereotypes quite young, and these racial stereotypes affect behavior.	children develop an awareness of race and racial stereotypes quite young and these racial stereotypes affect behavior
train_179	93	1	 Diplomats said that they had found enough ambiguity in the Afghan constitution to determine the runoff as unnecessary.	diplomats said that they had found enough ambiguity in the afghan constitution to determine the runoff as unnecessary
train_180	1388	1	 Singer Sanju Sharma started the evening followed by J. Shankar Choudhury, assented the Chappan Bhag Bhajan as well. Singer Raju Khandeval was accompanying him.	singer sanju sharma started the evening followed by jai shankar choudhary esented the chhappan bhog bhajan as well singer raju khandelwal was accompanying him
train_181	1262	0	 The cities of Harappa and Mohenjo-daro had a flush toilet in almost every house attached to a sophisticated sewage system.	the cities of harappa and mohenjo-daro had a flush toilet in almost every house attached to a sophisticated sewage system
train_182	413	0	 A cavalry is an army that fights on horseback. The saddle had not yet been invented, so the Assyrian cavalry fought on the bare backs of their horses.	a cavalry is an army that fights on horseback the saddle had not yet been invented so the assyrian cavalry fought on the bare backs of their horses
train_183	734	1	 In the winter, enjoy some of the best skiing in North America and in the summer, try some authentic mountain biking.	in the winter enjoy some of the best skiing in north america and in the summer try some authentic mountain biking
train_184	689	1	 Visitors with limited time would be best to spend their time elsewhere.	visitors with limited time would be best to spend their time elsewhere
train_185	57	0	 If it becomes commercial, we should have it. That is, there is no in principle objection to nuclear energy, Mr. Costello said.	if it becomes commercial we should have it that is there's no in-principle objection to nuclear energy mr costello said
train_186	890	1	 Inland Antarctica is a desolate plateau covered by 2-3 km of ice.	inland antarctica is a desolate plateau covered by 2-3 km of ice
train_187	5	0	 Local media reports an airport fire vehicle rolled over while responding.	local media reports an airport fire vehicle rolled over while responding
train_188	54	0	 The hearing also marks the date for the suspect's right to a speedy trial.	the hearing also marks the date for the suspect's right to a speedy trial
train_189	443	0	 In the last years of the 18th century, the Vietnamese also invaded Cambodia.	in the last years of the 18th century the vietnamese also invaded cambodia
train_190	1256	1	 Please remember that you are essentially visiting a mass grave site as well as a site that has an almost incalculable meaning to a significant portion of the world's population.	please remember that you are essentially visiting a mass grave site as well as a site that has an almost incalculable meaning to a significant portion of the world's population
train_191	670	1	 Any camping below the rim in Grand Canyon requires a backcountry permit.	any camping below the rim in grand canyon requires a backcountry permit
train_192	913	1	 There is no known requirement that you obtain a local number from the community in which you live. You can obtain a satellite internet connection in the wilds of Chicken, Alaska and select a number which claims you're in sunny Arizona.	there is also no requirement that you obtain a local number from the community in which you live you can obtain a satellite internet connection in the wilds of chicken alaska and select a number which claims you're in sunny arizona
train_193	582	1	 Tornadoes strike a small area compared to other violent storms, but they can destroy everything in their path.	tornadoes strike a small area compared to other violent storms but they can destroy everything in their path
train_194	152	1	 In 2010, while nationalized, the current high-streak bank Northern Rock Place was split from the bad bank Northern Rock Asset Management.	in 2010 while nationalised the current high street bank northern rock plc was split from the ‘bad bank’ northern rock asset management
train_195	717	1	 Before the Spanish arrived in the 16th century, northern Chile was under Inca rule while the indigenous Arrucans, Mapache, inhabited central and southern Chile.	before the spanish arrived in the 16th century northern chile was under inca rule while the indigenous araucanians mapuche inhabited central and southern chile
train_196	1326	0	 In 1989, he helped created the seafronts with Brooks and Groening and was responsible for hiring the show's first writing team.	in 1989 he helped create the simpsons with brooks and groening and was responsible for hiring the show's first writing team
train_197	41	0	 John Grant from WNED Buffalo, Reading Rainbow's home station, said, Reading Rainbow taught kids how to read, the love of reading, and sure encouraged kids to pick up a book and to read.	john grant from wned buffalo reading rainbow's home station said reading rainbow taught kids why to read,... the love of reading — [the show] encouraged kids to pick up a book and to read.
train_198	486	1	 Sikhism is a religion from the Indian subcontinent. It originated in the Punjab region during the 15th century from a sectarian split within the Hindu tradition.	sikhism is a religion from the indian sub-continent it originated in the punjab region during the 15th century from a sectarian split within the hindu tradition
train_199	562	0	 You need to notice the victim's position as you approach him or her and any automatic red flags.	you need to notice the victim's position as you approach him or her and any automatic red flags
train_200	1452	0	 One of the main Christian tenets is that wealth should be used to alleviate suffering and poverty and that the monetary funds of the church are there specifically for that reason.	one of the main christian tenets is that wealth should be used to alleviate suffering and poverty and that the monetary funds of the church are there specifically for that reason
train_201	1039	1	 All I say to people is you treat us the way we treat you.	all i say to people is you treat us the way we treat you
train_202	182	1	 The Irish government is stressing the urgency of parliamentary registration to rectify the situation.	the irish government is stressing the urgency of parliamentary legislation to rectify the situation
train_203	1431	1	 The rise of new technologies allows us to see and investigate brain structures and processes never seen before.	the rise of new technologies allows us to see and investigate brain structures and processes never seen before
train_204	293	0	 Dark clouds unrelated to any volcanic activity were reported at the base of the mountain.	dark clouds unrelated to any volcanic activity were reported at the base of the mountain
train_205	11	1	 Around 1129, the protests moved up Whitehall, past Trafalgar Square, along the Strand, passing by Aldwych and up Kingsway, towards Holborn, where the Conservative Party were holding their Spring Forum in the Grand Connaught Rooms Hotel.	around 11:29 the protest moved up whitehall past trafalgar square along the strand passing by aldwych and up kingsway towards holborn where the conservative party were holding their spring forum in the grand connaught rooms hotel
train_206	693	0	 The Angkor Pass is needed to enter the temple so do not forget to bring your passport along when heading to Thang Lai Sap.	the angkor pass is needed to enter the temple so do not forget to bring your passport along when heading to tonle sap
train_207	1396	1	 The researchers observed crystals formed in cat urine by the addition of melamine and cyanuric acid.	the researchers observed crystals formed in cat urine by the addition of melamine and cyanuric acid
train_208	682	0	 In the rainy season, November to March, the water volume will be higher and the falls will be more dramatic.	in the rainy season november to march the water volume will be higher and the falls will be more dramatic
train_209	962	0	 In 1994, the ethnically Armenian Nagorno-Karabakh region of Azerbaijan waged war against the Azeris.	in 1994 the ethnically armenian nagorno-karabakh region of azerbaijan waged war against the azeris
train_210	1109	0	 The high middle ages were preceded by the early middle ages and followed by the late middle ages, which by conventional ends around 1500.	the high middle ages were preceded by the early middle ages and followed by the late middle ages which by convention ends around 1500
train_211	1329	1	 Siminoff said sales boosted after his 2013 appearance in a Shark Tank episode where the show panel declined funding the startup.	siminoff said sales boosted after his 2013 appearance in a shark tank episode where the show panel declined funding the startup
train_212	1267	1	 I was moved every time we did rehearsal on this from the bottom of my heart.	i was moved every time we did a rehearsal on this from the bottom of my heart
train_213	626	0	 The focus of this mindset is speed, logic, and accuracy, also identification of facts, reapplying existing techniques, gathering information.	the focus of this mindset is speed logic and accuracy also identification of facts reapplying existing techniques gathering information
train_214	645	0	 The postmodern approach to learning offers the freedom from absolutes. There is no one good way to learn.	the postmodern approach to learning offers the freedom from absolutes there is no one good way to learn
train_215	1102	0	 The best indication of internal poisoning may be the presence of an open container of medication or toxic household chemicals.	the best indication of internal poisoning may be the presence of an open container of medication or toxic household chemicals
train_216	448	1	 In 1981, Evanda Miss Joaquim, an orchid hybrid, was chosen as the nation's national flower.	in 1981 vanda miss joaquim an orchid hybrid was chosen as the nation's national flower
train_217	130	0	 The city will be the first in southeastern Europe to host Cow Parade, the world's largest public art event, between June and August this year.	the city will be the first in southeastern europe to host cowparade the world's largest public art event between june and august this year
train_218	837	1	 Architecture is concerned with the design and construction of buildings. The architecture of a place is often a tourist attraction in its own right.	architecture is concerned with the design and construction of buildings the architecture of a place is often a tourist attraction in its own right
train_219	459	1	 This makes inexpensive zoom lenses hard to use in low light conditions without a flash.	this makes inexpensive zoom lenses hard to use in low-light conditions without a flash
train_220	965	1	 The canal district, Dutch Grachtencordel, is the famous 17th century district surrounding the Binnenstad of Amsterdam.	the canal district dutch: grachtengordel is the famous 17th-century district surrounding the binnenstad of amsterdam
train_221	314	1	 Carnot is a well-known but controversial English tutor who taught under modern education and King's glory, who claimed to have 9,000 students at the peak of his career.	karno is a well-known but controversial english tutor who taught under modern education and king's glory who claimed to have 9,000 students at the peak of his career
train_222	113	0	 Mr. Rudd's decision to sign the Kyoto Climate Accord isolates the United States, which will now be the only developed nation not to ratify the agreement.	mr rudd's decision to sign the kyoto climate accord isolates the united states which will now be the only developed nation not to ratify the agreement
train_223	338	1	 Peter Lins, a 13 year old motorcycle racer, has died after being involved in a crash at the Indianapolis Motor Speedway.	peter lenz a 13-year-old motorcycle racer has died after being involved in a crash at the indianapolis motor speedway
train_224	1480	0	 The Iraq Study Group presented its report at 12.00 GMT today.	the iraq study group presented its report at 12.00 gmt today
train_225	1090	0	 The sometimes violent protests were triggered by failure to hold elections, some due since 2011.	the sometimes-violent protests were triggered by failure to hold elections some due since 2011
train_226	1266	0	 Though many of the animals in the park are used to seeing humans, the wildlife is nonetheless wild and should not be feared or disturbed.	though many of the animals in the park are used to seeing humans the wildlife is nonetheless wild and should not be fed or disturbed
train_227	401	0	 Now for Japan. Japan was an island country just like Britain.	now for japan japan was an island country just like britain
train_228	1197	1	 Goma is a tourist city of the Democratic Republic of Congo in the extreme east near Rwanda.	goma is a tourist city of the democratic republic of congo in the extreme east near rwanda
train_229	137	1	 The algae produces a neurotoxin that can disable nerves in both humans and fish.	the algae produces a neurotoxin that can disable nerves in both humans and fish
train_230	21	0	 Haseya implied during the election that Ma might flee the country during a time of crisis.	hsieh implied during the election that ma might flee the country during a time of crisis
train_231	704	1	 Tours are cheaper for larger groups, so if you're by yourself or with just one friend, try to meet other people and form a group of four to six for a better per-person rate.	tours are cheaper for larger groups so if you're by yourself or with just one friend try to meet other people and form a group of four to six for a better per-person rate
train_232	412	1	 Arrows from their deadly crossbows could penetrate the armor of rival soldiers. About 1000 BC, the Assyrians introduced the first cavalry.	arrows from their deadly crossbows could penetrate the armor of rival soldiers about 1000 b.c. the assyrians introduced the first cavalry
train_233	1190	1	 Several Bishkek residents blamed protesters from the south for the lawlessness.	several bishkek residents blamed protesters from the south for the lawlessness
train_234	994	1	 However, they have a different kind of beauty and charm during winter, with many hill stations receiving healthy amounts of snow and offering activities such as skiing and snowboarding.	however they have a different kind of beauty and charm during winter with many hill stations receiving healthy amounts of snow and offering activities such as skiing and snowboarding
train_235	1429	1	 Why do transportation systems engineer such complaints? Why do they fail on a daily basis? Are transportation engineers just incompetent or is something more fundamental going on?	why do transportation systems engender such complaints why do they fail on a daily basis are transportation engineers just incompetent or is something more fundamental going on
train_236	910	0	 In fact, region codes have absolutely no effect on illegal copying. A bit-for-bit copy of a disc will play just fine on any device where the original will.	in fact region codes have absolutely no effect on illegal copying a bit-for-bit copy of a disk will play just fine on any device where the original will
train_237	66	1	 Protesters hope to collect a petition of 1.2 million signatures to present to the National Congress in November.	protesters hope to collect a petition of 1.2 million signatures to present to the national congress in november
train_238	151	1	 Sir Richard Branson's Virgin Group had a bid for the bank rejected prior to the bank's nationalization.	sir richard branson's virgin group had a bid for the bank rejected prior to the bank's nationalisation
train_239	709	1	 Stone steps are laid along most of the path and in the steeper sections steel cables provide a supporting handrail.	stone steps are laid along most of the path and in the steeper sections steel cables provide a supporting handrail
train_240	695	0	 The ancient city in the Judean hills has a fascinating history spanning thousands of years.	the ancient city in the judean hills has a fascinating history spanning thousands of years
train_241	63	1	 Brazil is the largest Roman Catholic country on earth and the Roman Catholic Church has consistently opposed the legalization of same-sex marriage in the country.	brazil is the largest roman catholic country on earth and the roman catholic church has consistently opposed the legalization of same-sex marriage in the country
train_242	467	1	 But is our imagination based on reality? Why are castles built in the first place? How were they designed and built?	but is our imagination based on reality why were castles built in the first place how were they designed and built
train_243	1045	1	 In the manner that Paris is known as the fashion capital of the contemporary world, Constantinople was regarded as the fashion capital of feudal Europe.	in the manner that paris is known as the fashion capital of the contemporary world constantinople was regarded as the fashion capital of feudal europe
train_244	999	0	 But regardless of his discovery, Eskimo tribes were already living there at the time.	but regardless of his discovery eskimo tribes were already living there at the time
train_245	804	0	 Illegal spirits can contain various dangerous impurities including methanol which can cause blindness or death even in small doses.	illegal spirits can contain various dangerous impurities including methanol which can cause blindness or death even in small doses
train_246	1088	0	 It was to last for the next 40 years and would be fought for real by proxy armies on battleship fields from Africa to Asia, in Afghanistan, Cuba and many other places.	it was to last for the next 40 years and would be fought for real by proxy armies on battlefields from africa to asia in afghanistan cuba and many other places
train_247	1492	1	 French electoral law rather strictly codifies the proceedings.	french electoral law rather strictly codifies the proceedings
train_248	1485	1	 Despite leaving the show in 1993, he kept the title of executive producer and continued to receive tens of millions of dollars every season in royalties.	despite leaving the show in 1993 he kept the title of executive producer and continued to receive tens of millions of dollars every season in royalties
train_249	1009	1	 The only way to get it through faster was to send it as checked luggage. Airline regulations will not allow them to send luggage without a passenger, which is where you come in.	the only way to get it through faster was to send it as checked luggage airline regulations will not allow them to send luggage without a passenger which is where you come in
train_250	1293	1	 Parisians abrupt exteriors will rapidly evaporate if you display some basic courtesies.	parisians' abrupt exteriors will rapidly evaporate if you display some basic courtesies
train_251	457	0	 This has allowed zoom lenses to produce pictures of a quality comparable to that achieved by lenses with fixed focal length.	this has allowed zoom lenses to produce pictures of a quality comparable to that achieved by lenses with fixed focal length
train_252	43	1	 The storm, situated about 645 miles west of the Cape Verde Islands, is likely to dissipate before threatening any land areas, forecasters say.	the storm situated about 645 miles 1040 km west of the cape verde islands is likely to dissipate before threatening any land areas forecasters say
train_253	687	0	 Anyone interested in seeing evidence of the damage to the mummy, Dundurag attempts to remove it from the coffin, will be disappointed as only the head and shoulders are visible.	anyone interested in seeing evidence of the damage to the mummy done during attempts to remove it from the coffin will be disappointed as only the head and shoulders are visible
train_254	371	0	 These plants look like a small palm tree with a crown of sharp spiky leaves.	these plants look like a small palm tree with a crown of sharp spiky leaves
train_255	1015	1	 NASA's Shuttle Program Chief N. Wayne Hale Jr. said the foam had fallen after the time we are concerned about it.	nasa's shuttle program chief n wayne hale jr said the foam had fallen after the time we are concerned about
train_256	433	1	 Luxembourg has a long history but its independence dates from 1839.	luxembourg has a long history but its independence dates from 1839
train_257	75	1	 Moreover, top judge Evangelos Kalouis is imprisoned as he found guilty of corruption and degenerate behavior.	moreover top judge evangelos kalousis is imprisoned as he found guilty of corruption and degenerate behaviour
train_258	919	0	 Using GPS navigation apps on your smartphone can be the easiest and most convenient way to navigate when out of your home country.	using gps navigation apps on your smartphone can be the easiest and most convenient way to navigate when out of your home country
train_259	694	0	 Jerusalem is the capital and largest city of Israel, though most other countries and the United Nations do not recognize it as Israel's capital.	jerusalem is the capital and largest city of israel though most other countries and the united nations do not recognize it as israel's capital
train_260	592	1	 Maybe one day your great-grandchildren will be standing atop an alien world wondering about their ancient ancestors.	maybe one day your great grandchildren will be standing atop an alien world wondering about their ancient ancestors
train_261	117	1	 Scientists have suspected Enceladus is geologically active and a possible sort of Saturn's icy E-ring.	scientists have suspected enceladus as geologically active and a possible source of saturn's icy e ring
train_262	642	1	 In addition, there are fewer time restrictions with the possibility of flexible working hours. Bremer, 1998	in addition there are fewer time restrictions with the possibility of flexible working hours. bremer 1998
train_263	182	1	 The Irish government is stressing the urgency of parliamentary legislation to rectify the situation.	the irish government is stressing the urgency of parliamentary legislation to rectify the situation
train_264	619	1	 Individuals who had been involved for several decades helped us appreciate our strengths and passions while candidly accessing difficulties and even failures.	individuals who had been involved for several decades helped us appreciate our strengths and passions while candidly assessing difficulties and even failures
train_265	1152	1	 During blizzards enough snow to get you stuck can fall in very little time.	during blizzards enough snow to get you stuck can fall in very little time
train_266	37	0	 Construction is ongoing for five new skyscrapers at the site, with a transportation center and a memorial park in the middle.	construction is ongoing for five new skyscrapers at the site with a transportation center and memorial park in the middle
train_267	241	1	 Yesterday, the Post Office released their apology to citizens and the media after discovering that the boy had hidden more than 600 postal documents, including 429 New Year postcards which weren't delivered to their intended recipients.	yesterday the post office released their apology to citizens and the media after discovering that the boy had hidden more than 600 postal documents including 429 new year postcards which weren't delivered to their intended recipients
train_268	1079	1	 This theory says that most dark matter around a galaxy is located around a galaxy in a kind of halo and is made of lots of small particles.	this theory says that most dark matter around a galaxy is located around a galaxy in a kind of halo and is made of lots of small particles
train_269	1066	0	 While most of their food would have been familiar to us, Romans did have their share of strange or unusual feast items including wild boar, peacocks, snails, and a type of rodent called a dormouse.	while most of their food would be familiar to us romans did have their share of strange or unusual feast items including wild boar peacock snails and a type of rodent called a dormouse
train_270	17	1	 The documents showed 14 banks helped wealthy clients hide billions of US dollars of wealth to avoid taxes and other regulations.	the documents showed fourteen banks helped wealthy clients hide billions of us dollars of wealth to avoid taxes and other regulations
train_271	1004	1	 It has been known for a long time that different types of brain damage, traumas, lesions, and tumors affect behavior and cause changes in some mental functions.	it has been known for a long time that different types of brain damage traumas lesions and tumours affect behaviour and cause changes in some mental functions
train_272	986	0	 Most have involved people who work with the poultry but there is also some risk to bird watchers.	most have involved people who work with poultry but there is also some risk to birdwatchers
train_273	667	0	 There are infinite variations possible, but these remains what most people mean when they talk of going to the Disney World.	there are infinite variations possible but this remains what most people mean when they talk of going to disney world
train_274	72	1	 The famous Greek lawyers, Sackis Katscheioglou and George Nikolakoulis, have been imprisoned in the Athens jail of Coridolis as they were found guilty of graft and corruption.	the famous greek lawyers sakis kechagioglou and george nikolakopoulos have been imprisoned in the athens' jail of korydallus as they were found guilty of graft and corruption
train_275	1272	1	 An example is visiting, photographing, and learning about orangutans in Borneo.	an example is visiting photographing and learning about organgatuangs in borneo
train_276	1332	0	 These relations help in planning, design, and operations of roadway facilities.	these relationships help in planning design and operations of roadway facilities
train_277	1253	1	 They did two experiments marking either the DNA in the phage with a radioactive phosphorus or the protein of the phage with a radioactive sulfur.	they did two experiments marking either the dna in the phage with a radioactive phosphorus or the protein of the phage with radioactive sulfur
train_278	1341	1	 They often have more autonomy than conventional team members as their teams may meet according to varying time zones which may not be understood by their local management.	they often have more autonomy than conventional team members as their teams may meet according to varying time zones which may not be understood by their local management
train_279	1233	1	 The concept came from China where plum blossoms were the flower of choice.	the concept came from china where plum blossoms were the flower of choice
train_280	73	1	 As a result of this, a big scandal within the Greek legal community has been raised through the exposure of illegal actions that judges, lawyers, solicitors, and attorneys have done during the previous years.	as a result of this a big scandal within the greek legal community has been raised through the exposure of illegal actions that judges lawyers solicitors and attorneys have done during the previous years
train_281	1217	0	 Candidates can send representatives to witness every part of the process. In the evening, votes are counted by volunteers under heavy supervision, following specific procedures.	candidates can send representatives to witness every part of the process in the evening votes are counted by volunteers under heavy supervision following specific procedures
train_282	814	0	 For a day hike along an easy trail little preparation are needed and any moderately fit person can enjoy them.	for a day hike along an easy trail little preparations are needed and any moderately fit person can enjoy them
train_283	1112	1	 Fears of lack of transportation raised the possibility that the game would be forced to play behind closed doors without the teams as supporters.	fears of lack of transportation raised the possibility that the game would be forced to play behind closed doors without the team's supporters
train_284	511	0	 Children with ADD have a hard time focusing on things like schoolwork, but they can concentrate on things they enjoy doing like playing games or watching their favorite cartoons or writing sentences without punctuation.	children with add have a hard time focusing on things like school work but they can concentrate on things they enjoy doing like playing games or watching their favorite cartoons or writing sentences without punctuation
train_285	1037	1	 According to the latest bulletin, sea level readings indicated a tsunami was generated. There was some definite tsunami activity recorded near Pago Pago and Nui.	according to the latest bulletin sea level readings indicated a tsunami was generated there was some definite tsunami activity recorded near pago pago and niue
train_286	633	0	 For example, if you were to see someone breaking a car window, you would probably assume he was trying to steal a stranger's car.	for example if you were to see someone breaking a car window you would probably assume he was trying to steal a stranger's car
train_287	775	0	 International horticultural expositions are specialized events which showcase floral displays, botanical gardens, and anything else to do with plants.	international horticultural expositions are specialised events which showcase floral displays botanical gardens and anything else to do with plants
train_288	1035	1	 Comets may possibly have been a source of water delivery to the Earth along with organic matter that can form proteins and support life.	comets may possibly have been a source of water delivery to the earth along with organic matter that can form proteins and support life
train_289	1361	1	 It can be pulled into thin wire which can be twisted and plated. It can be hammered or rolled into sheets.	it can be pulled into thin wire which can be twisted and plaited it can be hammered or rolled into sheets
train_290	639	1	 In 1977, Dr. Damarian completed the construction of the first whole body MRI scanner, which he called Indomitable.	in 1977 dr damadian completed the construction of the first whole-body mri scanner which he called the indomitable
train_291	1005	1	 The AI system is now often used in the fields of economics, medicine, engineering, and the military, as has been built in several home computer and video game software applications.	the ai ​​system is now often used in the fields of economics medicine engineering and the military as has been built in several home computer and video game software applications
train_292	948	0	 Lake Onega is also connected to Volga, so coming from the Caspian Sea through Russia is still possible.	lake onega is also connected to volga so coming from the caspian sea through russia is still possible
train_293	603	1	 Water is another example. The compound water is made up of two hydrogen atoms and one oxygen atom.	water is another example the compound water is made up of two hydrogen atoms and one oxygen atom
train_294	357	1	 This causes the skater to turn. If the skates tilt to the right, the skater turns right. If the skate tilts to the left, the skater turns left.	this causes the skater to turn if the skates tilt to the right the skater turns right if the skates tilt to the left the skater turns left
train_295	1491	0	 Poitot received treatment to his shoulder at this point but managed to return to the game.	potro received treatment to his shoulder at this point but managed to return to the game
train_296	258	1	 However, the reduction of the threat level to severe does not mean the overall threat has gone away.	however the reduction of the threat level to severe does not mean the overall threat has gone away
train_297	317	1	 He has also been accused previously of copyright infringement, but was not charged.	he has also been accused previously of copyright infringement but was not charged
train_298	375	1	 A person who weighs 200 pounds on Earth would weigh about 36 pounds on low. So the gravity, of course, pulls less on you.	a person who weighs 200 pounds 90kg on earth would weigh about 36 pounds 16kg on io. so the gravity of course pulls less on you
train_299	413	1	 A cavalry is an army that fights on horseback. This saddle had not yet been invented, so the Assyrian cavalry fought on the bare backs of their horses.	a cavalry is an army that fights on horseback the saddle had not yet been invented so the assyrian cavalry fought on the bare backs of their horses
train_300	497	0	 Surgeons add knowledge of various sedatives including muffin from extract of poppy seeds and scopolamine from apple seeds.	surgeons had knowledge of various sedatives including morphine from extracts of poppy seeds and scopolamine from herbane seeds
train_301	981	1	 Even the hottest of deserts can become extremely cold at night. Hypothermia is a real risk without warm clothing.	even the hottest of deserts can become extremely cold at night hypothermia is a real risk without warm clothing
train_302	89	1	 Authorities said little officially beyond confirming today's arrest.	authorities said little officially beyond confirming today's arrest
train_303	293	1	 Dark clouds unrelated to any volcanic activity were reported at the base of the mountain.	dark clouds unrelated to any volcanic activity were reported at the base of the mountain
train_304	874	1	 If you're feeling more adventurous, take the opportunity to juice or blend up some smoothies.	if you're feeling more adventurous take the opportunity to juice or blend up some smoothies
train_305	825	1	 Take a look at what trips the agent is promoting whether on a website or in a shop window.	take a look at what trips the agent is promoting whether on a website or in a shop window
train_306	101	1	 The valve's opening allowed a pressure release for the system and oil flowed on a pad to a tank that can hold 55,000 barrels, 2.3 million gallons.	the valves opening allowed a pressure release for the system and oil flowed on a pad to a tank that can hold 55,000 barrels 2.3 million gallons
train_307	175	1	 One of the world's richest people, Alan has reportedly invested much of his wealth in marine exploration and began his quest to find the Musashi out of a lifelong interest in the war.	one of the world's richest people allen has reportedly invested much of his wealth in marine exploration and began his quest to find the musashi out of a lifelong interest in the war
train_308	332	1	 In 1995, he was voted the best player in Partizan's history.	in 1995 he was voted the best player in partizan's history
train_309	694	1	 Jerusalem is the capital and largest city of Israel, though most other countries in the United Nations do not recognize it as Israel's capital.	jerusalem is the capital and largest city of israel though most other countries and the united nations do not recognize it as israel's capital
train_310	732	1	 For those who enjoy outdoor activities, a trek up the Sea to Sky Corridor is essential.	for those who enjoy outdoor activities a trek up the sea to sky corridor is essential
train_311	148	1	 The number of users of the Yahoo and Microsoft services combined will arrive with the number of AOL customers.	the number of users of the yahoo and microsoft services combined will rival the number of aol's customers
train_312	1163	0	 Out on the savannah, it is hard for a primate with a digestive system like that of humans to satisfy its amino acid requirements from available plant resources.	out on the savanna it is hard for a primate with a digestive system like that of humans to satisfy its amino-acid requirements from available plant resources
train_313	1258	1	 Last month, a presidential commission recommended the prior CEP's resignation as part of a package of measures to move the country towards new elections.	last month a presidential commission recommended the prior cep's resignation as part of a package of measures to move the country towards new elections
train_314	568	1	 There are many different constructions of eyes ranging in complexity depending on the requirements of the organism.	there are many different constructions of eyes ranging in complexity depending on the requirements of the organism
train_315	636	0	 And this renaissance magnetic field and radio waves cause atoms to give off tiny radio signals.	in this resonance magnetic field and radio waves cause atoms to give off tiny radio signals
train_316	737	0	 It is possible to secure park permits directly from the Ranger Station in Puerto Jimenez, but they do not accept credit cards.	it is possible to secure park permits directly from the ranger station in puerto jiménez but they do not accept credit cards
train_317	113	0	 Mr. Rudd's decision to sign the Kyoto Climate Accord isolates the United States, which will now be the only developed nation, not to ratify the agreement.	mr rudd's decision to sign the kyoto climate accord isolates the united states which will now be the only developed nation not to ratify the agreement
train_318	660	1	 While San Francisco's economy is linked to being a world-class tourist attraction, its economy is diversified.	while san francisco's economy is linked to it being a world-class tourist attraction its economy is diversified
train_319	835	1	 In many countries with such a law, local hotels will handle the registration. Make sure to ask.	in many countries with such a law local hotels will handle the registration make sure to ask
train_320	783	1	 Wildlife photography is often taken for granted, but like photography in general, a picture is worth a thousand words.	wildlife photography is often taken for granted but like photography in general a picture is worth a thousand words
train_321	1400	0	 Once the ancient city of Sirmna is now a modern, developed and busy commercial center set around a huge bay and surrounded by mountains.	once the ancient city of smyrna it is now a modern developed and busy commercial center set around a huge bay and surrounded by mountains
train_322	765	1	 Hostels cater primarily to young people. A typical guest is in their 20s, but you can often find older travelers there too.	hostels cater primarily to young people a typical guest is in their twenties but you can often find older travellers there too
train_323	145	0	 That means everything has to be put back, said researcher at the Rift Valley Research Service in Ethiopia and a co-author of the study, Berhane Aswa.	that means everything has to be put back said researcher at the rift valley research service in ethiopia and a co-author of the study berhane asfaw
train_324	193	0	 Any length of time trapped on a roller coaster would be uncomfortable to say the least and it took at least an hour to get the first person off the ride.	any length of time trapped on a roller coaster would be uncomfortable to say the least and it took at least an hour to get the first person off the ride
train_325	875	0	 Maybe you'll discover a simple beverage that you can make for breakfast when you are back to your daily routine.	maybe you'll discover a simple beverage that you can make for breakfast when you're back to your daily routine
train_326	420	1	 Hindi and Urdu are similar in vocabulary but different in script. In everyday conversations, speakers of both languages can usually understand each other.	hindi and urdu are similar in vocabulary but different in script in everyday conversations speakers of both languages can usually understand each other
train_327	870	1	 Do not sleep on a mattress or pad on the ground in areas where you do not know the local fauna.	do not sleep on a mattress or pad on the ground in areas where you do not know the local fauna
train_328	1066	0	 While most of their food would be familiar to us, Romans did have their share of strange or unusual feast items including wild boar, peacock, snails, and a type of rodent called a dormouse.	while most of their food would be familiar to us romans did have their share of strange or unusual feast items including wild boar peacock snails and a type of rodent called a dormouse
train_329	1146	1	 However, the driver sustained serious injuries to the head.	however the driver sustained serious injuries to the head
train_330	94	0	 This contradicts early reports which said that cancelling the runoff would have been against the constitution.	this contradicts earlier reports which said that cancelling the runoff would have been against the constitution
train_331	1254	1	 This is especially popular with school school leavers, allowing them to take a year out before university without compromising their education.	this is especially popular with school leavers allowing them to take a year out before university without compromising their education
train_332	479	0	 Make sure your hand is as relaxed as possible while still hitting all the notes correctly. Also, try not to make much extraneous motion with your fingers.	make sure your hand is as relaxed as possible while still hitting all the notes correctly also try not to make much extraneous motion with your fingers
train_333	343	0	 We have a year-long financial crisis which had had its most acute moment in the past two months and I think now the financial markets are beginning to recover.	we have a year-long financial crisis which has had its most acute moment in the past two months and i think now the financial markets are beginning to recover
train_334	200	0	 I expect to return to all my duties on Monday, Arius said in a statement.	i expect to return to all my duties on monday arias said in a statement
train_335	1176	0	 Subcultures bring together like-minded individuals who feel neglected by societal standards and allow them to develop a sense of identity.	subcultures bring together like-minded individuals who feel neglected by societal standards and allow them to develop a sense of identity
train_336	1269	1	 Curiously, though, mobile phone service is much stronger here than along many other stretches of the route, e.g. the Pennsylvania wilds.	curiously though mobile phone service is much stronger here than along many other stretches of the route e.g. the pennsylvania wilds
train_337	956	1	 If you have additional travel time, check to see your total fare quote to Africa compares with around the world fare.	if you have additional travel time check to see how your total fare quote to africa compares with a round-the-world fare
train_338	1076	1	 One was sent to George Washington on July 6, who had read it to his troops in New York on July 9. A copy reached London on August 10.	one was sent to george washington on july 6 who had it read to his troops in new york on july 9 a copy reached london on august 10
train_339	1231	1	 The strain of bird flu lethal to humans, H5N1, has been confirmed to have infected a dead wild duck found in Monday in Marchelin-Nier-Lyon in the east of France.	the strain of bird flu lethal to humans h5n1 has been confirmed to have infected a dead wild duck found on monday in marshland near lyon in the east of france
train_340	1321	1	 Apia was founded in the 1850s and has been the official capital of Samoa since 1959.	apia was founded in the 1850s and has been the official capital of samoa since 1959
train_341	144	1	 Based on this fossil, that means the split is much earlier than has been anticipated by the molecular evidence.	based on this fossil that means the split is much earlier than has been anticipated by the molecular evidence
train_342	1364	0	 The great majority of Hong Kong Island's urban development is densely packed on reclaimed land along the northern shore.	the great majority of hong kong island's urban development is densely packed on reclaimed land along the northern shore
train_343	1017	0	 The rock band was due to tour the United States and Canada until September 16.	the rock band was due to tour the united states and canada until september 16
train_344	1279	1	 After a week of losses in the midterm election, Bush told an audience about the expansion of trade in Asia.	after a week of losses in the midterm election bush told an audience about the expansion of trade in asia
train_345	911	0	 The actual purpose is to give those companies more control over their markets. It's all about money-spinning.	the actual purpose is to give those companies more control over their markets it's all about money spinning
train_346	979	0	 In the heat of the day, travelers can experience mirages that give the illusion of water or other things.	in the heat of the day travelers can experience mirages that give the illusion of water or other things
train_347	892	1	 The South Pole Traverse or Highway is a 1,006,000-1,600 km trail from Mercado Station on the Ross Sea to the Pole. The South Pole Traverse or Highway is a 1,600 km trail from Mercado Station on the Ross Sea to the Pole.	the south pole traverse or highway is a 1600 km trail from mcmurdo station on the ross sea to the pole
train_348	1464	1	 It was one of the major stops during Henry Louis Gates PBS special Wonders of the African World.	it was one of the major stops during henry louis gates' pbs special wonders of the african world
train_349	740	0	 The Cook Islands are an island country in free association with New Zealand located in Polynesia in the middle of the South Pacific Ocean.	the cook islands are an island country in free association with new zealand located in polynesia in the middle of the south pacific ocean
train_350	852	1	 The hangi is often used to cook a traditional roast style dinner.	the hangi is often used to cook a traditional roast style dinner
train_351	1469	0	 Gosling and Stone received nomination for best actor and actress respectively.	gosling and stone received nominations for best actor and actress respectively
train_352	79	1	 Maruko Haidor had finished on top of the ladder, six points near close of Noosa, in second.	maroochydore had finished on top of the ladder six points clear of noosa in second
train_353	858	0	 You could find yourself being used as a drug carrier without your knowledge, which will land you in a great deal of trouble.	you could find yourself being used as a drug carrier without your knowledge which will land you in a great deal of trouble
train_354	238	0	 So if you were standing by the shoreline you would be able to see down to whatever pebbles or gunk that was on the bottom.	so if you were standing by the shoreline you would be able to see down to whatever pebbles or gunk that was on the bottom
train_355	245	0	 Some may not agree, but I don't care.	some may not agree but i don't care
train_356	835	1	 In many countries with such a law, local hotels will handle the registration. Make sure to ask.	in many countries with such a law local hotels will handle the registration make sure to ask
train_357	956	0	 If you have additional travel time, check to see how your total fare quote to Africa compares with around the world fare.	if you have additional travel time check to see how your total fare quote to africa compares with a round-the-world fare
train_358	1023	1	 Pests can spoil food, cause irritation, or in a worse case, cause allergic reactions, spread venom, or transmit infections.	pests can spoil food cause irritation or in a worse case cause allergic reactions spread venom or transmit infections
train_359	1470	0	 One of the most noteworthy recent example of this was the North Atlantic campaign of World War II. The Americans were trying to move men and materials across the Atlantic Ocean to help Britain.	one of the most noteworthy recent examples of this was the north atlantic campaign of wwii the americans were trying to move men and materials across the atlantic ocean to help britain
train_360	1416	0	 Mutations can have a variety of different effects depending on the type of mutation, the significance of the piece of genetic material affected, and whether the cells affected are germline cells.	mutations can have a variety of different effects depending on the type of mutation the significance of the piece of genetic material affected and whether the cells affected are germ-line cells
train_361	1100	0	 South Africa have defeated the All Blacks New Zealand in a Rugby Union Tri-Nations match at the Royal Baffogan Stadium in Rutzenburg, South Africa.	south africa have defeated the all blacks new zealand in a rugby union tri nations match at the royal bafokeng stadium in rustenburg south africa
train_362	1319	0	 The Sphinx is set as the backdrop and the narrator of a long story.	the sphinx is set as the backdrop and the narrator of a long story
train_363	526	0	 Things did not go well for the Italians in North Africa almost from the start. Within a week of Italy's declaration of war on June 10, 1940, the British 11th Hussars had seized Fort Capuzzo in Libya.	things did not go well for the italians in north africa almost from the start within a week of italy's declaration of war on june 10 1940 the british 11th hussars had seized fort capuzzo in libya
train_364	74	0	 A few weeks ago, after the information published by the journalist Makis Triantafilopoulos in his popular television show Zungla in Alpha TV, the Member of Parliament and lawyer Petros Mantouvalos was abdicated as members of his office had been involved in illegal graft and corruption.	a few weeks ago after the information published by the journalist makis triantafylopoulos in his popular television show zoungla in alpha tv the member of parliament and lawyer petros mantouvalos was abdicated as members of his office had been involved in illegal graft and corruption
train_365	1504	1	 Congress lacked any power to impose taxes and because there is no national executive or judiciary, it relied on state authorities, who are often uncooperative, to enforce all its acts.	congress lacked any power to impose taxes and because there was no national executive or judiciary it relied on state authorities who were often uncooperative to enforce all its acts
train_366	1472	0	 Fortunately, drivers tend to behave within a reasonably consistent range. Thus, traffic streams tend to have some reasonable consistency and can be roughly represented mathematically.	fortunately drivers tend to behave within a reasonably consistent range thus traffic streams tend to have some reasonable consistency and can be roughly represented mathematically
train_367	1308	0	 German pastries are quite good and in Bavaria are quite rich and varied, similar to those of their southern neighbor Austria.	german pastries are quite good and in bavaria are quite rich and varied similar to those of their southern neighbor austria
train_368	747	1	 Accordingly, at the finest Dutch establishments, one is apt to find the most luxurious bedding, maybe a handmade quilt or an antique bed.	accordingly at the finest such establishments one is apt to find the most luxurious bedding maybe a handmade quilt or an antique bed
train_369	1223	1	 Hugh encouraged developing countries to avoid the old path of polluting first and cleaning up later.	hu encouraged developing countries to avoid the old path of polluting first and cleaning up later
train_370	1220	0	 In 1956, Slania moved to Sweden, where three years later he began to work for the Swedish post office and became their chief engraver.	in 1956 słania moved to sweden where three years later he began work for the swedish post office and became their chief engraver
train_371	282	1	 In Berlin, police estimated 6,500 protesters.	in berlin police estimated 6,500 protestors
train_372	550	1	 Of course, a first class half miler, a man who can beat two minutes, must be possessed of a fair amount of speed, but endurance must be cultivated at all hazards.	of course a first-class half-miler a man who can beat two minutes must be possessed of a fair amount of speed but endurance must be cultivated at all hazards
train_373	94	0	 This contradicts earlier reports which said that canceling the runoff would have been against the Constitution.	this contradicts earlier reports which said that cancelling the runoff would have been against the constitution
train_374	1185	0	 You can also have alloys that include small amounts of non-metallic elements like carbon.	you can also have alloys that include small amounts of non-metallic elements like carbon
train_375	319	1	 During the last three decades, despite officially remaining a communist state, China has developed a market economy.	during the last three decades despite officially remaining a communist state china has developed a market economy
train_376	721	1	 Besides white sand beaches and mountain landscapes, the country is home to the oldest European city in the Americas, now part of Santo Domingo.	besides white sand beaches and mountain landscapes the country is home to the oldest european city in the americas now part of santo domingo
train_377	266	1	 Chiao and Chi-Rai Po reported being a safe distance from the attitude adjustment thrusters.	chiao and sharipov reported being a safe distance from the attitude adjustment thrusters
train_378	485	0	 Mysticism can be distinguished from other forms of religious belief and worship by its emphasis on the direct personal experience of a unique state of consciousness, particularly those of a peaceful, insightful, blissful, or even ecstatic character.	mysticism can be distinguished from other forms of religious belief and worship by its emphasis on the direct personal experience of a unique state of consciousness particularly those of a peaceful insightful blissful or even ecstatic character
train_379	87	0	 The amount and thickness of pack ice according to pitman is the worst it has been for self sealers in the past 15 years	the amount and thickness of the pack ice according to pittman is the worst it has been for sealers in the past 15 years
train_380	393	0	 With the battle for France over, Germany began to get ready to invade the Isle of Britain.	with the battle for france over germany began to get ready to invade the island of britain
train_381	1232	1	 Bipedal specializations are found in Australopithecus fossils from 4.2 to 3.9 million years ago, although Sahelanthropus may have walked on two legs as early as 7 million years ago.	bipedal specializations are found in australopithecus fossils from 4.2-3.9 million years ago although sahelanthropus may have walked on two legs as early as seven million years ago
train_382	1113	1	 After officials verify the voter's identity, the voter drops the envelope into the ballot box and signs the voting roll.	after officials verify the voter's identity the voter drops the envelope into the ballot box and signs the voting roll
train_383	308	0	 It died in Osaka on Tuesday.	he died in osaka on tuesday
train_384	120	0	 The game is based on the Second Battle of Fallujah, a vicious battle between American and Iraqi forces.	the game is based on the second battle of fallujah a vicious battle between american and iraqi forces
train_385	1234	1	 Liggins followed in his father's footsteps and entered a career in medicine.	liggins followed in his father's footsteps and entered a career in medicine
train_386	653	0	 While you may hear the word used by Greenlandic natives, its use should be avoided by foreigners.	while you may hear the word used by greenlandic natives its use should be avoided by foreigners
train_387	369	0	 A Triceratops teeth would have been able to crush not only leaves but even very tough branches and roots.	a triceratops' teeth would have been able to crush not only leaves but even very tough branches and roots
train_388	877	0	 For those unfamiliar with medical jargon, the words infectious and contagious have distinct meanings.	for those unfamiliar with medical jargon the words infectious and contagious have distinct meanings
train_389	599	0	 Robert Hawke, a biologist from England, saw small squares in Kirk with a microphone.	robert hooke a biologist from england saw small squares in cork with a microscope
train_390	50	0	 The New Zealand police had trouble using their speed radar guns to see how fast Mr. Reid was going because of how low Black Beauty is, and the only time the police managed to clock Mr. Reid was when he slowed down to 160 km per hour.	the new zealand police had trouble using their speed radar guns to see how fast mr reid was going because of how low black beauty is and the only time the police managed to clock mr reid was when he slowed down to 160km/h
train_391	505	1	 These websites have gotten a lot of attention, especially in the education setting.	these websites have gotten a lot of attention especially in the education setting
train_392	548	1	 The main assault force of 2,400 men would cross the river nine miles north of Trenton and then split into two groups, one under Greene and under Sullivan, in order to launch a pre-dawn attack.	the main assault force of 2,400 men would cross the river nine miles north of trenton and then split into two groups one under greene and one under sullivan in order to launch a pre-dawn attack
train_393	566	1	 Those participating in regular activity required more support in terms of negative perception of pain distinguishing the difference of chronic pain and discomfort feel from normal physical movement.	those participating in regular activity required more support in terms of negative perception of pain distinguishing the differences of chronic pain and discomfort feel from normal physical movement
train_394	92	1	 Loden also said officials decided to cancel the turnoff in order to save Afghans the expense and security risk of another election.	lodin also said officials decided to cancel the runoff in order to save afghans the expense and security risk of another election
train_395	209	0	 According to reports, an apartment on Macbeth Street exploded due to a gas leak.	according to reports an apartment on macbeth street exploded due to a gas leak
train_396	1089	0	 If an iron isn't available, or if you don't fancy wearing iron socks, then you can try using a hair dryer if available.	if an iron isn't available or if you don't fancy wearing ironed socks then you can try using a hairdryer if available
train_397	800	1	 Moose, also known as elk, are inherently aggressive, but will defend themselves if they perceive a threat.	moose also known as elk aren't inherently aggressive but will defend themselves if they perceive a threat
train_398	542	0	 Stark's men took positions along the fence on the north end of the colonists' position.	stark's men took positions along the fence on the north end of the colonist's position
train_399	901	1	 The problem is that snow is sticky, so it needs some triggering to come down, and some snow coming down could be a triggering event for the rest.	the problem is that snow is sticky so it needs some triggering to come down and some snow coming down can be the triggering event for the rest
train_400	1333	0	 All these things and more highlight Ontario as what is considered quintessentially Canadian by outsiders.	all these things and more highlight ontario as what is considered quintessentially canadian by outsiders
train_401	773	0	 A world's fair, commonly called World Exposition or simply Expo, is a large international festival of arts and sciences.	a world's fair commonly called world exposition or simply expo is large international festival of arts and sciences
train_402	1071	1	 International sanctions have meant that new aircraft cannot be purchased.	international sanctions have meant that new aircraft cannot be purchased
train_403	1098	1	 The bill requires violent video games sold in the state of California to be labeled with a decal reading 18 and makes their sale to a minor punishable by a fine of $1,000 per offense.	the bill requires violent video games sold in the state of california to be labeled with a decal reading 18 and makes their sale to a minor punishable by a fine of $1000 per offense
train_404	757	1	 The old-fashioned fittings, the lack of the latest amenities, and a certain graceful agedness are also part of their character.	the old fashioned fittings the lack of the latest amenities and a certain graceful agedness are also part of their character
train_405	1236	0	 Some venues offer alcoholic beverages on the house. However, drunkenness impairs judgment, and all good gamblers know the importance of staying sober.	some venues offer alcoholic beverages on the house however drunkenness impairs judgement and all good gamblers know the importance of staying sober
train_406	576	0	 Each of these nomadic rampages or marches lasts for approximately 17 days.	each of these nomadic rampages or marches lasts for approximately 17 days
train_407	966	0	 The whole district is designated as a UNESCO World Heritage Site for its unique cultural and historical value, and its property values are among the highest of the country.	the whole district is designated as a unesco world heritage site for its unique cultural and historical value and its property values are among the highest of the country
train_408	1192	0	 However, this does not come cheap. As rough rules of thumb, you can expect to pay up to four times the normal economic fare for business and 11 times for first class.	however this does not come cheap as rough rules of thumb you can expect to pay up to four times the normal economy fare for business and eleven times for first class
train_409	52	1	 In April this year, a temporary restraining order was issued by Judge Glynn against the facility to enforce the release of those held more than 24 hours after their intake who did not receive the restraining order.	in april this year a temporary restaining order was issued by judge glynn against the facility to enforce the release of those held more than 24 hours after their intake who did not receive a hearing by a court commissioner
train_410	261	1	 There were no heavy traffic delays reported on the Beltway, the city's alternate route.	there were no heavy traffic delays reported on the beltway the city's alternate route
train_411	1482	1	 Dustin Goldust Reynolds commented that Luna was as freaky as me, maybe even more. Love her and will miss her. Hopefully she's in a better place.	dustin goldust runnels commented that luna was as freaky as me...maybe even more...love her and will miss her...hopefully she's in a better place.
train_412	96	0	 An inquiry was established to investigate.	an inquiry was established to investigate
train_413	559	1	 The nucleus consists of two particles, neutrons and protons.	the nucleus consists of two particles neutrons and protons
train_414	1359	0	 Minor cultures often vanish without leaving relevant historic evidence and fail to be recognized as proper civilizations.	minor cultures often vanish without leaving relevant historic evidence and fail to be recognized as proper civilizations
train_415	996	1	 Airlines that offer these include Air Canada, Delta Airlines, Lufthansa for flights originating from the US or Canada and WestJet.	airlines that offer these include air canada delta air lines lufthansa for flights originating from the u.s. or canada and westjet
train_416	363	1	 After hundreds of hours of operation, the filament in the bulb eventually burns out and the light bulb no longer works.	after hundreds of hours of operation the filament in the bulb eventually burns out and the light bulb no longer works
train_417	158	1	 Following the race, Kostaslavsky remains the Drivers' Championship leader with 2,250 points.	following the race keselowski remains the drivers' championship leader with 2,250 points
train_418	683	0	 You are guaranteed to get wet if you cross the bridge or walk along the trails winding near the falls.	you are guaranteed to get wet if you cross the bridge or walk along the trails winding near the falls
train_419	1397	0	 In addition, be aware that odors attract bears and other wildlife, so avoid carrying or cooking odorous foods and keep a clean camp.	in addition be aware that odors attract bears and other wildlife so avoid carrying or cooking odorous foods and keep a clean camp
train_420	357	1	 This causes the skater to turn. If the skates tilt to the right, the skater turns right. If the skates tilt to the left, the skater turns left.	this causes the skater to turn if the skates tilt to the right the skater turns right if the skates tilt to the left the skater turns left
train_421	1508	1	 She's very cute and sings quite well, too, he said, recording to a transcript of the news conference.	she's very cute and sings quite well too he said according to a transcript of the news conference
train_422	1479	1	 Gold may be worked into all sorts of shapes. It can be rolled into tiny shapes.	gold may be worked into all sorts of shapes it can be rolled into tiny shapes
train_423	1161	1	 If a raider is thrown from a horse but it has a foot caught in the stirrup, they could be dragged if the horse runs away. To minimize this risk, a number of safety precautions can be taken.	if a rider is thrown from a horse but has a foot caught in the stirrup they could be dragged if the horse runs away to minimize this risk a number of safety precautions can be taken
train_424	213	0	 Noah was inside the apartment.	no one was inside the apartment
train_425	1406	1	 The United States Strategic Command of the US Department of Defense Office is tracking the debris.	the united states strategic command of the u.s. department of defense office is tracking the debris
train_426	1460	0	 In an interview, he said the new variant was very highly troubling and alarming because of the very high fatality rate.	in an interview he said the new variant was very highly troubling and alarming because of the very high fatality rate
train_427	524	1	 This is just as exhausting as if you were to wake up every 20 or 30 minutes and watch TV.	this is just as exhausting as if you were to wake up every twenty or thirty minutes and watch tv
train_428	646	1	 In fact, there is not one good thing to learn. Learning takes place in the experience between the learner and the knowledge presented.	in fact there is not one good thing to learn.learning takes place in the experience between the learner and the knowledge presented
train_429	141	1	 By early today, winds were around 83 km an hour and it was expected to keep weakening.	by early today winds were around 83 km/h and it was expect to keep weakening
train_430	409	1	 However, the discovery of his tomb in 1922 made him a celebrity. While many tombs of the past were robbed, this tomb was left virtually undisturbed.	however the discovery of his tomb in 1922 made him a celebrity while many tombs of the past were robbed this tomb was left virtually undisturbed
train_431	533	1	 The player who takes the fewest strokes or swings of a club to complete the course wins.	the player who takes the fewest strokes or swings of the club to complete the course wins
train_432	194	1	 Schumacher, who retired in 2006 after winning the Formula One Championship seven times, was due to replace the injured Philippe Massa.	schumacher who retired in 2006 after winning the formula 1 championship seven times was due to replace the injured felipe massa
train_433	264	1	 The Commissioner said, we haven't yet agreed on rules of origin and tariff concessions, but the framework we have is enough to start trading on July 1st, 2020.	the commissioner said we haven't yet agreed on rules of origin and tariff con[c]essions but the framework we have is enough to start trading on july 1 2020
train_434	1240	1	 Since there was limited response to this tactic, Germany expected a similar response to its unrestricted submarine warfare.	since there was limited response to this tactic germany expected a similar response to its unrestricted submarine warfare
train_435	905	0	 They begin as funnels descending from stone clouds and become tornadoes when they touch the ground.	they begin as funnels descending from storm clouds and become tornadoes when they touch the ground
train_436	701	0	 These requirements are designed to provide an organized, mandatory flow between both countries.	these requirements are designed to provide an organized migratory flow between both countries
train_437	582	0	 Tornadoes strike a small area compared to other violent storms, but they can destroy everything in their path.	tornadoes strike a small area compared to other violent storms but they can destroy everything in their path
train_438	15	1	 After the match, King of Clay said, I am just excited about being back in the final rounds of the most important events. I'm here to try to win this.	after the match king of clay said i am just excited about being back in the final rounds of the most important events i am here to try to win this
train_439	127	0	 Al Gore and General Tommy Franks casually rattle off their favorite headlines. Gore's was when The Onion reported he and Tipper were having the best sex of their lives after his 2000 electoral college defeat.	al gore and general tommy franks casually rattle off their favorite headlines gore's was when the onion reported he and tipper were having the best sex of their lives after his 2000 electoral college defeat
train_440	304	1	 He documented himself in a 1998 book.	he documented himself in a 1998 book
train_441	1436	0	 Casinos typically make many efforts to maximize time and money spent by guests. Windows and clocks are usually absent and exits can be hard to find.	casinos typically make many efforts to maximize time and money spent by guests windows and clocks are usually absent and exits can be hard to find
train_442	1	0	 On Monday, scientists from the Stanford University School of Medicine announced the invention of a new diagnostic tool that can sort cells by type. A tiny printable chip that can be manufactured using standard inkjet printers for possibly about one US cent each.	on monday scientists from the stanford university school of medicine announced the invention of a new diagnostic tool that can sort cells by type a tiny printable chip that can be manufactured using standard inkjet printers for possibly about one u.s. cent each
train_443	31	0	 The jail became notorious after prisoner abuse was discovered. Thereafter, US forces took over.	the jail became notorious after prisoner abuse was discovered there after us forces took over
train_444	1469	0	 Gosling and Stone received nominations for Best Actor and Best Actress, respectively.	gosling and stone received nominations for best actor and actress respectively
train_445	1106	0	 Content theories are centered on finding on what makes people tick or appeals to them.	content theories are centered on finding what makes people tick or appeals to them
train_446	98	1	 On October 7th, an engine separated on takeoff without injuries. Russia briefly grounded I-76s after that accident.	on october 7 an engine separated on takeoff without injuries russia briefly grounded il-76s after that accident
train_447	1160	1	 The money could go towards flood-proof houses, better water management, and crop diversification.	the money could go toward flood-proof houses better water management and crop diversification
train_448	1282	1	 Germany was a common enemy in World War II, leading to cooperation between the USSR and USA. With the end of the war, the clashes of system, process, and culture led to the country's falling out.	germany was a common enemy in world war 2 leading to cooperation between the ussr and usa with the end of the war the clashes of system process and culture led to the countries falling out
train_449	676	1	 This can be done in a normal car with careful planning, but a 4x4 is highly advised and many locations are only accessible with a high wheelbase 4x4.	this can be done in a normal car with careful planning but a 4x4 is highly advised and many locations are only accessible with a high wheel base 4x4
train_450	1162	1	 A couple may decide it's not in their best interest or in the interest of their child to raise a baby.	a couple may decide it is not in their best interest or in the interest of their child to raise a baby
train_451	348	0	 One of the panes finally broke and they started to get out by the window, said survivor Franciszek Kowal.	one of the panes finally broke and they started to get out by the window said survivor franciszek kowal
train_452	1036	0	 The Hershey and Chase experiment was one of the leading suggestions that DNA was a genetic material.	the hershey and chase experiment was one of the leading suggestions that dna was a genetic material
train_453	1278	0	 To understand the Templars, one must understand the context that prompted the creation of the Order.	to understand the templars one must understand the context that prompted the creation of the order
train_454	1069	1	 In remote locations without cell phone coverage, a satellite phone may be your only option.	in remote locations without cell phone coverage a satellite phone may be your only option
train_455	563	1	 If you get hurt trying to help, you may only serve to make matters worse.	if you get hurt trying to help you may only serve to make matters worse
train_456	523	1	 With fewer REMs per night, the state in which you experience actual sleep and your body recovers becomes infrequent enough to become a problem.	with fewer rems per night this state in which you experience actual sleep and your body recovers becomes infrequent enough to become a problem
train_457	1092	1	 It has a notably wide variety of plant communities due to its range of microclimates, differing soils, and varying levels of altitude.	it has a notably wide variety of plant communities due to its range of microclimates differing soils and varying levels of altitude
train_458	128	0	 Many of their writers have gone on to wield great influence on Jon Stewart and Stephen Colbert's new parody shows.	many of their writers have gone on to wield great influence on jon stewart and stephen colbert's news parody shows
train_459	500	1	 Pure land origami is origami with the restriction that only one fold may be done at a time. More complex folds like reverse folds are not allowed, and all folds have straightforward locations.	pureland origami is origami with the restriction that only one fold may be done at a time more complex folds like reverse folds are not allowed and all folds have straightforward locations
train_460	1008	0	 Murray lost the first set in a tiebreak after both men held each and every serve in the set.	murray lost the first set in a tie break after both men held each and every serve in the set
train_461	1217	1	 Candidates can send representatives to witness every part of the process. In the evening, votes are counted by volunteers under heavy supervision following specific procedures.	candidates can send representatives to witness every part of the process in the evening votes are counted by volunteers under heavy supervision following specific procedures
train_462	793	0	 Increasingly, supermarkets are getting a more varied selection of ready-made food. Some even provide a microwave oven or other means to heat food.	increasingly supermarkets are getting a more varied section of ready-made food some even provide a microwave oven or other means to heat food
train_463	329	0	 He joined them in 1945 and stayed until 1958.	he joined them in 1945 and stayed until 1958
train_464	945	1	 It can also be a good way to stretch a budget to allow a longer stay somewhere since many volunteer jobs provide room and board and a few pay a small salary.	it can also be a good way to stretch a budget to allow a longer stay somewhere since many volunteer jobs provide room and board and a few pay a small salary
train_465	243	0	 Besides carrying three important scientific instruments, the lunar probe also carried the image of the Indian national flag painted on all sides.	besides carrying three important scientific instruments the lunar probe also carried the image of the indian national flag painted on all sides
train_466	29	1	 He graduated from the College of Arts and Sciences of the University of Virginia in 1950 and was a significant donor to the institution.	he graduated from the college of arts & sciences of the university of virginia in 1950 and was a significant donor to that institution
train_467	155	0	 Out of the approximately 24,000 known meteorites to have fallen to Earth, only about 34 have been verified to be Martian in origin.	out of the approximately 24,000 known meteorites to have fallen to earth only about 34 have been verified to be martian in origin
train_468	58	1	 According to ANSA, police were concerned by a couple of top-level hits they feared might spark a full-blown war of succession.	according to ansa police were concerned by a couple of top-level hits they feared might spark a full-blown war of succession
train_469	167	1	 David Headley's scouting and information gathering had helped to enable the operation by the 10 gunmen from Pakistan Militia Group.	david headley's scouting and information gathering had helped to enable the operation by the 10 gunmen from the pakistani militant group laskhar-e-taiba
train_470	1087	1	 The tiger is in the same group, Gennus panthora, as lions, leopards, and jaguars. These four cats are the only ones who can roar.	the tiger is in the same group genus panthera as lions leopards and jaguars. these four cats are the only ones who can roar
train_471	77	1	 He did, however, reiterate his earlier statement that Roe v. Wade was the settled law of the land, emphasizing the importance of consistent Supreme Court rulings.	he did however reiterate his earlier statement that roe v wade was the settled law of the land emphasizing the importance of consistent supreme court rulings
train_472	731	1	 This authentic community is located in Howe Sound just off Vancouver and is easily accessed via scheduled water taxis departing Granville Island in downtown Vancouver.	this authentic community is located in howe sound just off vancouver and is easily accessed via scheduled water taxis departing granville island in downtown vancouver
train_473	1305	1	 Yet, Spanish is also widely used in public transport and other facilities.	yet spanish is also widely used in public transport and other facilities
train_474	1195	1	 Since Montevideo is south of the equator, it is summer there when it is winter in the northern hemisphere and vice versa.	since montevideo is south of the equator it is summer there when it's winter in the northern hemisphere and vice versa
train_475	860	1	 Some countries have exceedingly draconian punishments, even for first-time offenders. These can include prison sentences for over 10 years or death.	some countries have exceedingly draconian punishments even for first time offenses these can include prison sentences of over 10 years or death
train_476	1168	0	 No child should ever have to grow up in an environment that is not nurturing, caring, and educational, but they do.	no child should ever have to grow up in an environment that is not nurturing caring and educational but they do
train_477	1429	1	 Why do transportation systems engender such complaints? Why do they fail on a daily basis? Are transportation engineers just incompetent? Or is something more fundamental going on?	why do transportation systems engender such complaints why do they fail on a daily basis are transportation engineers just incompetent or is something more fundamental going on
train_478	1021	0	 Also blogging forces students to become more savvy about the world around them. The need to feed the interest of the audience inspires students to be clever and interesting. Toto, 2004	also blogging forces students to become more savvy about the world around them. the need to feed the interest of the audience inspires students to be clever and interesting toto 2004
train_479	27	1	 His second goal of the night was his 60th of the season, becoming the first player to score 60 or more goals in a season since 1995-96, when Jaromar Jaguar and Mario Lamarck each reached that milestone.	his second goal of the night was his 60th of the season becoming the first player to score 60 or more goals in a season since 1995-96 when jaromir jagr and mario lemieux each reached that milestone
train_480	246	1	 I am happy that there are people willing to support me.	i am happy that there are people willing to support me
train_481	1273	1	 Xinhua reported that government investigators recovered two black box flight recorders on Wednesday.	xinhua reported that government investigators recovered two black box' flight recorders on wednesday
train_482	105	0	 They include financial restrictions and a ban by the European Union on the export of crude oil, from which the Iranian economy receives 80% of its foreign income.	they include financial restrictions and a ban by the european union on the export of crude oil from which the iranian economy receives 80% of its foreign income
train_483	610	0	 You can mark the passing of time yourself by observing the repetition of a cyclical event. A cyclical event is something that happens again and again regularly.	you can mark the passing of time yourself by observing the repetition of a cyclical event a cyclical event is something that happens again and again regularly
train_484	658	1	 The very long days in the summer can lead to problems getting sufficient sleep and associated health issues.	the very long days in the summer can lead to problems getting sufficient sleep and associated health issues
train_485	711	1	 There is a tiny cave near the top that must be passed through. It is quite low and a rather tight squeeze.	there's a tiny cave near the top that must be passed through it is quite low and a rather tight squeeze
train_486	219	1	 Not all were supportive of the inclusion of the women's ranks.	not all were supportive of the inclusion of the women's ranks
train_487	311	1	 A formal anniversary event was scheduled to a later date, officials said.	a formal anniversary event was scheduled for a later date officials said
train_488	472	1	 The concept was that all European nations had to seek to prevent one nation from becoming powerful and thus national governments often changed their alliances in order to maintain the balance.	the concept was that all european nations had to seek to prevent one nation from becoming powerful and thus national governments often changed their alliances in order to maintain the balance
train_489	1489	1	 Fluke wrote that the efforts by some to drown out women from speaking about women's health were unsuccessful.	fluke wrote that the efforts by some to drown out women from speaking out about women's health were unsuccessful
train_490	1311	0	 Resembling a television remote, the controller uses two sensors placed near the user's television to triangulate its positions in three-dimensional space.	resembling a television remote the controller uses two sensors placed near the user's television to triangulate its position in three-dimensional space
train_491	38	1	 The PBS show has more than two dozen Emmy Awards, and its run is shorter only than Sesame Street and Mr. Rogers' Neighborhood.	the pbs show has more than two-dozen emmy awards and its run is shorter only than sesame street and mister rogers' neighborhood
train_492	14	1	 Nadal bagged 88% net points in the match winning 76 points in the first serve.	nadal bagged 88% net points in the match winning 76 points in the first serve
train_493	1337	1	 France is the seventh country in the European Union to suffer the virus, following Austria, Germany, Slovenia, Bulgaria, Greece and Italy.	france is the seventh country in the european union to suffer this virus following austria germany slovenia bulgaria greece and italy
train_494	793	1	 Increasingly, supermarkets are getting a more varied section of ready-made food. Some even provide a microwave oven or other means to heat food.	increasingly supermarkets are getting a more varied section of ready-made food some even provide a microwave oven or other means to heat food
train_495	1158	1	 USA Gymnastics supports an independent investigation that may shine light on how abuse of the proportion described so courageously by the survivors of Larry Nassar could have gone undetected for so long and embraces any necessary and appropriate changes.	usa gymnastics supports an independent investigation that may shine light on how abuse of the proportion described so courageously by the survivors of larry nassar could have gone undetected for so long and embraces any necessary and appropriate changes
train_496	980	1	 These can be dangerous if the traveler pursue the mirage wasting precious energy and remaining water.	these can be dangerous if the traveler pursue the mirage wasting precious energy and remaining water
train_497	1154	1	 Although Winfrey was tearful in her farewell, she made it clear to her fans that she will be back.	although winfrey was tearful in her farewell she made it clear to her fans she will be back
train_498	1011	0	 There are many French wines to be had, but the New Zealand and Australian wines might travel better.	there are many french wines to be had but the new zealand and australian wines might travel better
train_499	415	0	 Sophocles and Aristophanes are still popular playwrights and their plays are considered to be among the greatest works of world literature.	sophocles and aristophanes are still popular playwrights and their plays are considered to be among the greatest works of world literature
train_500	719	1	 Although Chile declared independence in 1810 amid the Napoleonic Wars that left Spain without a functioning central government for a couple of years, decisive victory over the Spanish was not achieved until 1818.	although chile declared independence in 1810 amid the napoleonic wars that left spain without a functioning central government for a couple of years decisive victory over the spanish was not achieved until 1818
train_501	1083	1	 During his trip, Iwaski ran into trouble on many occasions.	during his trip iwasaki ran into trouble on many occasions
train_502	40	1	 Each show would also provide recommendations for books that children should look for when they went to the library.	each show would also provide recommendations for books that children should look for when they went to their library
train_503	1357	1	 Pre-modern observatories are usually obsolete today and remain as museums or sites of education.	pre-modern observatories are usually obsolete today and remain as museums or sites of education
train_504	330	1	 During his time with the team, he scored 403 goals and 468 appearances.	during his time with the team he scored 403 goals in 468 appearances
train_505	435	1	 Luxembourg has always tried to remain a neutral country, but it was occupied in both World War I and World War II by Germany.	luxembourg has always tried to remain a neutral country but it was occupied in both world war i and world war ii by germany
train_506	877	0	 For those unfamiliar with medical jargon, the words infectious and contagious have distinct meanings.	for those unfamiliar with medical jargon the words infectious and contagious have distinct meanings
train_507	298	1	 The proposed amendment already passed both houses in 2011.	the proposed amendment already passed both houses in 2011
train_508	837	1	 Architecture is concerned with the design and construction of buildings. The architecture of a place is often a tourist attraction in its own right.	architecture is concerned with the design and construction of buildings the architecture of a place is often a tourist attraction in its own right
train_509	1414	1	 When completely brought up by non-human animals, the feral child exhibits behaviors within physical limits, almost entirely like those of the particular care animal, such as its fear of or indifference to humans.	when completely brought up by non-human animals the feral child exhibits behaviors within physical limits almost entirely like those of the particular care-animal such as its fear of or indifference to humans
train_510	1505	1	 Searches at security checkpoints have also become far more intrusive in the post-September 11, 2001 era.	searches at security checkpoints have also become far more intrusive in the post-september 11 2001 era
train_511	1399	1	 To better represent traffic flow, relationships have been established between the three main characteristics. 1. Flow 2. Density 3. Velocity	to better represent traffic flow relationships have been established between the three main characteristics: 1 flow 2 density and 3 velocity
train_512	1086	1	 14 schools in Hawaii located on or near coastlines were closed all of Wednesday despite the warnings being lifted.	fourteen schools in hawaii located on or near coastlines were closed all of wednesday despite the warnings being lifted
train_513	535	1	 Perhaps the most common type of tourism is what most people associate with traveling, recreation tourism.	perhaps the most common type of tourism is what most people associate with traveling recreation tourism
train_514	158	0	 Following the race, Kaselowski remains the driver's championship leader with 2250 points.	following the race keselowski remains the drivers' championship leader with 2,250 points
train_515	1481	0	 A walking safari, also called a bushwalk, hiking safari, or going footing, consists of hiking either for a few hours or several days.	a walking safari also called a bush walk hiking safari or going footing consists of hiking either for a few hours or several days
train_516	1365	0	 For instance, they didn't have corn, nor tomatoes, nor potatoes, nor cocoa, and no ancient Roman ever tasted a turkey.	for instance they didn't have corn nor tomatoes nor potatoes nor cocoa and no ancient roman ever tasted a turkey
train_517	90	1	 However, a source with knowledge of investigation told the Minneapolis Star Tribune that it was Louis Jourdan, 16-year-old son of Red Lake Tribal Chairman Floyd Jourdan.	however a source with knowledge of the investigation told the minneapolis star-tribune that it was louis jourdain 16-year old son of red lake tribal chairman floyd jourdain
train_518	295	1	 The Luno had 120 to 160 cubic meters of fuel aboard when it broke down and high winds and waves pushed it into the breakwater.	the luno had 120-160 cubic metres of fuel aboard when it broke down and high winds and waves pushed it into the breakwater
train_519	467	1	 But is our imagination based on reality? Why were castles built in the first place? How were they designed and built?	but is our imagination based on reality why were castles built in the first place how were they designed and built
train_520	64	0	 The National Congress of Brazil has debated legalization for 10 years and such civil marriages are currently only legal in Rio Grande do Sul.	the national congress of brazil has debated legalization for 10 years and such civil marriages are currently only legal in rio grande do sul
train_521	988	0	 These plateaus are often referred to as vidi, meaning a wide open treeless space, a boundless expanse.	these plateaus are often referred to as vidde meaning a wide open treeless space a boundless expanse
train_522	106	0	 In its most recent monthly report, OPEC says exports of crude have fallen to their lowest level for two decades at 2.8 million barrels per day.	in its most recent monthly report opec said exports of crude had fallen to their lowest level for two decades at 2.8 million barrels per day
train_523	705	1	 However, this shouldn't really be off your concern, because often tourists are shuffled around to fill the cars.	however this shouldn't really be off your concern because often tourists are shuffled around to fill the cars
train_524	257	0	 She said there is no intelligence to suggest that an attack is expected imminently.	she said there is no intelligence to suggest that an attack is expected imminently
train_525	1157	1	 Montevideo is in the subtropics. In the summer months, temperatures above 30 degrees Celsius are common.	montevideo is in the subtropics; in the summer months temperatures above +30°c are common
train_526	654	1	 The native inhabitants of Greenland call themselves Inuit in Canada and Kalalik plural Kalali a Greenlander in Greenland.	the native inhabitants of greenland call themselves inuit in canada and kalaalleq plural kalaallit a greenlander in greenland
train_527	59	1	 Police said Lipikoyo had the upper hand because he had been Provenzano's right-hand man in Palermo and his greatest experience won him the respect of the older generation of bosses as they pursued Provenzano's policy of his keeping as low as possible while strengthening their power network.	police said lo piccolo had the upper hand because he had been provenzano's right-hand man in palermo and his greater experience won him the respect of the older generation of bosses as they pursued provenzano's policy of keeping as low as possible while strengthening their power network
train_528	973	0	 Nevertheless, all French-speaking Belgians and Swiss would have learned standard French in school, so they would be able to understand you even if you use the standard French numbering system.	nevertheless all french-speaking belgians and swiss would have learned standard french in school so they would be able to understand you even if you used the standard french numbering system
train_529	239	1	 As far as we know, there is only one planetary body that displays more dynamicism than Titan, and its name is Earth, added Stofan.	as far as we know there is only one planetary body that displays more dynamism than titan and its name is earth added stofan
train_530	262	0	 Nigeria previously announced its plan to join the AFCFTA in the week leading up to the summit.	nigeria previously announced it planned to join the afcfta in the week leading up to the summit
train_531	696	0	 The city is holy to the three monotheistic religions, Judaism, Christianity, and Islam, and serves as a spiritual, religious, and cultural center.	the city is holy to the three monotheistic religions judaism christianity and islam and serves as a spiritual religious and cultural center
train_532	145	1	 That means everything has to be put back, said researcher at the Rift Valley Research Service in Ethiopia and a co-author of the study, Berhane Asfa.	that means everything has to be put back said researcher at the rift valley research service in ethiopia and a co-author of the study berhane asfaw
train_533	601	0	 Elements and compounds can move from one state to another and not change.	elements and compounds can move from one state to another and not change
train_534	920	0	 It can save money over buying new maps for a GPS or a standalone GPS device or renting one from a car rental company.	it can save money over buying new maps for a gps or a standalone gps device or renting one from a car rental company
train_535	205	1	 The twin otter had been trying to land at Kokoda yesterday as airlines PNG flight CG4684 but had aborted once already.	the twin otter had been trying to land at kokoda yesterday as airlines png flight cg4684 but had aborted once already
train_536	1153	0	 Many observed rhythms in physiology and behavior often crucially depend on the presence of indigenous cycles and their production through biological clocks.	many observed rhythms in physiology and behavior often crucially depend on the presence of endogenous cycles and their production through biological clocks
train_537	1483	0	 The effect the team was looking for would be caused by tidal forces between the galaxy's dark matter and the Milky Way's dark matter.	the effect the team was looking for would be caused by tidal forces between the galaxy's dark matter and the milky way's dark matter
train_538	1049	1	 The French Revolution also inspired many other repressed working-class people of other countries to begin their own revolutions.	the french revolution also inspired many other repressed working class people of other country's to began their own revolutions
train_539	610	1	 You can mark the passing of time yourself by observing the repetition of a cyclical event. A cyclical event is something that happens again and again regularly.	you can mark the passing of time yourself by observing the repetition of a cyclical event a cyclical event is something that happens again and again regularly
train_540	952	0	 You should choose your frequent flyer airline in an alliance carefully.	you should choose your frequent flyer airline in an alliance carefully
train_541	691	1	 The gloomy atmosphere of the temple and the view over Tollay Sap Lake make the climb to the hill worthwhile.	the gloomy atmosphere of the temple and the view over the tonle sap lake make the climb to the hill worthwhile
train_542	436	1	 In 1957, Luxembourg became a founding member of the organization which is today known as the European Union.	in 1957 luxembourg became a founding member of the organization which is today known as the european union
train_543	430	0	 Turkey's area, including lakes, occupies 783,562 km2 , of which 755,688 km2 are in Southwest Asia and 23,764 km2 in Europe.	turkey's area including lakes occupies 783,562 square kilometres 300,948 sq mi of which 755,688 square kilometres 291,773 sq mi are in south west asia and 23,764 square kilometres 9,174 sq mi in europe
train_544	410	1	 Most of the items buried with the Tun Haman have been well preserved, including thousands of artifacts made from precious metals and Mwera stones.	most of the items buried with tutankhamun have been well preserved including thousands of artefacts made from precious metals and rare stones
train_545	1349	1	 Efforts to search for the crash site are being met by bad weather and harsh terrain.	efforts to search for the crash site are being met by bad weather and harsh terrain
train_546	628	1	 This type of thinking is associated with certain science or standard procedures.	this type of thinking is associated with certain science or standard procedures
train_547	122	0	 The Broadcasting Services Act provided for the regulation of Internet content. However, to be considered Internet content, it must physically reside on a server.	the broadcasting services act provides for the regulation of internet content however to be considered internet content it must physically reside on a server
train_548	1093	1	 The secret to their success is the concept of the niche, a special job each cat holds that keeps it from competing with others.	the secret to their success is the concept of the niche a special job each cat holds that keeps it from competing with others
train_549	677	1	 Keep in mind while planning that although South Africa is stable, not all neighboring countries are.	keep in mind while planning that although southern africa is stable not all neighboring countries are
train_550	923	0	 While most cards are good for calling anywhere, some specialize in providing favorable call rates to specific groups of countries.	while most cards are good for calling anywhere some specialise in providing favourable call rates to specific groups of countries
train_551	906	1	 Personal VPN, Virtual Private Network, providers are an excellent way of circumventing both political censorship and commercial IP geo-filtering.	personal vpn virtual private network providers are an excellent way of circumventing both political censorship and commercial ip-geofiltering
train_552	2	1	 Lead researchers say this may bring early detection of cancer, tuberculosis, HIV, and malaria to patients in low-income countries where the survival rates for illnesses such as breast cancer can be half those of richer countries.	lead researchers say this may bring early detection of cancer tuberculosis hiv and malaria to patients in low-income countries where the survival rates for illnesses such as breast cancer can be half those of richer countries
train_553	442	0	 The Thais invaded Cambodia several times in the 18th century and in 1772 they destroyed Phnom Phen.	the thais invaded cambodia several times in the 18th century and in 1772 they destroyed phnom phen
train_554	1194	1	 Snyder testified via video link from a USAF base in his homeland.	schneider testified via videolink from a usaf base in his homeland
train_555	633	1	 For example, if you were to see someone breaking a car window, you would probably assume he was trying to steal a stranger's car.	for example if you were to see someone breaking a car window you would probably assume he was trying to steal a stranger's car
train_556	1230	1	 As the inter-district buses are often full, it is advisable to purchase a ticket a few days in advance.	as the inter-district buses are often full it is advisable to purchase a ticket a few days in advance
train_557	18	0	 British newspaper The Guardian suggested Deutsche Bank controlled roughly a third of the 1,200 shell companies used to accomplish this.	british newspaper the guardian suggested deutsche bank controlled roughly a third of the 1200 shell companies used to accomplish this
train_558	697	0	 Due to the religious significance of the city, and in particular the many sites of the Old City area, Jerusalem is one of the main tourist destinations in Israel.	due to the religious significance of the city and in particular the many sites of the old city area jerusalem is one of the main tourist destinations in israel
train_559	1120	0	 Downhill snow sports, which include skiing and snowboarding, are popular sports involving sliding down snow-covered terrain with skis or a snowboard attached to your feet.	downhill snowsports which include skiing and snowboarding are popular sports involving sliding down snow-covered terrain with skis or a snowboard attached to your feet
train_560	146	1	 Until now, AOL has been able to move and develop the IAM market at its own pace due to its widespread use within the United States.	until now aol has been able to move and develop the im market at its own pace due to its widespread use within the united states
train_561	1056	1	 But if used without further qualifiers, the term tends to mean the food originally from the central and eastern parts of the main island Java.	but if used without further qualifiers the term tends to mean the food originally from the central and eastern parts of the main island java
train_562	1346	1	 At Thursday's keynote presentation of the Tokyo Game Show, Nintendo president Satoru Iwata unveiled the controller design for the company's new Nintendo Revolution console.	at thursday's keynote presentation of the tokyo game show nintendo president satoru iwata unveiled the controller design for the company's new nintendo revolution console
train_563	24	1	 Today's player of the day is Alex Ovechkin of the Washington Capitals.	today's player of the day is alex ovechkin of the washington capitals
train_564	41	1	 John Grant from WNED Buffalo, Reading Rainbow's home station, said, Reading Rainbow taught kids why to read. The love of reading the show encouraged kids to pick up a book and to read.	john grant from wned buffalo reading rainbow's home station said reading rainbow taught kids why to read,... the love of reading — [the show] encouraged kids to pick up a book and to read.
train_565	100	0	 A power failure following a routine fire command system test caused relief valves to open and crude oil overflowed near the Fort Greeley Pump Station 9.	a power failure following a routine fire-command system test caused relief valves to open and crude oil overflowed near the fort greely pump station 9
train_566	992	1	 At the edge of glaciers huge blocks break loose, fall down and perhaps jump or roll further from the edge.	at the edge of glaciers huge blocks break loose fall down and perhaps jump or roll farther from the edge
train_567	490	1	 However, in June 1956, Khrushchev's promises were put to the test when riots in Poland, where workers were protesting against food shortages and wage cuts, turned into a general protest against communism.	however in june 1956 krushchev's promises were put to the test when riots in poland where workers were protesting against food shortages and wage cuts turned into a general protest against communism
train_568	434	0	 Present-day parts of Belgium were part of Luxembourg in the past, but became Belgian after the 1830s Belgian Revolution.	present-day parts of belgium were part of luxembourg in the past but became belgian after the 1830s belgian revolution
train_569	276	1	 Coleman's policy disqualified Planned Parenthood due to a pending investigation on how Planned Parenthood spends and reports its money that is being conducted by the representative Cliff Stearns.	komen's policy disqualified planned parenthood due to a pending investigation on how planned parenthood spends and reports its money that is being conducted by representative cliff stearns
train_570	290	1	 The United States Geological Survey International Earthquake Map showed no earthquakes in Iceland in the week prior.	the united states geological survey international earthquake map showed no earthquakes in iceland in the week prior
train_571	1288	0	 Books and magazines dealing with wilderness survival are common, but publications dealing with war zones are few.	books and magazines dealing with wilderness survival are common but publications dealing with war zones are few
train_572	597	1	 Cell comes from the Latin word, cella, which means small room.	cell comes from the latin word cella which means small room
train_573	42	1	 It is believed by some, including John Grant, that both the funding crunch and a shift in the philosophy of educational television programming contributed to ending the series.	it is believed by some including john grant that both the funding crunch and a shift in the philosophy of educational television programming contributed to ending the series
train_574	51	1	 In the last three months, over 80 arrestees were released from the central booking facility without being formally charged.	in the last 3 months over 80 arrestees were released from the central booking facility without being formally charged
train_575	801	1	 When people don't see moose as potentially dangerous, they may approach too closely and put themselves at risk.	when people don't see moose as potentially dangerous they may approach too closely and put themselves at risk
train_576	1252	1	 Crown Office, which is in overall charge of prosecutions, has indicated to journalists that no further comment will be made, at least until indictment.	crown office which is in overall charge of prosecutions has indicated to journalists that no further comment will be made at least until indictment
train_577	1495	0	 Others include Livingston Island and Deception where the flooded caldera of a still active volcano provides a spectacular natural harbor.	others include livingston island and deception where the flooded caldera of a still-active volcano provides a spectacular natural harbour
train_578	1370	0	 Chambers, an agnostic, argues that his lawsuit is frivolous and anybody can sue anybody.	chambers an agnostic argues that his lawsuit is frivolous and anybody can sue anybody
train_579	75	1	 Moreover, top Judge Evangelos Kalousis is in prison as he found guilty of corruption and degenerate behavior.	moreover top judge evangelos kalousis is imprisoned as he found guilty of corruption and degenerate behaviour
train_580	748	1	 Breakfast may include seasonal delights of the region or the host's specialty dish.	breakfast may include seasonal delights of the region or the host's speciality dish
train_581	1004	1	 It has been known for a long time that different types of brain damage, traumas, lesions, and tumors affect behavior and cause changes in some mental functions.	it has been known for a long time that different types of brain damage traumas lesions and tumours affect behaviour and cause changes in some mental functions
train_582	1219	1	 For a comparison of population that surprises many, there are more African Americans living in the U.S. than there are Canadian citizens.	for a comparison of population that surprises many there are more african americans living in the us than there are canadian citizens
train_583	662	1	 His frequent portrayal in music, films, literature, and popular culture has helped make the city and its landmarks known throughout the world.	its frequent portrayal in music films literature and popular culture has helped make the city and its landmarks known throughout the world
train_584	702	1	 Cuban citizens who are U.S. green card holders should visit an Ecuadorian consulate to obtain an exemption to this requirement.	cuban citizens who are us green card holders should visit an ecuadorian consulate to obtain an exemption to this requirement
train_585	138	0	 Fish often die because of the high concentrations of the toxin in the waters.	fish often die because of the high concentrations of the toxin in the waters
train_586	829	1	 The advice assumes that travelers do not steal, trespass, participate in an illegal market, beg, or otherwise exploit other people for their own gain.	the advice assumes that travellers do not steal trespass participate in the illegal market beg or otherwise exploit other people for their own gain
train_587	1059	1	 The willingness of governments to issue passports with gender not stated, X, or documents updated to match a desired name and gender varies.	the willingness of governments to issue passports with gender not stated x or documents updated to match a desired name and gender varies
train_588	259	0	 While authorities are unsure of the credibility of the threat, the Maryland Transportation Authority made the closure with the urging of the FBI.	while authorities are unsure of the credibility of the threat the maryland transportaion authority made the closure with the urging of the fbi
train_589	1245	1	 Visibility may also be restricted by falling or blowing snow or by condensation or ice on vehicle windows.	visibility may also be restricted by falling or blowing snow or by condensation or ice on vehicle windows
train_590	1074	0	 remains of sewage systems have been found in the houses of the Minoan series of Crete and Centenary English	remains of sewage systems have been found in the houses of the minoan cities of crete and santorini in greece
train_591	1365	0	 For instance, they didn't have corn, nor tomatoes, nor potatoes, nor cocoa, and no ancient Roman ever tasted a turkey.	for instance they didn't have corn nor tomatoes nor potatoes nor cocoa and no ancient roman ever tasted a turkey
train_592	207	0	 The crash site was located today and is so inaccessible that two policemen were dropped into the jungle in order to hike to the scene and seek survivors.	the crash site was located today and is so inaccessable that two policemen were dropped into the jungle in order to hike to the scene and seek survivors
train_593	224	1	 Blake was also convicted of attempting to pervert the course of justice.	blake was also convicted of attempting to pervert the course of justice
train_594	212	0	 No major injuries were reported, but at least five people unseen at the time of the explosion were treated for symptoms of shock.	no major injuries were reported but at least five people on scene at the time of the explosion were treated for symptoms of shock
train_595	489	0	 The religion was founded in the 15th century by Guru Nanak . There followed in succession a further nine gurus.	the religion was founded in the 15th century by guru nanak 1469–1539. there followed in succession a further nine gurus
train_596	37	0	 Construction is ongoing for five new skyscrapers at the site with a transportation center and memory park in the middle.	construction is ongoing for five new skyscrapers at the site with a transportation center and memorial park in the middle
train_597	208	1	 The search had been hampered by the same bad weather that had caused the aborted landing.	the search had been hampered by the same bad weather that had caused the aborted landing
train_598	561	0	 To check the victim, you must first survey the scene to ensure your safety.	to check the victim you must first survey the scene to ensure your safety
train_599	951	1	 Try to talk to as many people as possible. After a while, everyone will know you and will give you hints as to which boat is looking for someone.	try to talk to as many people as possible after a while everyone will know you and will give you hints as to which boat is looking for someone
train_600	816	1	 Internationally, there are nearly 200 running tour organizations. Most of them operate independently.	internationally there are nearly 200 running tour organizations most of them operate independently
train_601	1098	1	 The bill requires violent video games sold in the state of California to be labeled with a decal reading 18 and make their sales to a minor punishable by a fine of $1,000 per offense.	the bill requires violent video games sold in the state of california to be labeled with a decal reading 18 and makes their sale to a minor punishable by a fine of $1000 per offense
train_602	1134	0	 The Kakou region was home to other groups of indigenous tribes such as Wauskuru and Paiakua were survived by hunting, gathering and fishing.	the chaco region was home to other groups of indigenous tribes such as the guaycurú and payaguá who survived by hunting gathering and fishing
train_603	1277	1	 If you want some small though rich pastries, try what depending on region are called Berliner, Panfuken or Krapfen.	if you want some small though rich pastries try what depending on region are called berliner pfannkuchen or krapfen
train_604	382	1	 England had experienced a long period of peace after the reconquest of the Danlaw.	england had experienced a long period of peace after the reconquest of the danelaw
train_605	794	1	 In some countries or types of stores, there is at least one on-site restaurant, often a rather informal one with affordable prices.	in some countries or types of stores there is at least one on-site restaurant often a rather informal one with affordable prices
train_606	755	0	 Some hotels have a heritage from the golden age of steam railways and ocean liners before the Second World War in the 19th or early 20th centuries.	some hotels have a heritage from the golden age of steam railways and ocean liners before the second world war in the 19th or early 20th centuries
train_607	1336	1	 Hamilton confirmed Howard University Hospital admitted the patient in stable condition.	hamilton confirmed howard university hospital admitted the patient in stable condition
train_608	737	0	 It is possible to secure a park permit directly from the ranger station in Puerto Jimenez but they do not accept credit cards.	it is possible to secure park permits directly from the ranger station in puerto jiménez but they do not accept credit cards
train_609	1479	0	 Gold may be worked into all sorts of shapes. It can be rolled into tiny shapes.	gold may be worked into all sorts of shapes it can be rolled into tiny shapes
train_610	1316	1	 Some roads have been damaged, where a service interrupted in the affected areas and the Noto Airport in Ishikawa Prefecture remains closed.	some roads have been damaged railway service interrupted in the affected areas and the noto airport in ishikawa prefecture remains closed
train_611	967	1	 Cinque Terre, which means five lands, comprises the five small coastal villages of Rigomori, Monarola, Coringula, Veranasa, and Monterosso, located in the Italian region of Liguria.	cinque terre which means five lands comprises the five small coastal villages of riomaggiore manarola corniglia vernazza and monterosso located in the italian region of liguria
train_612	672	0	 Does a black back County permit for any start date in may become available on? 1 January	thus a backcountry permit for any start date in may becomes available on 1 jan
train_613	596	0	 A cell is the smallest structural and functional unit of a living things .	a cell is the smallest structural and functional unit of a living things organism
train_614	549	1	 With the change from the quarter to the half mile run, speed becomes much less important and endurance becomes an absolute necessity.	with the change from the quarter to the half mile run speed becomes of much less importance and endurance becomes an absolute necessity
train_615	315	1	 In his notes, he used words which some parents consider coarse, and he reportedly used profanity in class.	in his notes he used words which some parents considered coarse and he reportedly used profanity in class
train_616	1290	1	 For news on tournaments and where to buy tickets for polo matches, check Association Argentina de Polo.	for news on tournaments and where to buy tickets for polo matches check asociacion argentina de polo
train_617	1478	1	 It is still produced today, but more importantly, its aspect ratio has been inherited by digital camera image sensor formats.	it is still produced today but more importantly its aspect ratio has been inherited by digital camera image sensor formats
train_618	203	1	 The precipitation reaching 6.34 inches at a gouge on Ajo was described as a beneficial.	the precipitation reaching 6.34 inches at a gauge on oahu was described as beneficial
train_619	1436	0	 Casinos typically make many efforts to maximize time and money spent by guests. Windows and clocks are usually absent and exits can be hard to find.	casinos typically make many efforts to maximize time and money spent by guests windows and clocks are usually absent and exits can be hard to find
train_620	920	1	 It can save money over buying new maps for a GPS or a standalone GPS device, or renting one from a car rental company.	it can save money over buying new maps for a gps or a standalone gps device or renting one from a car rental company
train_621	1251	1	 Everyone can achieve enlightenment. The only thing standing in the way of this goal is out of our own tension and negativity.	everyone can achieve enlightenment the only thing standing in the way of this goal is our own tension and negativity
train_622	518	1	 The chimpanzee's hand and foot are similar in size and length, reflecting the hands used for bearing weight in knuckle walking.	the chimpanzee's hand and foot are similar in size and length reflecting the hand's use for bearing weight in knuckle walking
train_623	1411	1	 Most of the monasteries do provide wraps for women who come unprepared. But if you bring your own, especially one with bright colors, you'll get a smile from the monk or nun at the entrance.	most of the monasteries do provide wraps for women who come unprepared but if you bring your own especially one with bright colors you'll get a smile from the monk or nun at the entrance
train_624	656	0	 Cold weather is perhaps the only real danger the unprepared will face.	cold weather is perhaps the only real danger the unprepared will face
train_625	1081	1	 Farther south is Niagara Falls and the north is home to the untapped natural beauty of the Moose Caca and beyond.	farther south is niagara falls and the north is home to the untapped natural beauty of the muskoka and beyond
train_626	1058	0	 According to park authorities, stay at least 100 yards or meters away from bears and wolves and 25 yards or meters from other wild animals.	according to park authorities stay at least 100 yards/meters away from bears and wolves and 25 yards/meters from all other wild animals!
train_627	22	0	 Say also argued that the photogenic ma was more style than substance.	hsieh also argued that the photogenic ma was more style than substance
train_628	1246	1	 In late 2015, Toggenek established Astronet Radio as a subsidiary station.	in late 2015 toginet established astronet radio as a subsidiary station
train_629	845	0	 While it is far from a modern phenomenon, most people probably associate it with youth vandalizing public and private property using spray paint.	while it's far from a modern phenomenon most people probably associate it with youth vandalizing public and private property using spray paint
train_630	216	1	 The International Olympic Committee voted to include the sports at its executive board meeting in Berlin today. Rugby, specifically rugby union and golf, were selected over five other sports to be considered to participate in the Olympics.	the international olympic committee voted to include the sports at its executive board meeting in berlin today rugby specifically rugby union and golf were selected over five other sports to be considered to participate in the olympics
train_631	280	1	 As a winner-takes-all state, Florida awarded all 50 of its delegates to Romney, pushing him ahead as the frontrunner for the Republican Party nomination.	as a winner-takes-all state florida awarded all fifty of its delegates to romney pushing him ahead as the front-runner for the republican party nomination
train_632	755	0	 Some hotels have a heritage from the golden age of steel railways and ocean liners before the Second World War in the 19th or early 20th centuries.	some hotels have a heritage from the golden age of steam railways and ocean liners before the second world war in the 19th or early 20th centuries
train_633	981	0	 Even the hottest deserts can become extremely cold at night. Hyperthermia is a real risk without warm clothing.	even the hottest of deserts can become extremely cold at night hypothermia is a real risk without warm clothing
train_634	1116	0	 All the ships were sunk except for one British cruiser. Nearly 200 American and German lives were lost.	all the ships were sunk except for one british cruiser nearly 2:00 american and german lives were lost
train_635	1389	1	 Booking in advance gives the traveler peace of mind that they will have somewhere to sleep once they arrive at their destination.	booking in advance gives the traveller peace of mind that they will have somewhere to sleep once they arrive at their destination
train_636	553	1	 Maintaining a healthy energy balance, practicing effective hydration habits, and understanding the various aspects of supplementation practices can help athletes improve their performance and increase their enjoyment of the sport.	maintaining a healthy energy balance practicing effective hydration habits and understanding the various aspects of supplementation practices can help athletes improve their performance and increase their enjoyment of the sport
train_637	347	1	 People were hitting the panes with chairs, but the windows were unbreakable.	people were hitting the panes with chairs but the windows were unbreakable
train_638	823	1	 Although most agencies are willing to take on most regular bookings, many agents specialize in particular types of travel, budget ranges, or destinations.	although most agencies are willing to take on most regular bookings many agents specialise in particular types of travel budget ranges or destinations
train_639	1212	0	 Britain mine international waters to prevent any ships from entering entire section of ocean, causing danger to even neutral ships.	britain mined international waters to prevent any ships from entering entire sections of ocean causing danger to even neutral ships
train_640	790	1	 Imagine, if you will, a Manchunian, Bostonian, Jamaican, and Sidesider sitting around a table having dinner at a restaurant in Toronto.	imagine if you will a mancunian bostonian jamaican and sydneysider sitting around a table having dinner at a restaurant in toronto
train_641	392	1	 Sanskrit is a very complex and rich language, which has served to be the source for many modern Indian languages, just like Latin is the source for European languages like French and Spanish.	sanskrit is a very complex and rich language which has served to be the source for many modern indian languages just like latin is the source for european languages like french and spanish
train_642	371	0	 These plants look like a small palm tree with a crown of sharp spiky leaves.	these plants look like a small palm tree with a crown of sharp spiky leaves
train_643	1305	1	 Yet, Spanish is also widely used in public transport and other facilities.	yet spanish is also widely used in public transport and other facilities
train_644	1264	1	 Tommy Dreamer said, Lunar was the first queen of extreme. My first manager. Luna passed away on the night of two moons. Pretty unique, just like her. Strong woman.	tommy dreamer said luna was the first queen of extreme my first manager luna passed away on the night of two moons pretty unique just like her strong woman
train_645	395	1	 But the Royal Navy was still much stronger than the German Navy, Creek's Marine, and could have destroyed any invasion fleet sent across the English Channel.	but the royal navy was still much stronger than the german navy  kriegsmarine” and could have destroyed any invasion fleet sent across the english channel
train_646	799	0	 Also, give policy contact copies to traveling companions and relatives or friends back home willing to help.	also give policy/contact copies to traveling companions and relatives or friends back home willing to help
train_647	826	0	 If you want to see the world on the cheap for necessity, lifestyle or challenge, there are some ways to do that.	if you want to see the world on the cheap for necessity lifestyle or challenge there are some ways to do that
train_648	593	1	 Animals are made of many cells. They eat things and digest them inside. Most animals can move.	animals are made of many cells they eat things and digest them inside most animals can move
train_649	705	1	 However, this shouldn't really be off your concern because often tourists are shuffled around to fill the cars.	however this shouldn't really be off your concern because often tourists are shuffled around to fill the cars
train_650	1438	1	 The satellites, both of which weighed in excess of a thousand pounds and traveling at approximately 17,500 miles per hour, collided 491 miles above the Earth.	the satellites both of which weighed in excess of 1,000 pounds and traveling at approximately 17,500 miles per hour collided 491 miles above the earth
train_651	900	0	 Avalanches are not an abnormality. Steep slopes can hold only so much snow, and the excess volumes will come down as avalanches.	avalanches are not an abnormality steep slopes can hold only so much slow and the excess volumes will come down as avalanches
train_652	578	1	 The cell is the basic unit of all living things and all organisms are composed of one or more cells.	the cell is the basic unit of all living things and all organisms are composed of one or more cells
train_653	492	1	 The Indus Valley Civilization was a Bronze Age civilization in the northwest Indian subcontinent, encompassing most of modern-day Pakistan and some regions in northwest India and northeast Afghanistan.	the indus valley civilization was a bronze age civilisation in the northwest indian subcontinent encompassing most of modern-day pakistan and some regions in northwest india and northeast afghanistan
train_654	1208	0	 Several hostages have been rescued and at least six have been confirmed dead so far.	several hostages have been rescued and least six have been confirmed dead so far
train_655	996	0	 Airlines that offer these include Air Canada, Delta Airlines, Lufthansa for flights originating from the US or Canada, and WestJet.	airlines that offer these include air canada delta air lines lufthansa for flights originating from the u.s. or canada and westjet
train_656	939	1	 While immigration check is usually absent or a formality, when you arrive in your homeland, customs control can be a hassle.	while immigration check is usually absent or a formality when you arrive in your homeland customs control can be a hassle
train_657	954	0	 Airlines such as Emirates, Etihad Airways, Qatar Airways and Turkish Airlines have greatly expanded their services to Africa and offer connection to many major African cities at competitive rates than other European airlines.	airlines such as emirates etihad airways qatar airways & turkish airlines have greatly expanded their services to africa and offer connections to many major african cities at competitive rates than other european airlines
train_658	892	0	 The South Pole Traverse or Highway is a 1600 km trail from McMurdo Station on the Ross Sea to the Pole.	the south pole traverse or highway is a 1600 km trail from mcmurdo station on the ross sea to the pole
train_659	604	1	 It has the same molecular structure whether it has a gas, liquid or solid.	it has the same molecular structure whether it is a gas liquid or solid
train_660	69	1	 Tenants at Lockwood Gardens believe that there may have been another 40 families or more to face eviction since they learned that OHA police are also investigating other public housing properties in Oakland that may be caught up in the housing scam.	tenants at lockwood gardens believe that there may be another 40 families or more to face eviction since they learned that oha police are also investigating other public housing properties in oakland that may be caught up in the housing scam
train_661	1191	0	 Although wagon ways merely consisted of parallel planks of wood, they allowed horses pulling them to achieve greater speeds and pull larger loads than on the slightly more rough roads of the day.	although wagonways merely consisted of parallel planks of wood they allowed horses pulling them to achieve greater speeds and pull larger loads than on the slightly more rough roads of the day
train_662	198	1	 The president's condition is stable though he will be isolated at home for several days.	the president's condition is stable though he will be isolated at home for several days
train_663	248	1	 These agents are responsible for providing government and judicial services under Article 247 of the Pakistani Constitution.	these agents are responsible for providing government and judicial services under article 247 of the pakistani constitution
train_664	1477	0	 It is obvious enough that the world has changed much because of humankind's scientific and technological advancements, and problems have become greater because of overpopulation and mankind's extravagant lifestyle.	it is obvious enough that the world has changed much because of humankind's scientific and technological advancements and problems have become greater because of overpopulation and mankind's extravagant lifestyle
train_665	424	1	 As time passed, many words that were borrowed from German, Kolosked. This was the beginning of enlightenment.	as time passed many words that were borrowed from german coalesced this was the beginning of enlightenment
train_666	138	0	 Fish often die because of the high concentrations of the toxin in the waters.	fish often die because of the high concentrations of the toxin in the waters
train_667	32	0	 Pica Jr. crashed in the 2008 Singapore Grand Prix just after an early pit stop for Fernando Alonso, bringing out the safety car.	piquet jr crashed in the 2008 singapore grand prix just after an early pit stop for fernando alonso bringing out the safety car
train_668	591	1	 But if this ever does happen, probably won't happen for a very long time. The stars are so spread out that they are trillions of miles between stars that are neighbors.	but if this ever does happen probably won't happen for a very long time the stars are so spread out that there are trillions of miles between stars that are neighbors
train_669	514	1	 As the ability to obtain knowledge and learn changed in such a way as mentioned above, the base rate at which knowledge was obtained changed.	as the ability to obtain knowledge and to learn changed in such a way as mentioned above the base rate at which knowledge was obtained changed
train_670	1357	1	 Pre-modern observatories are usually obsolete today and remain as museums or sites of education.	pre-modern observatories are usually obsolete today and remain as museums or sites of education
train_671	1407	1	 Duty-free shopping is the opportunity to buy goods exempted from taxes and excises at certain locations.	duty free shopping is the opportunity to buy goods exempted from taxes and excises at certain locations
train_672	350	0	 Scientists were working to create a reactor that can make energy in the same way.	scientists are working to create a reactor that can make energy in the same way
train_673	635	0	 MRI is based on physics phenomenon called nuclear magnetic resonance , which was discovered in the 1930s by Felix Blotch working at Stanford University and Edward Purcell from Harvard University.	mri is based on a physics phenomenon called nuclear magnetic resonance nmr which was discovered in the 1930s by felix bloch working at stanford university and edward purcell from harvard university
train_674	349	0	 Stars give off light and heat because of the energy made when hydrogen atoms are merged or fused together to form heavier elements.	stars give off light and heat because of the energy made when hydrogen atoms are merged or fused together to form heavier elements
train_675	80	1	 The two sides would meet in the major semifinal where Nusa ran out winners by 11 points.	the two sides would meet in the major semi final where noosa ran out winners by 11 points
train_676	526	1	 Things did not go well for the Italians in North Africa almost from the start. Within a week of Italy's declaration of war on June 10, 1940, the British 11th Hussars had seized Fort Capuzzo in Libya.	things did not go well for the italians in north africa almost from the start within a week of italy's declaration of war on june 10 1940 the british 11th hussars had seized fort capuzzo in libya
train_677	899	0	 Heels should be low and wide. Sand, gravel or salt is often scattered on roads or paths to improve traction.	heels should be low and wide. sand gravel or salt calcium chloride is often scattered on roads or paths to improve traction
train_678	896	1	 At a minimum you need to wear footwear with suitable soles. Summer shoes are usually very slippery on ice and snow. Even some winter boots are deficient.	at a minimum you need footwear with suitable soles summer shoes are usually very slippery on ice and snow even some winter boots are deficient
train_679	751	1	 Unlike larger vehicles, you are probably already familiar with driving your car and know its limitations.	unlike larger vehicles you are probably already familiar with driving your car and know its limitations
train_680	1046	1	 Suits are standard business attire and co-workers call each other by their family names or by job titles.	suits are standard business attire and coworkers call each other by their family names or by job titles
train_681	70	1	 The band canceled the show at Maui's War Memorial Stadium, which was set to be attended by 9,000 people, and apologized to fans.	the band canceled the show at maui's war memorial stadium which was set to be attended by 9,000 people and apologized to fans
train_682	945	1	 It can also be a good way to stretch a budget to allow a longer stay somewhere, since many volunteer jobs provide room and board, and a few pay a small salary.	it can also be a good way to stretch a budget to allow a longer stay somewhere since many volunteer jobs provide room and board and a few pay a small salary
train_683	600	0	 They look like rooms. He was the first person to observe dead cells.	they looked like rooms he was the first person to observe dead cells
train_684	1239	0	 Anyone planning to visit a country that could be considered a war zone should get professional training.	anyone planning a visit to a country that could be considered a war zone should get professional training
train_685	80	0	 The two sides would meet in the major semi-final where Nolsu run out winners by 11 points.	the two sides would meet in the major semi final where noosa ran out winners by 11 points
train_686	1222	0	 Moldova is a multi-ethnic republic that has suffered from ethnic conflict.	moldova is a multi-ethnic republic that has suffered from ethnic conflict
train_687	607	0	 Time has been studied by religious, philosophical and scientific scholars for thousands of years.	time has been studied by religious philosophical and scientific scholars for thousands of years
train_688	999	1	 But regardless of his discovery, Eskimo tribes were already living there at the time.	but regardless of his discovery eskimo tribes were already living there at the time
train_689	66	1	 Protesters hope to collect a petition of 1.2 million signatures to present to the National Congress in November.	protesters hope to collect a petition of 1.2 million signatures to present to the national congress in november
train_690	1052	1	 Other biorhythm-based options involve drinking lots of fluid, particularly water or tea prior to sleep, forcing one to get up to urinate.	other biorhythm-based options involve drinking lots of fluid particularly water or tea a known diuretic prior to sleep forcing one to get up to urinate
train_691	245	1	 Some may not agree, but I don't care.	some may not agree but i don't care
train_692	391	1	 The earliest known book in the world is written in Sanskrit. After the compilation of Up and Seds, Sanskrit just faded due to hierarchy.	the earliest known book in the world was written in sanskrit after the compilation of upanishads sanskrit just faded due to hierarchy
train_693	1179	0	 In 1895, after defeat in the First Sino-Japanese War , the Qing government signs the Treaty of Shimonoseki by which it cedes sovereignty over Taiwan to Japan, which rules the island until 1945.	in 1895 after defeat in the first sino-japanese war 1894-1895 the qing government signs the treaty of shimonoseki by which it cedes sovereignty over taiwan to japan which rules the island until 1945
train_694	922	1	 Every corner store is filled with a confusing array of prepaid phone cards that can be used from payphones or ordinary telephones.	every corner store is filled with a confusing array of pre-paid phone cards that can be used from pay phones or ordinary telephones
train_695	846	0	 However, nowadays there are established graffiti artists, graffiti events, and legal walls. Graffiti paintings in this context often resemble artworks rather than eligible tags.	however nowadays there are established graffiti artists graffiti events and legal walls graffiti paintings in this context often resemble artworks rather than illegible tags
train_696	1443	1	 Cherry blossom viewing, known as hanami, has been a part of Japanese culture since the 8th century.	cherry blossom viewing known as hanami has been a part of japanese culture since the 8th century
train_697	844	1	 Unwanted murals or scribble art is known as graffiti.	unwanted murals or scribble is known as graffiti
train_698	53	1	 The Commissioner sets bail if granted and formalizes the charges filed by the arresting officer. The charges are then entered into the state's computer system where the case is tracked.	the commissioner sets bail if granted and formalizes the charges filed by the arresting officer the charges are then entered into the state's computer system where the case is tracked
train_699	1126	0	 This too can be borrowed from the stock at the entrance, but that clothing wasn't washed after every use so you may not feel comfortable wearing these skirts. One size fits all for men.	this too can be borrowed from the stock at the entrance but that clothing isn't washed after every user so you may not feel comfortable wearing these skirts one size fits all for men
train_700	424	0	 As time passed, many words that were borrowed from German, coalesced. This was the beginning of enlightenment.	as time passed many words that were borrowed from german coalesced this was the beginning of enlightenment
train_701	507	0	 This page can easily be accessed by providing just one web address, which makes it easy to remember and easy to type in for students who may have trouble using the keyboard or with spelling.	this page can easily be accessed by providing just one web address which makes it easy to remember and easy to type in for students who may have trouble using the keyboard or with spelling
train_702	496	1	 Doctors began to be recruited by Emperor Augustus and even formed the first Roman medical corps for the use in the aftermath of battles.	doctors began to be recruited by emperor augustus and even formed the first roman medical corps for use in the aftermath of battles
train_703	1449	0	 He cave itself which survived the times gives a very vivid image of Muhammad's spiritual inclinations.	he cave itself which survived the times gives a very vivid image of muhammad's spiritual inclinations
train_704	47	0	 250 years later, Guinness has grown to a global business that turns over 10 billion euros every year.	250 years later guinness has grown to a global business that turns over 10 billion euros us$14.7 billion every year
train_705	1504	0	 Congress lacked any power to impose taxes and because there was no national executive or judiciary it relied on state authorities who were often uncooperative to enforce all its acts.	congress lacked any power to impose taxes and because there was no national executive or judiciary it relied on state authorities who were often uncooperative to enforce all its acts
train_706	574	1	 In the nomadic phase, army ants march at night and stop to camp during the day.	in the nomadic phase army ants march at night and stop to camp during the day
train_707	851	0	 The pit is either heated with hot stones from a fire, or in some places geothermal heat makes areas of ground naturally hot.	the pit is either heated with hot stones from a fire or in some places geothermal heat makes areas of ground naturally hot
train_708	868	1	 Many a stable, capable traveler has been overcome by the newness of developing world travel where many little cultural adjustments can add up quickly.	many a stable capable traveler has been overcome by the newness of developing world travel where many little cultural adjustments can add up quickly
train_709	1323	0	 But the consumer market on laptop computer will be radically varied and changed after ASUS was awarded in the 2007 Taiwan Sustainable Award by Executive Yuan of the Republic of China.	but the consumer market on laptop computer will be radically varied and changed after asus was awarded in the 2007 taiwan sustainable award by executive yuan of the republic of china
train_710	26	0	 Of 10 first assist of the night was on the game winning goal by rookie Nicholas Backstrom.	ovechkin's first assist of the night was on the game-winning goal by rookie nicklas backstrom
train_711	1474	1	 According to Mick O'Flynn, the Acting Director, Park Conservation and Heritage with the NPWS, the four shooters selected for the first shooting operation received comprehensive safety and training instruction.	according to mick o'flynn the acting director park conservation and heritage with the npws the four shooters selected for the first shooting operation received comprehensive safety and training instruction
train_712	1282	0	 Germany was a common enemy in World War II, leading to cooperation between the USSR and USA. With the end of the war and clashes of system, process and culture led to countries falling out.	germany was a common enemy in world war 2 leading to cooperation between the ussr and usa with the end of the war the clashes of system process and culture led to the countries falling out
train_713	469	1	 Its large glazed windows and thin walls would not have been able to resist a determined attack for long.	its large glazed windows and thin walls would not have been able to resist a determined attack for long
train_714	440	0	 After the fire, the fortress was preserved and protected, remaining to be one of Bhutan's most sensational attractions.	after the fire the fortress was preserved and protected remaining to be one of bhutan's most sensational attractions
train_715	1046	0	 Suits are standard business attire and co-workers call each other by their family names or by job titles.	suits are standard business attire and coworkers call each other by their family names or by job titles
train_716	397	1	 Let's start with an explanation about Italy's plans. Italy was mainly the little brother of Germany and Japan.	let's start with an explanation about italy's plans italy was mainly the little brother of germany and japan
train_717	19	1	 There were protests worldwide, several criminal prosecutions, and the leaders of the governments of Iceland and Pakistan both resigned.	there were protests worldwide several criminal prosecutions and the leaders of the governments of iceland and pakistan both resigned
train_718	28	1	 Batten was ranked 190th on the 2008 400 richest Americans list with an estimated fortune of $2.3 billion.	batten was ranked 190th on the 2008 400 richest americans list with an estimated fortune of $2.3 billion
train_719	312	0	 The couple had married in Texas one year ago and came to Buffalo to celebrate with friends and relatives.	the couple had married in texas one year ago and came to buffalo to celebrate with friends and relatives
train_720	1473	0	 They all ran back from where the accident had happened.	they all ran back from where the accident had happened
train_721	1144	1	 No major damage or injuries have been reported in Tonga, but power was temporarily lost, which reportedly prevented Tongan authorities from receiving the tsunami warning issued by the PTWC.	no major damage or injuries have been reported in tonga but power was temporarily lost which reportedly prevented tongan authorities from receiving the tsunami warning issued by the ptwc
train_722	951	0	 Try to talk to as many people as possible, while after a while everyone will know you and will give you hints as to which boat is looking for someone.	try to talk to as many people as possible after a while everyone will know you and will give you hints as to which boat is looking for someone
train_723	1187	1	 Hershey and Chase use phages or viruses to implant their own DNA into a bacterium.	hershey and chase used phages or viruses to implant their own dna into a bacterium
train_724	1262	0	 The cities of Harappa and Mohenjo Daro had a flash toilet in almost every house attached to a sophisticated sewage system.	the cities of harappa and mohenjo-daro had a flush toilet in almost every house attached to a sophisticated sewage system
train_725	460	0	 One of the most common problems when we get to convert a movie to DVD formats is the overscan.	one of the most common problems when trying to convert a movie to dvd format is the overscan
train_726	1379	1	 Around 60 cases of malfunctioning iPods overheating have been reported, causing a total of six fires and leaving four people with minor burns.	around 60 cases of malfunctioning ipods overheating have been reported causing a total of six fires and leaving four people with minor burns
train_727	586	1	 However, the first true telescopes were made in Europe in the late 16th century.	however the first true telescopes were made in europe in the late 16th century
train_728	6	0	 28-year-old Vidal had joined Barca three seasons ago from Sevilla.	28-year-old vidal had joined barça three seasons ago from sevilla
train_729	1393	0	 People would bring sacrifices to the gods and the priests would try to attend to the needs of the gods through ceremonies and festivals.	people would bring sacrifices to the gods and the priests would try to attend to the needs of the gods through ceremonies and festivals
train_730	1210	1	 The National Hurricane Center says that at this point Jerry poses no threat to land.	the national hurricane center nhc says that at this point jerry poses no threat to land
train_731	1404	0	 Over 4 million people went to Rome to attend the funeral.	over four million people went to rome to attend the funeral
train_732	745	0	 In developed countries today, providing deluxe bed and breakfast has been rising to a sort of art form.	in developed countries today providing deluxe bed and breakfasts has been raised to a sort of art-form
train_733	640	0	 Asynchronous communication encourages time for reflection and reaction to others.	asynchronous communication encourages time for reflection and reaction to others
train_734	936	1	 Unless you are a diplomat, working overseas generally means that you will have to file income tax in the country you are based in.	unless you are a diplomat working overseas generally means that you will have to file income tax in the country you are based in
train_735	150	1	 Northern Rock had required support due to its exposure during the subprime mortgage crisis in 2007.	northern rock had required support due to its exposure during the subprime mortgage crisis in 2007
train_736	481	0	 On the accordion, to get extra volume, you use the bellows with more pressure or speed.	on the accordion to get extra volume you use the bellows with more pressure or speed
train_737	1137	0	 The village of Haldaweski offers views of the nearby island of Estero and has an usual octagonal church.	the village of haldarsvík offer views of the nearby island eysturoy and has an unusual octagonal church
train_738	966	1	 The whole district is designated as a UNESCO World Heritage Site for its unique cultural and historical value, and its property values are among the highest of the country.	the whole district is designated as a unesco world heritage site for its unique cultural and historical value and its property values are among the highest of the country
train_739	1322	0	 Donia said, right now we are doing nothing. I have called and sent emails to his closest collaborator and received very friendly replies. For now, that is certainly enough.	danius said right now we are doing nothing i have called and sent emails to his closest collaborator and received very friendly replies for now that is certainly enough
train_740	898	1	 Some boots have studs and there is studded add-on equipment for slippery conditions suitable for most shoes and boots for the heels or heels and sole.	some boots have studs and there is studded add-on equipment for slippery conditions suitable for most shoes and boots for the heels or heels and sole
train_741	663	1	 San Francisco has developed a large tourist infrastructure with numerous hotels, restaurants, and top-notch convention facilities.	san francisco has developed a large tourist infrastructure with numerous hotels restaurants and top-notch convention facilities
train_742	296	0	 Helicopters rescued the 12 crew members and the only injury was a broken nose.	helicopters rescued the twelve crewmembers and the only injury was a broken nose
train_743	721	1	 Besides white sand beaches and mountain landscapes, the country is home to the oldest European city in the Americas, now part of Santo Domingo.	besides white sand beaches and mountain landscapes the country is home to the oldest european city in the americas now part of santo domingo
train_744	227	0	 Its existence is known only because of its effects on the expansion of the universe.	its existence is known only because of its effects on the expansion of the universe
train_745	66	0	 Protesters hope to collect a petition of 1.2 million signatures to present to the National Congress in November.	protesters hope to collect a petition of 1.2 million signatures to present to the national congress in november
train_746	803	1	 Possible long-term health events from excessive drinking can include liver damage and even blindness and death. The potential danger is increased when consuming illegally produced alcohol.	possible long term health events from excessive drinking can include liver damage and even blindness and death the potential danger is increased when consuming illegally produced alcohol
train_747	162	1	 The US Navy also said they were investigating the incident.	the us navy also said they were investigating the incident
train_748	321	1	 Since then, China's economic size has grown by 90 times.	since then china's economic size has grown by 90 times
train_749	1438	1	 The satellites, both of which weighed in excess of 1,000 pounds and traveling at approximately 17,500 miles per hour, collided 491 miles above Earth.	the satellites both of which weighed in excess of 1,000 pounds and traveling at approximately 17,500 miles per hour collided 491 miles above the earth
train_750	1393	1	 People would bring sacrifices to the gods and the priests would try to attend to the needs of the gods through ceremonies and festivals.	people would bring sacrifices to the gods and the priests would try to attend to the needs of the gods through ceremonies and festivals
train_751	1108	1	 Coalition and Afghan troops moved into the area to secure the site and other coalition aircraft have been sent to assist.	coalition and afghan troops moved into the area to secure the site and other coalition aircraft have been sent to assist
train_752	1033	0	 There's a tradition to pass the Easter night awake at some exposed point to see the sunrise.	there's a tradition to pass the easter night awake at some exposed point to see the sunrise
train_753	30	1	 Iraq's Abu Ghraib prison has been set alight during a riot.	iraq's abu ghraib prison has been set alight during a riot
train_754	735	0	 Permits must be reserved in advance. You must have a permit to stay overnight in Serena.	permits must be reserved in advance you must have a permit to stay overnight at sirena
train_755	590	0	 Many people dream of the day when humans can travel to another star and explore other worlds. Some people wonder what's out there. Some people believe that aliens or other life may live on another planet.	many people dream of the day when humans can travel to another star and explore other worlds some people wonder what's out there some belive that aliens or other life may live on another plant
train_756	1094	0	 Most deaths happen as a result of fatigue trying to swim back against the current which may be impossible.	most deaths happen as result of fatigue trying to swim back against the current which may be impossible
train_757	944	1	 Living and volunteering in a foreign country is a great way to get to know a different culture, meet new people, learn about yourself, get a sense of perspective, and even gain new skills.	living and volunteering in a foreign country is a great way to get to know a different culture meet new people learn about yourself get a sense of perspective and even gain new skills
train_758	573	0	 Army ant colonies march and nest in different phases as well.	army ant colonies march and nest in different phases as well
train_759	222	1	 The trial took place at Birmingham Crown Court and concluded on August 3rd.	the trial took place at birmingham crown court and concluded on august 3
train_760	991	0	 The walls and roofs of ice caves can collapse and cracks can get closed.	the walls and roofs of ice caves can collapse and cracks can get closed
train_761	1064	1	 They have canceled the tour after lead singer Steven Tyler was injured after he fell off stage while performing on August 5th.	they have cancelled the tour after lead singer steven tyler was injured after he fell off stage while performing on august 5
train_762	388	0	 He originally named the Hangul alphabet Hunmin Jungyum, which means the correct sounds for the instructions of the people.	he originally named the hangeul alphabet hunmin jeongeum which means the correct sounds for the instruction of the people
train_763	1294	1	 Also, the Pacific Tsunami Warning Center said that there was no tsunami indication.	also the pacific tsunami warning center said that there was no tsunami indication
train_764	289	0	 The CCTV would certainly send a strong signal to those people working with animals that their welfare is of the highest priority.	the cctv would certainly send a strong signal to those people working with animals that their welfare is of the highest priority
train_765	1228	1	 It was the final match for the All Blacks who had already won the trophy two weeks ago.	it was the final match for the all blacks who had already won the trophy two weeks ago
train_766	1483	1	 The effect the team was looking for would be caused by tidal forces between the galaxy's dark matter and the Milky Way's dark matter.	the effect the team was looking for would be caused by tidal forces between the galaxy's dark matter and the milky way's dark matter
train_767	1064	1	 They have cancelled the tour after lead singer Steven Tyler was injured after he fell off stage while performing on August 5th.	they have cancelled the tour after lead singer steven tyler was injured after he fell off stage while performing on august 5
train_768	212	1	 No major injuries were reported but at least five people on scene at the time of the explosion were treated for symptoms of shock.	no major injuries were reported but at least five people on scene at the time of the explosion were treated for symptoms of shock
train_769	1258	0	 Last month, a presidential commission recommended the prior CEP's registration as part of a package of measures to move the country toward new elections.	last month a presidential commission recommended the prior cep's resignation as part of a package of measures to move the country towards new elections
train_770	1441	1	 There are different ways of purifying water, some more effective against specific threats.	there are different ways of purifying water some more effective against specific threats
train_771	571	0	 When all individuals in a population are identical with regard to a particular phenotypic trait, they are known as monomorphic.	when all individuals in a population are identical with regard to a particular phenotypic trait they are known as monomorphic
train_772	1309	1	 They include the Netherlands with Anna Jakobsen finishing 9th in the women's standing class in the Super G yesterday, and Finland with Katja Saarinen finishing 10th in the same event.	they include the netherlands with anna jochemsen finishing ninth in the women's standing class in the super-g yesterday and finland with katja saarinen finishing tenth in the same event
train_773	364	0	 The light bulb then needs replacing. It is necessary to be careful in replacing the light bulb.	the light bulb then needs replacing it is necessary to be careful in replacing the light bulb
train_774	1150	0	 During the 1976 elections, he advised Carter on foreign policy, then served as National Security Advisor from 1977 to 1981, succeeding Henry Kissinger.	during the 1976 selections he advised carter on foreign policy then served as national security advisor nsa from 1977 to 1981 succeeding henry kissinger
train_775	904	1	 They generate high winds, often 100 to 200 miles per hour, and can lift heavy objects into the air, carrying them as the tornado moves.	they generate high winds often 100-200 miles/hour and can lift heavy objects into the air carrying them as the tornado moves
train_776	1164	1	 The final match of the series will take place at Ellis Park in Johannesburg next week when the Springboks play Australia.	the final match of the series will take place at ellis park in johannesburg next week when the springboks play australia
train_777	919	0	 Using GPS navigation apps on your smartphone can be the easiest, most convenient way to navigate when out of your home country.	using gps navigation apps on your smartphone can be the easiest and most convenient way to navigate when out of your home country
train_778	827	0	 Basically, they fall into two categories, either work while you travel or try and limit your expenses. This article is focused on the latter.	basically they fall into two categories either work while you travel or try and limit your expenses this article is focused on the latter
train_779	1399	1	 To better represent traffic flow, relationships have been established between the three main characteristics, flow, density, and velocity.	to better represent traffic flow relationships have been established between the three main characteristics: 1 flow 2 density and 3 velocity
train_780	107	1	 The country's supreme leader, Ayatollah Ali Khamenei, has described the dependency on oil as a trap dating from before Iran's Islamic revolution in 1979 and from which the country should free itself.	the country's supreme leader ayatollah ali khamenei has described the dependency on oil as a trap dating from before iran's islamic revolution in 1979 and from which the country should free itself
train_781	185	0	 Jarque was practiced during pre-season training at Corvistiano in Italy earlier in the day. He was staying in the team hotel ahead of a match planned for Sunday against Bologna.	jarque was practicing during pre-season training at coverciano in italy earlier in the day he was staying in the team hotel ahead of a match planned for sunday against bolonia
train_782	1039	1	 All I say to people is you should treat us the way we treat you.	all i say to people is you treat us the way we treat you
train_783	305	1	 In the 1960s, he headed back to newly independent Algeria to teach film directing.	in the 1960s he headed back to newly-independent algeria to teach film directing
train_784	1143	0	 This is common practice elsewhere in the UK, but Scottish justice works differently and courts have viewed publication of photos as potentially prejudicial.	this is common practice elsewhere in the uk but scottish justice works differently and courts have viewed publication of photos as potentially prejudicial
train_785	65	0	 The original bill was drafted by former mayor of São Paulo, Marta Suplicy. The proposed legislation after being amended is now in the hands of Roberto Jefferson.	the original bill was drafted by former mayor of são paulo marta suplicy. the proposed legislation after being amended is now in the hands of roberto jefferson
train_786	1359	0	 Minor cultures often vanished without leaving relevant historic events and failed to be recognized as a proper civilization.	minor cultures often vanish without leaving relevant historic evidence and fail to be recognized as proper civilizations
train_787	202	1	 Its remnants produced showers across most of the islands, though as of yet, no damage or flooding has been reported.	its remnants produced showers across most of the islands though as of yet no damage or flooding has been reported
train_788	786	1	 Wild animals might either be shy or aggressive. The environment might be cold, hot, or otherwise hostile.	wild animals might either be shy or aggressive the environment might be cold hot or otherwise hostile
train_789	1224	1	 Generally speaking, there is no point in even looking for discounts for businesses or first class seats on direct flights from A to B.	generally speaking there is no point in even looking for discounts for business or first-class seats on direct flights from a to b
train_790	908	0	 They normally offer higher bandwidth and better quality of service. They are encrypt and thus harder to spy on.	they normally offer higher bandwidth and better quality of service they are encrypted and thus harder to spy on
train_791	1151	1	 This is just like symptomatic treatment in many cases. However, if we do not only want a temporary solution, then we should find the root of the problems and we should deactivate them.	this is just like symptomatic treatment in many cases however if we do not only want a temporary solution then we should find the root of the problems and we should deactivate them
train_792	1114	1	 Many of the traditions surrounding the holiday have been adopted also by non-believers in Christian countries and non-Christians around the world.	many of the traditions surrounding the holiday have been adopted also by non-believers in christian countries and non-christians around the world
train_793	384	0	 This fleet was led by Olof Tervasin, a Norwegian with ambitions to reclaim his country from Danish domination.	this fleet was led by olaf trygvasson a norwegian with ambitions to reclaim his country from danish domination
train_794	257	1	 She said, there is no intelligence to suggest that an attack is expected imminently.	she said there is no intelligence to suggest that an attack is expected imminently
train_795	621	0	 While understanding one's history does not assume understanding of culture, it does at least help people gain a sense of where they fall within the history of the organization.	while understanding one's history does not assume understanding of culture it does at least help people gain a sense of where they fall within the history of the organization
train_796	1018	0	 Travel agents usually offer packages that include breakfast, transportation arrangements to and from the airport, or even combined flight and hotel packages.	travel agents usually offer packages that include breakfast transportation arrangements to/from the airport or even combined flight and hotel packages
train_797	1419	1	 In 16th century Paraguay, formerly called the Giant Province of the Indies, was born as a result of the encounter of Spanish conquerors with the native indigenous groups.	in the 16th century paraguay formerly called the giant province of the indies was born as a result of the encounter of spanish conquerors with the native indigenous groups
train_798	544	1	 Gridley or Stark placed a stake about a hundred feet in front of the fence and ordered that no one fire until the regulars passed it.	gridley or stark placed a stake about 100 feet 30 m in front of the fence and ordered that no one fire until the regulars passed it
train_799	1138	1	 Earlier, the Chinese news agency, Tsinghua, reported a plane to be hijacked.	earlier the chinese news agency xinhua reported a plane to be hijacked
train_800	163	0	 They also said in a statement, the crew is currently working to determine the best method of safely extracting the ship.	they also said in a statement the crew is currently working to determine the best method of safely extracting the ship
train_801	135	1	 Red tide is caused by a higher than normal concentration of Carinia brevis, a naturally occurring single-celled marine organism.	red tide is caused by a higher than normal concentration of karenia brevis a naturally-occurring single-celled marine organism
train_802	964	0	 Diplomatic arguments over the region continue to mar relations between Armenia and Azerbaijan.	diplomatic arguments over the region continue to mar relations between armenia and azerbaijan
train_803	1376	1	 The movie, featuring Ryan Gosling and Emma Stone, received nominations in all major categories.	the movie featuring ryan gosling and emma stone received nominations in all major categories
train_804	1061	1	 A study published on Thursday in the journal Science reported on formation of a new bird species on the Ecuadorian Galapagos Islands.	a study published on thursday in the journal science reported on formation of a new bird species on the ecuadorean galápagos islands
train_805	1101	0	 Each year, dozens of visitors are injured because they didn't keep a proper distance. These animals are large, wild and potentially dangerous, so give them their space.	each year dozens of visitors are injured because they didn't keep a proper distance these animals are large wild and potentially dangerous so give them their space
train_806	613	1	 Music is often recorded using sophisticated computers to process and mix sounds together.	music is often recorded using sophisticated computers to process and mix sounds together
train_807	118	1	 Enceladus is the most reflective object in the solar system, reflecting about 90% of the sunlight that hits it.	enceladus is the most reflective object in the solar system reflecting about 90% of the sunlight that hits it
train_808	20	0	 Born in Hong Kong, Ma studied at New York University and Harvard Law School and once held an American permanent resident green card.	born in hong kong ma studied at new york university and harvard law school and once held an american permanent resident green card
train_809	965	1	 The canal district, Dutch Grachtengorrel, is the famous 17th century district surrounding the Binnenstad of Amsterdam.	the canal district dutch: grachtengordel is the famous 17th-century district surrounding the binnenstad of amsterdam
train_810	378	0	 The outer part we see when we look at the Sun is called the photosphere, which means ball of light.	the outer-part we see when we look at the sun is called the photosphere which means ball of light
train_811	1025	1	 Although the water level will only rise a few feet after the flood, officials are hoping it will be enough to restore eroded sandbars downstream.	although the water level will only rise a few feet after the flood officials are hoping it will be enough to restore eroded sandbars downstream
train_812	980	0	 These can be dangerous if the traveler pursues the mirage wasting precious energy and remaining water.	these can be dangerous if the traveler pursue the mirage wasting precious energy and remaining water
train_813	1292	1	 Every morning, people leave small country towns in cars to go to their workplace and are passed by others whose work destination is the place they have just left.	every morning people leave small country towns in cars to go their workplace and are passed by others whose work destination is the place they have just left
train_814	1218	0	 Our foster care system is supposed to provide safe homes, loving caregivers, stable education, and reliable health care.	our foster care system is supposed to provide safe homes loving caregivers stable education and reliable health care
train_815	882	1	 One of the strong points of Charlotte, North Carolina is that it has an abundance of high quality options for families.	one of strong points of charlotte north carolina is that it has an abundance of high-quality options for families
train_816	672	1	 Thus, a backcountry permit for any start date in May becomes available on the 1st of January.	thus a backcountry permit for any start date in may becomes available on 1 jan
train_817	1461	0	 Wagon ways were built in England as early as the 16th century.	wagonways were built in england as early as the 16th century
train_818	1387	1	 For some festivals, the vast majority of the attendance to music festivals decide to camp on site and most attendants consider it a vital part of the experience.	for some festivals the vast majority of the attendants to music festivals decide to camp on site and most attendants consider it a vital part of the experience
train_819	889	0	 A couple of thousand staff live here in summer in some four dozen spaces mostly in those areas. A small number stay over winter.	a couple of thousand staff live here in summer in some four dozen bases mostly in those areas a small number stay over winter
train_820	1140	0	 Of course, the super profits derived from the protracted exploitation of the Filipino people would constitute the basic gains of US imperialism.	of course the superprofits derived from the protracted exploitation of the filipino people would constitute the basic gains of u.s. imperialism
train_821	366	0	 This is because electricity flowing into the socket where the metallic part of bulb sits can give you a severe electric shock if you touch the inside of the socket or the metal base of the bulb while it is still partly in the socket.	this is because electricity flowing into the socket where the metallic part of bulb sits can give you a severe electric shock if you touch the inside of the socket or the metal base of the bulb while it is still partly in the socket
train_822	1124	1	 Both assassin bugs and bed bugs are nidocolous, adapted to living in nests or housing of their host.	both assassin-bugs and bed-bugs are nidicolous adapted to living in nest or housing of their host
train_823	807	0	 High-end brand name frames available in such areas may have two problems. Some may be knockoffs and the real imported ones may be more expensive than at home.	high-end brand-name frames available in such areas may have two problems some may be knock-offs and the real imported ones may be more expensive than at home
train_824	83	0	 This fully feathered warm-blooded bird of prey was believed to have walked upright on two legs with claws like the velociraptor.	this fully feathered warm blooded bird of prey was believed to have walked upright on two legs with claws like the velociraptor
train_825	429	1	 The territory of Turkey is more than 1,600 km long and 800 km wide with a roughly rectangular shape.	the territory of turkey is more than 1,600 kilometres 1,000 mi long and 800 km 500 mi wide with a roughly rectangular shape
train_826	347	1	 People were hitting the panes with chairs, but the windows were unbreakable.	people were hitting the panes with chairs but the windows were unbreakable
train_827	527	0	 In an ambush east of Bardia, the British captured the Italian 10th Army's engineer-in-chief, General Lastusi.	in an ambush east of bardia the british captured the italian tenth army's engineer-in-chief general lastucci
train_828	796	1	 They need to show the insurer's email address and international phone numbers for advice, authorizations, and making claims.	they need to show the insurer's e-mail address and international phone numbers for advice/authorizations and making claims
train_829	505	0	 These websites have gotten a lot of attention, especially in the education setting.	these websites have gotten a lot of attention especially in the education setting
train_830	665	1	 Traveling to Walt Disney World represents a major pilgrimage for many American families.	traveling to walt disney world represents a major pilgrimage for many american families
train_831	33	0	 As the cars ahead of Alonso went in for the fuel under the safety car, he moved up the pack to take victory.	as the cars ahead of alonso went in for fuel under the safety car he moved up the pack to take victory
train_832	1470	0	 One of the most noteworthy recent examples of this was the North Atlantic Campaign of World War II. The Americans were trying to move men and materials across the Atlantic Ocean to help Britain.	one of the most noteworthy recent examples of this was the north atlantic campaign of wwii the americans were trying to move men and materials across the atlantic ocean to help britain
train_833	565	1	 Only the effects of catastrophizing, not depression and fear, was conditional of regular weekly structured PA sessions.	only the effects of catastrophizing not depression and fear was conditional of regular weekly structured pa sessions
train_834	766	0	 Families with children are a rare sight, but some hostels do allow them in private rooms.	families with children are a rare sight but some hostels do allow them in private rooms
train_835	157	0	 Some of the rocks, which are very rare on earth, are being sold from $11,000 to $22,500 per ounce, which is about 10 times more than the cost of gold.	some of the rocks which are very rare on earth are being sold from us$11,000 to $22,500 per ounce which is about ten times more than the cost of gold
train_836	902	1	 Sometimes the original triggering event is the sun warming the snow, sometimes some more snowfall, sometimes other natural events, often a human.	sometimes the original trigging event is the sun warming the snow sometimes some more snowfall sometimes other natural events often a human
train_837	1461	0	 Wagonways were built in England as early as the 16th century.	wagonways were built in england as early as the 16th century
train_838	629	1	 People with this type of thinking have logical thinking, are able to memorize patterns, solve problems, and work on scientific tests.	people with this type of thinking have logical thinking are able to memorize patterns solve problems and work on scientific tests
train_839	143	0	 The NBA's decision followed a Utah Jazz player testing positive for the COVID-19 virus.	the nba's decision followed a utah jazz player testing positive for the covid-19 virus
train_840	129	0	 The artistic event is also part of a campaign by the Bucharest City Hall that seeks to relaunch the image of the Romanian capital as a creative and colorful metropolis.	the artistic event is also part of a campaign by the bucharest city hall that seeks to relaunch the image of the romanian capital as a creative and colourful metropolis
train_841	1172	1	 Such children are called feral or wild. Some feral children have been confined by people, usually their own parents. In some cases, this child abandonment was due to the parent's rejection of a child's severe intellectual or physical impairment.	such children are called feral or wild. some feral children have been confined by people usually their own parents; in some cases this child abandonment was due to the parents' rejection of a child's severe intellectual or physical impairment
train_842	1118	1	 She directed officers to her black Oldsmobile in Truk, which was 500 feet away.	she directed officers to her black oldsmobile intrigue which was 500 feet away
train_843	475	1	 The Temple of Artemis at Ephesus was destroyed on July 21st 356 BCE in an act of arson committed by Herostratus.	the temple of artemis at ephesus was destroyed on july 21 356 bce in an act of arson committed by herostratus
train_844	48	0	 Johnny Reed, co-driver for the A1GP New Zealand team today made history by driving the fastest over the 48-year-old at Glen Harbour Bridge, New Zealand, legally.	jonny reid co-driver for the a1gp new zealand team today made history by driving the fastest over the 48-year-old auckland harbour bridge new zealand legally
train_845	405	1	 German submarines were called U-boats. The Germans were very good at navigating and operating their submarines.	german submarines were called u-boats the germans were very good at navigating and operating their submarines
train_846	1426	0	 reindeer husbandry is an important livelihood among Sami and the culture surrounding the trade is important also for many with other professions	reindeer husbandry is an important livelihood among the sámi and the culture surrounding the trade is important also for many with other professions
train_847	338	1	 Peter Lenz, a 13-year-old motorcycle racer, has died after being involved in a crash at the Indianapolis Motor Speedway.	peter lenz a 13-year-old motorcycle racer has died after being involved in a crash at the indianapolis motor speedway
train_848	462	0	 For that reason, everything you see on the TV had the borders cut. Top, bottom and sides.	for that reason everything you see on the tv had the borders cut top bottom and sides
train_849	943	1	 Volunteering while traveling is a great way to make a difference, but it's not just about giving.	volunteering while travelling is a great way to make a difference but it's not just about giving
train_850	538	0	 If the objective of one's visit to a particular place is to get to know its history and culture, then this type of tourism is known as cultural tourism.	if the objective of one's visit to a particular place is to get to know its history and culture then this type of tourism is known as cultural tourism
train_851	1417	1	 Had the Allies failed, Germany probably would have been able to conquer Britain, as it had the rest of Europe.	had the allies failed germany probably would have been able to conquer britain as it had the rest of europe
train_852	315	1	 In his notes, he used words which some parents considered coarse, and he reportedly used profanity in class.	in his notes he used words which some parents considered coarse and he reportedly used profanity in class
train_853	895	1	 The most common cause for accidents in winter is slippery roads, pavements, sidewalks, and especially steps.	the most common cause for accidents in winter is slippery roads pavements sidewalks and especially steps
train_854	316	1	 Modern education accused him of printing large advertisements on buses without authorization and lying by saying that he was the chief English tutor.	modern education accused him of printing large advertisements on buses without authorisation and lying by saying that he was the chief english tutor
train_855	1024	1	 Tokyo will be the only Asian city to have hosted two Summer Olympics, having hosted the Games in 1964.	tokyo will be the only asian city to have hosted two summer olympics having hosted the games in 1964
train_856	181	0	 Evidence thereafter indicate test papers were tampered with whole along with that for other educational officials was indicted in 2013.	evidence thereafter indicated test papers were tampered with hall along with 34 other education officials was indicted in 2013
train_857	345	0	 Already reporting in English and Japanese, the global organization is launching Spanish, Italian, and Korean language programs for television, the web, and mobile devices.	already reporting in english and japanese the global organization is launching spanish italian and korean-language programs for television the web and mobile devices
train_858	1159	0	 Periodic rhythms, which are not simply responses to external periodic cues, have been documented for most living beings, including bacteria, fungi, plants and animals.	periodic rhythms which are not simply responses to external periodic cues have been documented for most living beings including bacteria fungi plants and animals
train_859	1310	0	 After all, the leader is ultimately responsible for the success and failure of the team.	after all the leader is ultimately responsible for the success and failure of the team
train_860	867	1	 If traveling in a developing country for the first time or in a new part of the world, don't underestimate the potential culture shock.	if traveling in a developing country for the first time or in a new part of the world don't underestimate the potential culture shock
train_861	1127	1	 Around the old Medina, it's easy to find places selling traditional Moroccan goods such as tangines, pottery, leather goods, hookahs, and old spectrum of gi gauze, but it's all for tourists.	around the old medina it's easy to find places selling traditional moroccan goods such as tagines pottery leather goods hookahs and a whole spectrum of geegaws but it's all for the tourists
train_862	312	0	 The couple had married in Texas one year ago and came to Buffalo to celebrate with friends and relatives.	the couple had married in texas one year ago and came to buffalo to celebrate with friends and relatives
train_863	1227	1	 Ring also settled a lawsuit with competing security company, the ADT Corporation.	ring also settled a lawsuit with competing security company the adt corporation
train_864	438	1	 It is said that in 1649, Zambrom Namjel created the fortress to commemorate his victory against the Tibetan Mongol forces.	it is said that in 1649 zhabdrung ngawang namgyel created the fortress to commemorate his victory against the tibetan-mongol forces
train_865	448	0	 In 1981, Vanda Miss Joaquim, an orchid hybrid, was chosen as the nation's national flower.	in 1981 vanda miss joaquim an orchid hybrid was chosen as the nation's national flower
train_866	183	1	 It is now important from both a public health and criminal justice perspective that the legislation be enacted as soon as possible, said a government spokesperson.	it is now important from both a public health and criminal justice perspective that the legislation be enacted as soon as possible said a government spokesperson
train_867	618	1	 They called themselves the Moriai. They were a few skirmishes and in the end the Moriai were wiped out.	they called themselves the moriori there were a few skirmishes and in the end the moriori were wiped out
train_868	285	1	 Last month there were major protests in Poland when that country signed ACTA, which has led to the Polish government deciding not to ratify the agreement for now.	last month there were major protests in poland when that country signed acta which has led to the polish government deciding not to ratify the agreement for now
train_869	1478	0	 It is still produced today, but more importantly its aspect ratio has been inherited by digital camera image sensor formats.	it is still produced today but more importantly its aspect ratio has been inherited by digital camera image sensor formats
train_870	1433	1	 Today, many Sami work in modern trades. Tourism is an important income in the Sami area.	today many sámi work in modern trades. tourism is an important income in sápmi the sámi area
train_871	840	1	 Given how remote many of the pueblos are, you won't be able to find a significant amount of nightlife without traveling to Albuquerque or Santa Fe.	given how remote many of the pueblos are you won't be able to find a significant amount of nightlife without traveling to albuquerque or santa fe
train_872	803	0	 Possible long-term healthy events from excessive drinking can include liver damage and even blindness and death. The potential danger is increased when consuming illegal produce alcohol.	possible long term health events from excessive drinking can include liver damage and even blindness and death the potential danger is increased when consuming illegally produced alcohol
train_873	402	1	 Submarines are ships designed to travel underwater and remain there for an extended amount of time.	submarines are ships designed to travel underwater and remain there for an extended amount of time
train_874	1194	0	 Schneider testified via video link from a US Air Force base in his homeland.	schneider testified via videolink from a usaf base in his homeland
train_875	552	1	 Proper nutritional practices alone cannot generate elite performances, but they can significantly affect young athletes' overall wellness.	proper nutritional practices alone cannot generate elite performances but they can significantly affect young athletes' overall wellness
train_876	808	0	 Coffee is one of the world's most traded commodities and you can probably find it many types in your home region.	coffee is one of the world's most traded commodities and you can probably find many types in your home region
train_877	766	0	 Families with children are a rare sight, but some hostels do allow them in private rooms.	families with children are a rare sight but some hostels do allow them in private rooms
train_878	830	1	 An immigration checkpoint is usually the first stop when disembarking from a plane, a ship, or another vehicle.	an immigration checkpoint is usually the first stop when disembarking from a plane a ship or another vehicle
train_879	1190	1	 Several Bishkek residents blame processors from the south for the lawlessness.	several bishkek residents blamed protesters from the south for the lawlessness
train_880	991	0	 The walls and roofs of ice caves can collapse and cracks can get close.	the walls and roofs of ice caves can collapse and cracks can get closed
train_881	1221	1	 The Paralympics will take place from 24th of August to the 5th of September 2021. Some events will be held in other locations throughout Japan.	the paralympics will take place from 24 august to 5 september 2021 some events will be held in other locations throughout japan
train_882	1078	1	 The outbreak has prompted the Indian government to undertake such measures as deployment of pig catchers in seriously affected areas, distributing thousands of mosquito curtains, and spraying pesticides.	the outbreak has prompted the indian government to undertake such measures as deployment of pig catchers in seriously affected areas distributing thousands of mosquito curtains and spraying pesticides
train_883	453	0	 Interactive design requires that you reassess your assumptions about media production and learn to think in a non-linear way.	interactive design requires that you re-assess your assumptions about media production and learn to think in a non-linear ways
train_884	772	0	 Kerala's temple festival are very interesting to see with regular procession of decorated elephant, temple orchestra and other festists.	kerala's temple festivals are very interesting to see with regular procession of decorated elephants temple orchestra and other festivities
train_885	740	1	 The Cook Islands are an island country in free association with New Zealand, located in Polynesia in the middle of the South Pacific Ocean.	the cook islands are an island country in free association with new zealand located in polynesia in the middle of the south pacific ocean
train_886	333	1	 The celebration started with a special show by the world-renowned group Cirque du Soleil.	the celebrations started with a special show by the world-renowned group cirque du soleil
train_887	710	1	 That said, expect to be out of breath and take care in the steeper portions, especially when wet, as it can become dangerous quickly.	that said expect to be out of breath and take care in the steeper portions especially when wet as it can become dangerous quickly
train_888	1202	0	 The Fimas are usually closely related to each other, being a large family of sisters and daughters.	the females are usually closely related to each other being a large family of sisters and daughters
train_889	862	1	 At home, due to this constant exposure to the local germs, odds are very high that you're already immune to them.	at home due to this constant exposure to the local germs odds are very high that you're already immune to them
train_890	62	1	 During his two-hour speech, he stated today, Apple is going to reinvent the phone. We are going to make history today.	during his 2 hour speech he stated that today apple is going to reinvent the phone we are going to make history today
train_891	1503	0	 Historically, most farmers were engaged in subsistence agriculture and this is still the case in many developing nations.	historically most farmers were engaged in subsistence agriculture and this is still the case in many developing nations
train_892	1277	1	 If you want some small though rich pastries try what depending on region are called Berliner, Van Kuken or Krapfen.	if you want some small though rich pastries try what depending on region are called berliner pfannkuchen or krapfen
train_893	1053	1	 When returning home after living abroad, you've adapted to the new culture and lost some of your habits from your home culture.	when returning home after living abroad you've adapted to the new culture and lost some of your habits from your home culture
train_894	866	1	 As with respiratory problems in colder climates, intestinal problems in hot climates are fairly common and in most cases are distinctly annoying but not really dangerous.	as with respiratory problems in colder climates intestinal problems in hot climates are fairly common and in most cases are distinctly annoying but not really dangerous
train_895	337	1	 To finish, Turkish dance group Fire of Anatolia performed the show Troy.	to finish turkish dance group fire of anatolia performed the show troy
train_896	759	0	 A traveler with piles of money might consider a round-the-world flight broken up with stays in many of these hotels.	a traveller with piles of money might consider a round the world flight broken up with stays in many of these hotels
train_897	714	1	 Most people book their place well in advance as the boats are usually full during the high season.	most people book their place well in advance as the boats are usually full during the high season
train_898	829	1	 The advice assumes that travelers do not steal, trespass, participate in the illegal market, beg or otherwise exploit other people for their own gain.	the advice assumes that travellers do not steal trespass participate in the illegal market beg or otherwise exploit other people for their own gain
train_899	1502	1	 Although the coastal archipelagos and the biggest lakes are indeed big enough for any yacht, smaller boats or even a kayak offer a different experience.	although the coastal archipelagos and the biggest lakes are indeed big enough for any yacht smaller boats or even a kayak offer a different experience
train_900	758	1	 While they are usually privately owned, they sometimes accommodate visiting heads of state and other dignitaries.	while they are usually privately owned they sometimes accommodate visiting heads of state and other dignitaries
train_901	1136	0	 The local tap water is perfectly safe to drink, but bottled water is easy to find if you are fearful.	the local tap water is perfectly safe to drink but bottled water is easy to find if you are fearful
train_902	147	0	 With this arrangement in place, this freedom might end.	with this arrangement in place this freedom might end
train_903	926	0	 If just taking a photo of something isn't allowed, you shouldn't even think of recording a video of it.	if just taking a photo of something isn't allowed then you shouldn't even think of recording a video of it
train_904	881	1	 These requirements may often depend on what countries a traveler has visited or intends to visit.	these requirements may often depend on what countries a traveller has visited or intends to visit
train_905	824	1	 It can be better to use an agent who frequently books similar trips to yours.	it can be better to use an agent who frequently books similar trips to yours
train_906	530	1	 This board is primarily played in a dual format, one fencer dueling another.	the sport is primarily played in a duel format one fencer dueling another
train_907	75	1	 Moreover, top judge Evangelos Kalousis is imprisoned as he found guilty of corruption and degenerate behavior.	moreover top judge evangelos kalousis is imprisoned as he found guilty of corruption and degenerate behaviour
train_908	417	1	 There are varying estimates for how many people speak Hindi. It is estimated to be between the second and fourth most commonly spoken language in the world.	there are varying estimates for how many people speak hindi it is estimated to be between the second and fourth most commonly spoken language in the world
train_909	959	1	 No airline alliance covers all three oceans crossing in the southern hemisphere and SkyTeam covers none of the crossings.	no airline alliance covers all three ocean crossings in the southern hemisphere and skyteam covers none of the crossings
train_910	14	1	 Nadal bagged 88 net points in the match winning 76 points in the first serve.	nadal bagged 88% net points in the match winning 76 points in the first serve
train_911	242	1	 The unmanned lunar orbiter Chanyang ejected its moon impact probe, which hurtled across the surface of the moon at 1.5 km per second and successfully crash-landed near the moon's south pole.	the unmanned lunar orbiter chandrayaan-1 ejected its moon impact probe mip which hurtled across the surface of the moon at 1.5 kilometres per second 3000 miles per hour and successfully crash landed near the moon's south pole
train_912	1001	1	 Vatican City uses Italian in its legislation and official communications.	vatican city uses italian in its legislation and official communications
train_913	1156	1	 The up-bow mark looks like a V and the down-bow mark like a staple or a square missing its bottom side.	the up bow mark looks like a v and the down bow mark like a staple or a square missing its bottom side
train_914	353	0	 Surface tension happens because the water molecules at the surface of the water are strongly attracted to each other more than they are to the air molecules above them.	surface tension happens because the water molecules at the surface of the water are strongly attracted to each other more than they are to the air molecules above them
train_915	1028	0	 It is reported that some 9,400 homes in the region are without water and approximately 100 without electricity.	it is reported that some 9400 homes in the region are without water and approximately 100 without electricity
train_916	6	1	 28 year old Vidal had joined Barca three seasons ago from Sevilla.	28-year-old vidal had joined barça three seasons ago from sevilla
train_917	161	0	 Stuart, Gordon, Kinseth and Harvick round out the top 10 positions for the Drivers' Championship with four races remaining in the season.	stewart gordon kenseth and harvick round out the top-ten positions for the drivers' championship with four races remaining in the season
train_918	53	1	 The commissioner sets bail if granted and formalizes the charges filed by the arresting officer. The charges are then entered into the state's computer system where the case is tracked.	the commissioner sets bail if granted and formalizes the charges filed by the arresting officer the charges are then entered into the state's computer system where the case is tracked
train_919	810	0	 Canyoning or canyoneering is about going in the bottom of a canyon which is either dry or full of water.	canyoning or: canyoneering is about going in a bottom of a canyon which is either dry or full of water
train_920	823	0	 Although most agencies are willing to take on most regular bookings, many agents specialize in particular types of travel, budget ranges, or destinations.	although most agencies are willing to take on most regular bookings many agents specialise in particular types of travel budget ranges or destinations
train_921	380	1	 Phases happen because only the side of Venus, or of the moon, facing the sun is lighted. The phases of Venus supported the theory of Copernicus that the planets go around the sun.	phases happen because only the side of venus or of the moon facing the sun is lighted. the phases of venus supported the theory of copernicus that the planets go around the sun
train_922	432	0	 Turkey is encircled by seas on three sides, the Aegean Sea to the west, the Black Sea to the north, and the Mediterranean Sea to the south.	turkey is encircled by seas on three sides the aegean sea to the west the black sea to the north and the mediterranean sea to the south
train_923	494	0	 Although some scholars speculate that since the civilization also existed in the basins of the now dried-up Sarasvati River, it should be aptly called the Indus-Sarasvati civilization, while some call it the Harapan civilization after Harappa, the first of its sites to be excavated in the 1920s.	although some scholars speculate that since the civilisation also existed in the basins of the now dried up sarasvati river it should be aptly called the indus-sarasvati civilization while some call it the harappan civilization after harappa the first of its sites to be excavated in the 1920s
train_924	577	1	 What is a cell? The word cell comes from the Latin word cella, meaning small room, and it was first coined by a microscopist observing the structure of cork.	what is a cell the word cell comes from the latin word cella meaning small room and it was first coined by a microscopist observing the structure of cork
train_925	1347	1	 Sort of like rolling a heavy cart up a hill. Splitting the nucleus up again then releases some of that energy.	sort of like rolling a heavy cart up a hill splitting the nucleus up again then releases some of that energy
train_926	1136	1	 The local tap water is perfectly safe to drink, but bottled water is easy to find if you are fearful.	the local tap water is perfectly safe to drink but bottled water is easy to find if you are fearful
train_927	1090	1	 The sometimes violent protests were triggered by failure to hold elections. Some do since 2011.	the sometimes-violent protests were triggered by failure to hold elections some due since 2011
train_928	808	0	 Coffee is one of the world's most traded commodities, and you can probably find many types in your home region.	coffee is one of the world's most traded commodities and you can probably find many types in your home region
train_929	367	0	 The major organ of the circulatory system is the heart, which pumps the blood.	the major organ of the circulatory system is the heart which pumps the blood
train_930	56	0	 Mr Costello said that when nuclear power generation become economically viable, Australia should pursue its use.	mr costello said that when nuclear power generation becomes economically viable australia should pursue its use
train_931	875	0	 Maybe you'll discover a simple beverage that you can make for breakfast when you're back to your daily routine.	maybe you'll discover a simple beverage that you can make for breakfast when you're back to your daily routine
train_932	404	0	 In the beginning of the war they mostly traveled on top of the sea, but as radar began developing and became more accurate, the submarines were forced to go underwater to avoid being seen.	in the beginning of the war they mostly travelled on top of the sea but as radar began developing and becoming more accurate the submarines were forced to go under water to avoid being seen
train_933	955	0	 Turkish Airlines flies to 39 destinations in 30 African countries as of 2014	turkish airlines flies to 39 destinations in 30 african countries as of 2014
train_934	673	1	 space for the most popular areas such as the bright angel campground adjacent to phantom ranch generally fill up by the request for Siebel on first date they are open to reservations	space for the most popular areas such as the bright angel campground adjacent to phantom ranch generally fill up by the requests received on first date they are opened to reservations
train_935	1200	1	 In 1624, Dutch East India Company establishes a base in southwestern Taiwan, initiating a transformation in aboriginal grain production practices and employing Chinese laborers to work on its rice and sugar plantations.	in 1624,dutch east india company establishes a base in southwestern taiwan initiating a transformation in aboriginal grain production practices and employing chinese laborers to work on its rice and sugar plantations
train_936	1227	1	 Ring also settled a lawsuit with competing security company, the ADT Corporation.	ring also settled a lawsuit with competing security company the adt corporation
train_937	215	1	 Both golf and rugby are set to return to the Olympic Games.	both golf and rugby are set to return to the olympic games
train_938	944	1	 Living and volunteering in a foreign country is a great way to get to know a different culture, meet new people, learn about yourself, get a sense of perspective and even gain new skills.	living and volunteering in a foreign country is a great way to get to know a different culture meet new people learn about yourself get a sense of perspective and even gain new skills
train_939	406	0	 Because of their success with submarines, after the war, Germans aren't trusted to have many of them.	because of their success with submarines after the war germans aren't trusted to have many of them
train_940	214	1	 At the time, nearly 100 residents were evacuated from the area.	at the time nearly 100 residents were evacuated from the area
train_941	1087	1	 The tiger is in the same group, genus Panthera, as lions, leopards, and jaguars. These four cats are the only ones who can roar.	the tiger is in the same group genus panthera as lions leopards and jaguars. these four cats are the only ones who can roar
train_942	118	0	 Enceladus is the most reflective object in the solar system, reflecting about 90% of the sunlight that hits it.	enceladus is the most reflective object in the solar system reflecting about 90% of the sunlight that hits it
train_943	1095	1	 They were compelled to pay taxes to the US colonial regime to defray a major part of the expenditures and interest on bonds floated in the name of the Philippine government through the Wall Street banking houses.	they were compelled to pay taxes to the u.s. colonial regime to defray a major part of the expenditures and the interest on bonds floated in the name of the philippine government through the wall street banking houses
train_944	1451	1	 At the same time, the German Navy, using mainly U-boats, was trying to stop this traffic.	at the same time the german navy using mainly u-boats was trying to stop this traffic
train_945	827	1	 Basically, they fall into two categories. Either work while you travel or try and limit your expenses. This article is focused on the latter.	basically they fall into two categories either work while you travel or try and limit your expenses this article is focused on the latter
train_946	1402	1	 Tournament top seed South Africa started on the right note when they had a comfortable 26-0 win against fifth seeded Zambia.	tournament top seeds south africa started on the right note when they had a comfortable 26 - 00 win against 5th seeded zambia
train_947	1314	0	 As long as you stay in this zone, you can generally cross borders without going through passport control checkpoints again.	as long as you stay in this zone you can generally cross borders without going through passport control checkpoints again
train_948	891	1	 Occasional specialist air tours go inland for mountaineering or to reach the pole, which has a large base.	occasional specialist air tours go inland for mountaineering or to reach the pole which has a large base
train_949	1351	1	 Both cyanuric acid and melamine were found in urine samples from pets that died after consuming contaminated pet food.	both cyanuric acid and melamine were found in urine samples from pets that died after consuming contaminated pet food
train_950	555	1	 Products can be purchased as needed, but most will have little or no real impact on performance.	products can be purchased as needed but most will have little or no real impact on performance
train_951	116	1	 The company hopes to diversify its profit sources and gain popularity in areas where Skype holds a strong position, such as China, Eastern Europe, and Brazil.	the company hopes to diversify its profit sources and gain popularity in areas where skype holds a strong position such as china eastern europe and brazil
train_952	712	1	 Seeing the sights and wildlife of the Galapagos is best done by boat, just as Charles Darwin did it in 1835.	seeing the sites and wildlife of the galapagos is best done by boat just as charles darwin did it in 1835
train_953	947	1	 The White Sea Baltic Canal connects the Arctic Ocean to the Baltic Sea via Lake Onega, Lake Ladoga, and St. Petersburg, mostly by rivers and lakes.	the white sea-baltic canal connects the arctic ocean to the baltic sea via lake onega lake ladoga and saint petersburg mostly by rivers and lakes
train_954	855	0	 MetroPlus is more comfortable and less crowded but slightly more expensive though still cheaper than normal metro tickets in Europe.	metroplus is more comfortable and less crowded but slightly more expensive though still cheaper than normal metro tickets in europe
train_955	10	0	 At 11.20, the police asked the protesters to move back onto the pavement, stating that they needed to balance the right to protest with the traffic building up.	at 11:20 the police asked the protesters to move back on to the pavement stating that they needed to balance the right to protest with the traffic building up
train_956	473	0	 The war of the Spanish secession marked the first war where central issue was the balance of power.	the war of spanish succession marked the first war whose central issue was the balance of power
train_957	502	0	 Children develop an awareness of race and racial stereotypes quite young and these racial stereotypes affect behavior.	children develop an awareness of race and racial stereotypes quite young and these racial stereotypes affect behavior
train_958	67	1	 After it became apparent that many families were seeking legal help to fight the evictions, a meeting was held on March 20th at the East Bay Community Law Center for the victims of the housing scam.	after it became apparent that many families were seeking legal help to fight the evictions a meeting was held on march 20 at the east bay community law center for the victims of the housing scam
train_959	602	1	 Nitrogen as a gas still has the same properties as liquid nitrogen. The liquid state is denser but the molecules are still the same.	nitrogen as a gas still has the same properties as liquid nitrogen the liquid state is denser but the molecules are still the same
train_960	621	1	 While understanding one's history does not assume understanding of culture, it does at least help people gain a sense of where they fall within the history of the organization.	while understanding one's history does not assume understanding of culture it does at least help people gain a sense of where they fall within the history of the organization
train_961	1129	1	 U.S. President George W. Bush arrived in Singapore the morning of November 16th, beginning a week-long tour of Asia.	u.s. president george w bush arrived in singapore the morning of november 16 beginning a week-long tour of asia
train_962	356	1	 Because the bottom of the blade is slightly curved, as the blade tilts to one side or the other, the edge which is in contact with the ice also curves.	because the bottom of the blade is slightly curved as the blade tilts to one side or the other the edge which is in contact with the ice also curves
train_963	330	1	 During his time with the team, he scored 403 goals and 468 appearances.	during his time with the team he scored 403 goals in 468 appearances
train_964	26	1	 Ovechkin's first assist of the night was on the game-winning goal by rookie Nicholas Backstrom.	ovechkin's first assist of the night was on the game-winning goal by rookie nicklas backstrom
train_965	396	0	 However, very few Royal Navy ships were based near the likely invasion route as the admirals were afraid they would be sunk by German air attack.	however very few royal navy ships were based near the likely invasion routes as the admirals were afraid they would be sunk by german air attack
train_966	200	1	 I expect to return to all my duties on Monday, Arias said in a statement.	i expect to return to all my duties on monday arias said in a statement
train_967	1329	0	 Simenov said sales boosted after his 2013 appearance in a Shark Tank episode, where the show panel declined funding the startup.	siminoff said sales boosted after his 2013 appearance in a shark tank episode where the show panel declined funding the startup
train_968	753	1	 In short, using your car is a great way to take a road trip, but seldom in itself a way to camp.	in short using your car is a great way to take a road trip but seldom in itself a way to camp
train_969	271	0	 Since then, the Brazilian has featured in 53 matches for the club in all competitions and has scored 24 goals.	since then the brazilian has featured in 53 matches for the club in all competitions and has scored 24 goals
train_970	1361	1	 It can be pulled into thin wire, which can be twisted and plated. It can be hammered or rolled into sheets.	it can be pulled into thin wire which can be twisted and plaited it can be hammered or rolled into sheets
train_971	616	1	 However, new evidence suggests that the Murari were a group of mainland Maori who emigrated from New Zealand to the Chatham Islands, developing their own distinctive, peaceful culture.	however new evidence suggests that the moriori were a group of mainland maori who migrated from new zealand to the chatham islands developing their own distinctive peaceful culture
train_972	884	0	 In the past 20 years, the amount of child-friendly options in Uptown Charlotte has grown exponentially.	in the past 20 years the amount of child-friendly options in uptown charlotte has grown exponentially
train_973	184	1	 The Health Minister expressed concern both for the welfare of individuals taking advantage of the temporary legality of the substances involved and for drug-related convictions handed down since the now unconstitutional changes came into effect.	the health minister expressed concern both for the welfare of individuals taking advantage of the temporary legality of the substances involved and for drug-related convictions handed down since the now-unconstitutional changes came into effect
train_974	327	0	 As the storm is far from landfall, it remains difficult to assess potential impact to the United States or Caribbean.	as the storm is far from landfall it remains difficult to assess potential impact to the united states or caribbean
train_975	664	1	 San Francisco is also one of the best places in the nation for other Asian cuisine. Korean, Thai, Indian, and Japanese.	san francisco is also one of the best places in the nation for other asian cuisine korean thai indian and japanese
train_976	143	1	 The NBA's decision followed a Utah Jazz player testing positive for the COVID-19 virus.	the nba's decision followed a utah jazz player testing positive for the covid-19 virus
train_977	729	1	 For a few pennies, some children will tell you the story.	for a few pennies some children will tell you the story
train_978	1019	1	 Under them are more medium-sized cats that eat medium-sized prey ranging from rabbits to antelopes and deer.	under them are more medium sized cats that eat medium sized prey ranging from rabbits to antelopes and deer
train_979	707	1	 Towering above the north end of Machu Picchu is the steep mountain, often the backdrop to many photos of the ruins.	towering above the north end of machu picchu is this steep mountain often the backdrop to many photos of the ruins
train_980	1292	1	 Every morning, people leave small country towns in cars to go to their workplace and are passed by others whose work destination is the place they have just left.	every morning people leave small country towns in cars to go their workplace and are passed by others whose work destination is the place they have just left
train_981	1352	1	 For some, understanding something about how aircraft work and what happens during a flight may help to overcome a fear which is based on the unknown or on not being in control.	for some understanding something about how aircraft work and what happens during a flight may help to overcome a fear which is based on the unknown or on not being in control
train_982	1199	0	 Virtual team members often function as the point of contact for their immediate physical group.	virtual team members often function as the point of contact for their immediate physical group
train_983	1029	0	 Another difference was that while the poor people and the women ate their food while sitting in chairs, the rich men liked to have banquets together where they would lounge on their sides while they ate their meals.	another difference was that while the poor people and the woman ate their food while sitting in chairs the rich men liked to have banquets together where they would lounge on their sides while they ate their meals
train_984	547	0	 General James Ewing would take 700 militia across the river at Trenton Ferry, seize the bridge over the Assunpink Creek, and prevent any enemy troops from escaping.	general james ewing would take 700 militia across the river at trenton ferry seize the bridge over the assunpink creek and prevent any enemy troops from escaping
train_985	609	1	 Time is also how we compare the duration, length, of events.	time is also how we compare the duration length of events
train_986	385	1	 After military setbacks, Æthelred was able to agree to terms with Olaf, who returned to Norway to try to gain his kingdom with mixed success.	after initial military setbacks ethelred was able to agree to terms with olaf who returned to norway to try to gain his kingdom with mixed success
train_987	163	1	 They also said in a statement, the crew was currently working to determine the best method of safely extracting the ship.	they also said in a statement the crew is currently working to determine the best method of safely extracting the ship
train_988	836	1	 In other cases, only those staying outside of tourist accommodations need to register. However, this makes the law much more obscure, so find out beforehand.	in other cases only those staying outside of tourist accommodations need to register however this makes the law much more obscure so find out beforehand
train_989	1110	1	 Hoon and Price are scheduled to appear at the Westminster Magistrates Court on February 16.	huhne and pryce are scheduled to appear at the westminster magistrates court on february 16
train_990	354	0	 The water molecules make an invisible skin on the water surface that allows things like the needle to float on top of the water.	the water molecules make an invisible skin on the water's surface that allows things like the needle to float on top of the water
train_991	785	0	 Many exotic animals are hard to find and parks sometimes have rules about taking photographs for commercial purposes.	many exotic animals are hard to find and parks sometimes have rules about taking photographs for commercial purposes
train_992	819	0	 There are many things you have to take into consideration before and when you travel somewhere.	there are many things you have to take into consideration before and when you travel somewhere
train_993	273	0	 Some studies suggest that the disease must become less lethal before it can cause a global epidemic, he noted.	some studies suggest that the disease must become less lethal before it can cause a global epidemic he noted
train_994	1360	1	 It is nearly impossible to exchange Falklands currency outside of the islands, so exchange money prior to leaving the islands.	it is nearly impossible to exchange falklands currency outside of the islands so exchange money prior to leaving the islands
train_995	936	1	 Unless you are a diplomat, working overseas generally means that you will have to file income tax in the country you are based in.	unless you are a diplomat working overseas generally means that you will have to file income tax in the country you are based in
train_996	127	1	 Al Gore and General Tommy Franks casually rattle off their favorite headlines. Gore's was when The Onion reported he and Tripper were having the best sex of their lives after his 2000 electoral college defeat.	al gore and general tommy franks casually rattle off their favorite headlines gore's was when the onion reported he and tipper were having the best sex of their lives after his 2000 electoral college defeat
train_997	409	1	 However, the discovery of his tomb in 1922 made him a celebrity. While many tombs of the past were robbed, this tomb was left virtually undisturbed.	however the discovery of his tomb in 1922 made him a celebrity while many tombs of the past were robbed this tomb was left virtually undisturbed
train_998	1432	0	 There they found the body of Saraje Balasubramanir 53 covered with bloodstained blankets	there they found the body of saroja balasubramanian 53 covered with blood-stained blankets
train_999	1255	1	 It's expected that most event tickets will cost between 2,500 yen and 130,000 yen, with typical tickets costing around 7,000 yen.	it's expected that most event tickets will cost between ¥2,500 and ¥130,000 with typical tickets costing around ¥7,000
train_1000	722	1	 The island was first inhabited by the Taianos and Karibes. The Karibes were an Araucan speaking people who had arrived around 10,000 BCE.	the island was first inhabited by the taínos and caribes. the caribes were an arawakan-speaking people who had arrived around 10,000 bce
train_1001	1378	1	 Neurobiological data provide physical evidence for a theoretical approach to the investigation of cognition. Therefore, it narrows the research area and makes it	neurobiological data provide physical evidence for a theoretical approach to the investigation of cognition therefore it narrows the research area and makes it much more exact
train_1002	328	1	 Born in the Croatian capital Zagreb, Bobek gained fame while playing for Partizan Belgrade.	born in the croatian capital zagreb bobek gained fame while playing for partizan belgrade
train_1003	1340	1	 It was at this time that the transfer of the title of fashion capital from Constantinople to Paris was made.	it was at this time that the transfer of the title of fashion capital from constantinople to paris was made
train_1004	529	1	 The modern sport of fencing is played at many levels from students learning at a university to professional and Olympic competition.	the modern sport of fencing is played at many levels from students learning at a university to professional and olympic competition
train_1005	864	1	 Also, in warmer climates, bacteria both grow more quickly and survive longer outside the body.	also in warmer climates bacteria both grow more quickly and survive longer outside the body
train_1006	476	0	 According to the story, his motivation was fame at any cost. The Ephesians outreach announced that Herosteros' name never be recorded.	according to the story his motivation was fame at any cost the ephesians outraged announced that herostratus' name never be recorded
train_1007	725	0	 Jardin de la Union. This space was built as the atrium for a 17th century convent of which the temple de San Diego is the sole surviving building.	jardín de la unión. this space was built as the atrium for a 17th-century convent of which the templo de san diego is the sole surviving building
train_1008	400	1	 For that, they had to get rid of British bases and ships in Egypt. Besides those actions, Italy's battleships were not supposed to do anything else.	for that they had to get rid of british bases and ships in egypt besides those actions italy's battleships were not supposed to do anything else
train_1009	29	1	 He graduated from the College of Arts and Sciences of the University of Virginia in 1950 and was a significant donor to that institution.	he graduated from the college of arts & sciences of the university of virginia in 1950 and was a significant donor to that institution
train_1010	51	0	 In the last three months, over eight arrestees were released from the central booking facility without being formally charged.	in the last 3 months over 80 arrestees were released from the central booking facility without being formally charged
train_1011	1055	1	 UN peacekeepers, whom arrived in Haiti after the 2010 earthquake, are being blamed for the spread of the disease which started near the troops' encampment.	un peacekeepers whom arrived in haiti after the 2010 earthquake are being blamed for the spread of the disease which started near the troop's encampment
train_1012	1333	0	 All these things and more highlight Ontario as what is considered unquintessentially Canadian by outsiders.	all these things and more highlight ontario as what is considered quintessentially canadian by outsiders
train_1013	828	1	 For those willing to sacrifice comfort, time, and predictability to push expenses down close to zero, see Minimum Budget Travel.	for those willing to sacrifice comfort time and predictability to push expenses down close to zero see minimum budget travel
train_1014	201	1	 Felicia wants a category 4 storm on the Sarrif Simpson hurricane scale. Weaken to a tropical depression before dissipating Tuesday.	felicia once a category 4 storm on the saffir-simpson hurricane scale weakened to a tropical depression before dissipating tuesday
train_1015	1355	1	 Infectious diseases themselves or dangerous animals that can injure or kill people by force do not usually qualify as pests.	infectious diseases themselves or dangerous animals that can injure or kill people by force do not usually qualify as pests
train_1016	1166	1	 In inland regions of northern India and Pakistan, yogurt is commonly used in curries. In southern India and some other coastal regions of the subcontinent, coconut milk is commonly used.	in inland regions of northern india and pakistan yogurt is commonly used in curries in southern india and some other coastal regions of the subcontinent coconut milk is commonly used
train_1017	949	1	 Be assured that once you hit the marinas, everything will be pretty obvious. You will meet other boat hitchhikers and they will share their information with you.	be assured that once you hit the marinas everything will be pretty obvious you will meet other boat hitchhikers and they will share their information with you
train_1018	351	0	 This, however, is a very hard problem to solve and will take many years before we see useful fusion reactors built.	this however is a very hard problem to solve and will take many years before we see useful fusion reactors built
train_1019	982	0	 In summer especially you'll need to watch out for mosquitoes if you decide to hike through the rainforest.	in summer especially you'll need to watch out for mosquitoes if you decide to hike through the rainforest
train_1020	902	0	 Sometimes the original triggering event is the sun warming the snow. Sometimes some more snowfall. Sometimes other natural events, often a human.	sometimes the original trigging event is the sun warming the snow sometimes some more snowfall sometimes other natural events often a human
train_1021	1274	1	 Looking decidedly rusty in the game against their southern sisters, South Africa, however, steadily improved as the tournament progressed. Looking decidedly rusty in the game against their southern sisters, South Africa, however, steadily improved as the tournament progressed.	looking decidedly rusty in the game against their southern sisters south africa however steadily improved as the tournament progressed
train_1022	1274	0	 looking decidedly rusty in the game against their southern sisters South Africa however steadily improved as the tournament progressed	looking decidedly rusty in the game against their southern sisters south africa however steadily improved as the tournament progressed
train_1023	465	0	 The traditional medieval castle has long inspired imagination, conjuring up images of jousts, banquets, and Arthurian chivalry.	the traditional medieval castle has long inspired the imagination conjuring up images of jousts banquets and arthurian chivalry
train_1024	259	1	 While authorities are unsure of the credibility of the threat, the Maryland Transportation Authority made the closure with the urging of the FBI.	while authorities are unsure of the credibility of the threat the maryland transportaion authority made the closure with the urging of the fbi
train_1025	1495	1	 Others include Livingston Island and Deception where the flooded caldera of a still active volcano provides a spectacular natural harbor.	others include livingston island and deception where the flooded caldera of a still-active volcano provides a spectacular natural harbour
train_1026	400	0	 For that, they had to get rid of British bases and ships in Egypt. Besides those actions, Italy's battleships were not supposed to do anything else.	for that they had to get rid of british bases and ships in egypt besides those actions italy's battleships were not supposed to do anything else
train_1027	350	0	 Scientists are working to create a reactor that can make energy in the same way.	scientists are working to create a reactor that can make energy in the same way
train_1028	544	0	 Greedly or stark placed a stake about 100 feet in front of the fence and ordered that no one fire until the regulars passed it.	gridley or stark placed a stake about 100 feet 30 m in front of the fence and ordered that no one fire until the regulars passed it
train_1029	512	0	 These children tend to get into a lot of trouble because they engage in risky behaviors, get into fights, and challenge authority in order to stimulate their brain since their brain cannot be stimulated by normal methods.	these children tend to get into a lot of trouble because they engage in risky behaviors get into fights and challenge authority in order to stimulate their brain since their brain can not be stimulated by normal methods
train_1030	1199	1	 Virtual team members often function as the point of contact for their immediate physical group.	virtual team members often function as the point of contact for their immediate physical group
train_1031	1433	1	 Today many Sami work in modern trades. Tourism is an important income in Sapmi, the Sami area.	today many sámi work in modern trades. tourism is an important income in sápmi the sámi area
train_1032	57	1	 If it becomes commercial, we should have it. That is, there's no in principle objection to nuclear energy, Mr. Costello said.	if it becomes commercial we should have it that is there's no in-principle objection to nuclear energy mr costello said
train_1033	543	1	 When low tide opened a gap along the Mystic River along the northeast of the peninsula, they quickly extended the fence with a short stone wall to the north ending at the water's edge on a small beach.	when low tide opened a gap along the mystic river along the northeast of the peninsula they quickly extended the fence with a short stone wall to the north ending at the water's edge on a small beach
train_1034	1348	1	 Boating is a national pastime in Finland with a boat to every seven or eight people.	boating is a national pastime in finland with a boat to every seven or eight people
train_1035	1238	0	 Tamaki Drive beaches are on the way to Matahaba in the upmarket suburbs of Mission Bay and St Heliers in central Auckland.	tamaki drive beaches are on the waitemata harbour in the upmarket suburbs of mission bay and st heliers in central auckland
train_1036	498	1	 They became proficient at amputation to save patients from gangrene, as well as tourniquets and arterial clamps to stem blood flow.	they became proficient at amputation to save patients from gangrene as well as tourniquets and arterial clamps to stem blood flow
train_1037	59	1	 Police said Lopigolo had the upper hand because he had been Provenzano's right-hand man in Palermo and his greater experience won him the respect of the older generation of bosses as they pursued Provenzano's policy of keeping as low as possible while strengthening their power network.	police said lo piccolo had the upper hand because he had been provenzano's right-hand man in palermo and his greater experience won him the respect of the older generation of bosses as they pursued provenzano's policy of keeping as low as possible while strengthening their power network
train_1038	516	0	 In essence, the Renaissance made a significant change in the approach to learning and the dissemination of knowledge.	in essence the renaissance made a significant change in the approach to learning and the dissemination of knowledge
train_1039	25	1	 He had two goals and two assists in Washington's 5-3 win over the Atlanta Thrashers.	he had 2 goals and 2 assists in washington's 5-3 win over the atlanta thrashers
train_1040	1026	0	 The luminosity and rotation are used together to determine a star's Rossby number, which is related to plasma flow.	the luminosity and rotation are used together to determine a star's rossby number which is related to plasma flow
train_1041	1328	1	 He even suggests that such abilities in interpreting human behavior may be shared by animals such as domestic dogs.	he even suggests that such abilities in interpreting human behavior may be shared by animals such as domestic dogs
train_1042	1006	1	 Each temple had an open temple courtyard and then an inner sanctuary that only the priests could enter.	each temple had an open temple courtyard and then an inner sanctuary that only the priests could enter
train_1043	1356	1	 A person working in a garage near where the accident occurred said there were children waiting to cross the road and they were all screaming and crying.	a person working in a garage near where the accident occurred said there were children waiting to cross the road and they were all screaming and crying
train_1044	111	0	 Stardust will set a new all-time record for being the fastest spacecraft to return to Earth, breaking the previous record set in May of 1969 during the return of the Apollo X Command Module.	stardust will set a new all-time record for being the fastest spacecraft to return to earth breaking the previous record set in may of 1969 during the return of the apollo x command module
train_1045	549	0	 With the change from the quarter to the half mile run, speed becomes of much less importance and endurance becomes an absolute necessity.	with the change from the quarter to the half mile run speed becomes of much less importance and endurance becomes an absolute necessity
train_1046	556	1	 Athletes may feel that they prefer a product even when it provides no real benefits.	athletes may feel that they prefer a product even when it provides no real benefits
train_1047	669	1	 While this is a very common activity, it is prohibited by Disney. The tickets are non-transferrable.	while this is a very common activity it is prohibited by disney the tickets are non-transferable
train_1048	354	1	 The water molecules make an invisible skin on the water surface that allows things like the needle to float on top of the water.	the water molecules make an invisible skin on the water's surface that allows things like the needle to float on top of the water
train_1049	1027	1	 Foster care is supposed to provide all of the necessities that were lacking in the home they were previously taken from.	foster care is supposed to provide all the necessities that were lacking in the home they were previously taken from
train_1050	525	1	 The effect is dependent on how often your brain attempts to lucidly dream per night.	the effect is dependent on how often your brain attempts to lucidly dream per night
train_1051	550	0	 Of course, a first-class half-miller, a man who can be two minutes, must be possessed of a fair amount of speed, but endurance must be cultivated at all hazard.	of course a first-class half-miler a man who can beat two minutes must be possessed of a fair amount of speed but endurance must be cultivated at all hazards
train_1052	1423	1	 This term derives from the ancient familiarity with bedbugs, which are insects highly adapted to parasitize humans.	this term derives from ancient familiarity with bed-bugs which are insects highly adapted to parasitize humans
train_1053	923	0	 While most cards are good for calling anywhere, some specialize in providing favorable call rates to specific groups of countries.	while most cards are good for calling anywhere some specialise in providing favourable call rates to specific groups of countries
train_1054	689	0	 Visitors with limited time would be best to spend their time elsewhere.	visitors with limited time would be best to spend their time elsewhere
train_1055	1280	0	 Plans for vaccines to be delivered to the historically most affected areas this year were delayed due to lack of funds and low prioritization relative to other diseases.	plans for vaccines to be delivered to the historically most affected areas this year were delayed due to lack of funds and low prioritisation relative to other diseases
train_1056	1054	0	 A course will normally be from 2 to 5 days and will involve role play, a lot of first aid, and sometimes weapons training.	a course will normally be from 2-5 days and will involve role play a lot of first aid and sometimes weapons training
train_1057	386	0	 Hangul is the only purpose-invented alphabet in popular daily use. The alphabet was invented in 1444 during the reign of King Sejong .	hangeul is the only purposely invented alphabet in popular daily use. the alphabet was invented in 1444 during the reign of king sejong 1418 – 1450
train_1058	1040	1	 All of the cave entrances which were named the Seven Sisters are at least 100 to 250 meters or 328 to 820 feet in diameter.	all of the cave entrances which were named the seven sisters are at least 100 to 250 meters 328 to 820 feet in diameter
train_1059	1369	0	 Curtis Cooper, a mathematician and computer science professor at the University of Central Missouri, has discovered the largest known prime number to date on January 25th.	curtis cooper a mathematician and computer science professor at the university of central missouri has discovered the largest known prime number to date on january 25
train_1060	428	0	 European Turkey, Eastern Thrace or Rumelia in the Balkan Peninsula, includes 3% of the country.	european turkey eastern thrace or rumelia in the balkan peninsula includes 3% of the country
train_1061	157	0	 Some of the rocks, which are very rare on Earth, are being sold from US $11,000 to $22,500 per ounce, which is about 10 times more than the cost of gold.	some of the rocks which are very rare on earth are being sold from us$11,000 to $22,500 per ounce which is about ten times more than the cost of gold
train_1062	688	1	 The fabulous riches of the tomb are no longer in it, but have been removed to the Egyptian Museum in Cairo.	the fabulous riches of the tomb are no longer in it but have been removed to the egyptian museum in cairo
train_1063	1168	1	 No child should ever have to grow up in an environment that is not nurturing, caring, and educational. But they do.	no child should ever have to grow up in an environment that is not nurturing caring and educational but they do
train_1064	1448	1	 Several million vials of the nFelis vaccine have also been promised by the government, which will help prepare health agencies for next year.	several million vials of encephalitis vaccine have also been promised by the government which will help prepare health agencies for next year
train_1065	1284	0	 It is not something to be ashamed of. It is no different from the personal fears and dislikes of other things that very many people have.	it is not something to be ashamed of it is no different from the personal fears and dislikes of other things that very many people have
train_1066	545	0	 The American plan relied on launching coordinated attacks from three different directions.	the american plan relied on launching coordinated attacks from three different directions
train_1067	933	1	 Student visas generally have different requirements and application procedures from normal tourist or business visas.	student visas generally have different requirements and application procedures from normal tourist or business visas
train_1068	1409	0	 Ever since the federal government stepped in to take over funding of the Mersey Hospital in Davenport, Tasmania, the state government and some federal MPs have criticized this act as a stunt to preclude the federal election to be called in November.	ever since the federal government stepped in to take over funding of the mersey hospital in devonport tasmania the state government and some federal mps have criticised this act as a stunt in the prelude to the federal election to be called by november
train_1069	133	0	 Christopher Cascio, a spokesperson of the Los Angeles Police Department, said the suspected male offender is being investigated for trespassing rather than vandalizing.	christopher garcia a spokesperson of the los angeles police department said the suspected male offender is being investigated for trespassing rather than vandalism
train_1070	870	1	 Do not sleep on a mattress or pad on the ground in areas where you do not know the local fauna.	do not sleep on a mattress or pad on the ground in areas where you do not know the local fauna
train_1071	840	0	 Given how remote many of the pueblos are, you won't be able to find a significant amount of nightlife without traveling to Albuquerque or Santa Fe.	given how remote many of the pueblos are you won't be able to find a significant amount of nightlife without traveling to albuquerque or santa fe
train_1072	833	0	 Registration is an additional requirement for the visa process. In some countries, you must register your presence and address where you are staying with the local authorities.	registration is an additional requirement for the visa process in some countries you must register your presence and address where you are staying with the local authorities
train_1073	894	1	 These aren't very nimble so the trail has to take a long swerve around the Transantarctic Mountains to come onto the plateau.	these aren't very nimble so the trail has to take a long swerve around the transantarctic mountains to come onto the plateau
train_1074	1338	0	 If the country you will be visiting becomes subject to a travel advisory or travel health insurance or your trip cancellation insurance may be affected.	if the country you will be visiting becomes subject to a travel advisory your travel health insurance or your trip cancellation insurance may be affected
train_1075	92	0	 Lodin also said officials decided to cancel the runoff in order to save Afghans the expense and security risk of another election.	lodin also said officials decided to cancel the runoff in order to save afghans the expense and security risk of another election
train_1076	638	1	 Four years later, a patent was granted, which was the world's first patent issued in the field of MRA.	four years later a patent was granted which was the world's first patent issued in the field of mri
train_1077	366	0	 This is because electricity flowing into the socket where the metallic part of bulb sits can give you a severe electric shock if you touch the inside of the socket or the metal base of the bulb when it is still partly in the socket.	this is because electricity flowing into the socket where the metallic part of bulb sits can give you a severe electric shock if you touch the inside of the socket or the metal base of the bulb while it is still partly in the socket
train_1078	1401	1	 No immediate reports of damage have been received by the United States Geological Survey and its National Earthquake Information Center.	no immediate reports of damage have been received by the united states geological survey usgs and its national earthquake information center
train_1079	1295	1	 Research has found that females are two times more likely to have MS than males.	research has found that females are two times more likely to have ms then males
train_1080	578	1	 The cell is the basic unit of all living things, and all organisms are composed of one or more cells.	the cell is the basic unit of all living things and all organisms are composed of one or more cells
train_1081	806	1	 Consider getting an eye exam at home, especially if insurance covers it, and bringing the prescription along to be filled elsewhere.	consider getting an eye exam at home especially if insurance covers it and bringing the prescription along to be filed elsewhere
train_1082	1466	0	 During the 1980s, he worked on shows such as Taxi, Cheers, and The Tracy Ullman Show.	during the 1980s he worked on shows such as taxi cheers and the tracy ullman show
train_1083	1156	1	 The up-bow mark looks like a V and the down-bow mark like a staple or a square missing its bottom side.	the up bow mark looks like a v and the down bow mark like a staple or a square missing its bottom side
train_1084	1141	1	 Deputy Inspector General D.K. Arya said, we have arrested five persons who raped the Swiss woman and recovered her mobile and laptop.	deputy inspector general d k arya said we have arrested five persons who raped the swiss woman and recovered her mobile and laptop
train_1085	89	1	 Authorities said little officially beyond confirming today's arrest.	authorities said little officially beyond confirming today's arrest
train_1086	631	1	 That means we are able to successfully predict what other humans perceive, intend, believe, know or desire.	that means we are able to successfully predict what other humans perceive intend believe know or desire
train_1087	399	1	 Italy's main goals were African countries. To capture those countries, they would need to have a troop launching pad so as troops could sail across the Mediterranean Sea and invade Africa.	italy's main goals were african countries to capture those countries they would need to have a troop launching pad so as troops could sail across the mediterranean sea and invade africa
train_1088	1507	1	 Travelers may encounter animal pests that they are not familiar with in their home regions.	travellers may encounter animal pests that they are not familiar with in their home regions
train_1089	644	0	 Students can also submit questions to instructions at any time of day and expect reasonably quick responses, rather than waiting until the next face-to-face meeting.	students can also submit questions to instructors at any time of day and expect reasonably quick responses rather than waiting until the next face-to-face meeting
train_1090	46	1	 On September 24th, 1759, Arthur Guinness signed a 9,000 year lease for the St. James Gate Brewery in Dublin, Ireland.	on september 24 1759 arthur guinness signed a 9,000 year lease for the st james' gate brewery in dublin ireland
train_1091	165	0	 It is assigned to the US Navy's 7th Fleet and Base in Sasebo, Nagasaki in Japan.	it is assigned to the u.s. navy's seventh fleet and based in sasebo nagasaki in japan
train_1092	838	0	 Many buildings are quite beautiful to look at and the view from a tall building or from a cleverly positioned window can be a beautiful to behold.	many buildings are quite beautiful to look at and the view from a tall building or from a cleverly-positioned window can be a beauty to behold
train_1093	1455	1	 The distinct characteristics of the Internet lead to additional dimensions in terms of the uses and gratifications approach.	the distinct characteristics of the internet lead to additional dimensions in terms of the uses and gratifications approach
train_1094	1200	1	 In 1624, Dutch East India Company establishes a base in southwestern Taiwan, initiating a transformation in aboriginal grain production practices, and employing Chinese laborers to work on its rice and sugar plantations.	in 1624,dutch east india company establishes a base in southwestern taiwan initiating a transformation in aboriginal grain production practices and employing chinese laborers to work on its rice and sugar plantations
train_1095	461	1	 Most televisions are made in a way to please the general public.	most televisions are made in a way to please the general public
train_1096	1328	0	 He even suggests that such abilities in interpreting human behavior may be shared by animals such as domestic dogs.	he even suggests that such abilities in interpreting human behavior may be shared by animals such as domestic dogs
train_1097	1043	1	 But Prime Minister John Howard has said that the act was only to safeguard the facilities of the hospital from being downgraded by the Tasmanian government and giving an extra AUD $45 million.	but prime minister john howard has said the act was only to safeguard the facilities of the hospital from being downgraded by the tasmanian government in giving an extra aud$45 million
train_1098	1408	0	 He produced over 1,000 stamps for Sweden and 28 other countries.	he produced over 1,000 stamps for sweden and 28 other countries
train_1099	22	1	 Heesch also argued that the photogenic ma was more style than substance.	hsieh also argued that the photogenic ma was more style than substance
train_1100	882	1	 One of the strong points of Charlotte, North Carolina is that it has an abundance of high quality options for families.	one of strong points of charlotte north carolina is that it has an abundance of high-quality options for families
train_1101	1161	0	 If a rider is thrown from a horse but has a foot caught in the stirrup, they could be dragged if the horse runs away. To minimize this risk, a number of safety precautions can be taken.	if a rider is thrown from a horse but has a foot caught in the stirrup they could be dragged if the horse runs away to minimize this risk a number of safety precautions can be taken
train_1102	497	1	 Surgeons had knowledge of various sedatives including morphine from extracts of poppy seeds and scopolamine from herbaneseeds.	surgeons had knowledge of various sedatives including morphine from extracts of poppy seeds and scopolamine from herbane seeds
train_1103	554	1	 Middle distance running is a relatively inexpensive sport. However, there are many misconceptions regarding the few pieces of equipment required to participate.	middle distance running is a relatively inexpensive sport however there are many misconceptions regarding the few pieces of equipment required to participate
train_1104	8	1	 The protest started around 11 local time on Whitehall opposite the police guard entrance to Downing Street, the Prime Minister's official residence.	the protest started around 11:00 local time utc+1 on whitehall opposite the police-guarded entrance to downing street the prime minister's official residence
train_1105	795	0	 Make and carry copies of your policy and your insurer's contact details with you.	make and carry copies of your policy and your insurer's contact details with you
train_1106	934	0	 For most countries, you will need an offer letter from the institution you wish to study at, and also evidence of funds to support yourself for at least the first year of your course.	for most countries you will need an offer letter from the institution you wish to study at and also evidence of funds to support yourself for at least the first year of your course
train_1107	1293	1	 Parisians abrupt exteriors will rapidly evaporate if you display some basic court courtesies.	parisians' abrupt exteriors will rapidly evaporate if you display some basic courtesies
train_1108	1226	1	 The Mahayat Pradesh Police recovered the stolen laptop and mobile phone.	the madhya pradesh police recovered the stolen laptop and mobile phone
train_1109	1475	1	 The mountains of the peninsula here merge into the plateau and then reemerge to form the 360 kilometer chain of the Ellsworth Mountains.	the mountains of the peninsula here merge into the plateau then re-emerge to form the 360 km chain of the ellsworth mountains bisected by the minnesota glacier
train_1110	341	0	 Zayat was unhurt in the accident.	zayat was unhurt in the accident
train_1111	84	0	 Its second claw was larger, giving rise to the name Hesperonicus, which means western claw.	its second claw was larger giving rise to the name hesperonychus which means western claw
train_1112	387	1	 King Sejong was the fourth king of the Joseon dynasty and is one of the most highly regarded.	king sejong was the fourth king of the joseon dynasty and is one of the most highly regarded
train_1113	699	0	 Ecuador requires that Cuban citizens receive an invitation letter prior to entering Ecuador through international airports or frontier admission points.	ecuador requires that cuban citizens receive an invitation letter prior to entering ecuador through international airports or frontier admission points
train_1114	1368	1	 If they sent things by air freight, on some routes it may have taken days to get through unloading and customs.	if they sent things by air freight on some routes it may have taken days to get through unloading and customs
train_1115	786	1	 Wild animals might either be shy or aggressive. The environment might be cold, hot, or otherwise hostile.	wild animals might either be shy or aggressive the environment might be cold hot or otherwise hostile
train_1116	876	1	 If you live in a city with a very drinking culture, go to bars or pubs in neighborhoods you don't frequent.	if you live in a city with a varied drinking culture go to bars or pubs in neighborhoods you don't frequent
train_1117	192	1	 Fire Captain Scott Curran said it was a hot day in the Santa Clara with temperatures in the 90s.	fire captain scott kouns said it was a hot day in the santa clara with temperatures in the 90s
train_1118	37	1	 Construction is ongoing for five new skyscrapers at the site, with a transportation center and memorial park in the middle.	construction is ongoing for five new skyscrapers at the site with a transportation center and memorial park in the middle
train_1119	394	0	 Germany code named the attack Operation Stallion. Most of the British Army's heavy weapons and supplies had been lost when it evacuated from Dunkirk, so the army was fairly weak.	germany code-named the attack operation sealion most of the british army's heavy weapons and supplies had been lost when it evacuated from dunkirk so the army was fairly weak
train_1120	414	1	 We know many Greek politicians, scientists, and artists. Possibly the most known person of this culture is Homer, the legendary blind poet who composed two masterpieces of Greek literature, the poems Iliad and Odyssey.	we know many greek politicians scientists and artists possibly the most known person of this culture is homer the legendary blind poet who composed two masterpieces of greek literature the poems iliad and odyssey
train_1121	303	0	 French law was changed, his activism went back to age 15 when he joined the French Renaissance during World War II.	french law was changed his activism went back to age 15 when he joined the french resistance during world war ii
train_1122	523	0	 With few REMs per night, this state in which you experience actual sleep and your body recovers becomes infrequent enough to become a problem.	with fewer rems per night this state in which you experience actual sleep and your body recovers becomes infrequent enough to become a problem
train_1123	776	1	 Although in theory they can take place annually, so long as they are in different countries, in practice they are not.	although in theory they can take place annually so long as they are in different countries in practice they are not
train_1124	834	1	 This might require filling out a form with the local police or a visit to the immigration offices.	this might require filling out a form with the local police or a visit to the immigration offices
train_1125	1067	1	 In good conditions you will be able to cover somewhat greater distances than walking but only very seldom will you get the speeds of cross-country skiing without a heavy backpack and groomed tracks.	in good conditions you will be able to cover somewhat greater distances than walking but only very seldom you will get the speeds of cross country skiing without a heavy backpack in groomed tracks
train_1126	854	1	 Metro Rail has two classes on commuter trains in and around Cape Town. Metro Plus, also called First Class, and Metro, called Third Class.	metrorail has two classes on commuter trains in and around cape town: metroplus also called first class and metro called third class
train_1127	1447	0	 Dr. Tony Moll discovered the extremely drug-resistant tuberculosis, XVRTB, in the South African region KwaZulu-Natal.	dr. tony moll discovered the extremely drug resistant tuberculosis xdr-tb in the south african region kwazulu-natal
train_1128	1342	0	 They are cooler than the surrounding surface in the day and warm at night.	they are cooler than the surrounding surface in the day and warmer at night
train_1129	423	0	 It was based on the German alphabet and one character O slash O was added.	it was based on the german alphabet and one character õ/õ was added
train_1130	957	0	 Don't forget to add in the extra quotes of additional visas, departure, taxes, ground transportation, etc. for all those places outside of Africa.	don't forget to add in the extra costs of additional visas departure taxes ground transportation etc for all those places outside of africa
train_1131	47	1	 250 years later, Guinness has grown to a global business that turns over 10 billion euros every year.	250 years later guinness has grown to a global business that turns over 10 billion euros us$14.7 billion every year
train_1132	812	0	 Hiking is an outdoor activity which consists of walking in natural environments, often on hiking trails.	hiking is an outdoor activity which consists of walking in natural environments often on hiking trails
train_1133	1119	1	 The invisible team is the management team to which each of the members report. The invisible team sets the standards for each member.	the invisible team is the management team to which each of the members report the invisible team sets the standards for each member
train_1134	652	0	 As mentioned above, though the word Eskimo remains acceptable in the United States, it is considered pejorative by many non-U.S. Arctic peoples, especially in Canada.	as mentioned above though the word eskimo remains acceptable in the united states it is considered pejorative by many non-u.s. arctic peoples especially in canada
train_1135	1331	0	 While project-based learning should make learning easier and more interesting, scaffolding does a step beyond.	while project based learning should make learning easier and more interesting scaffolding goes a step beyond
train_1136	1235	0	 We now have 4 month old mice that are non-diabetic that used to be diabetic, e-harded.	"""we now have 4-month-old mice that are non-diabetic that used to be diabetic, he added"
train_1137	816	1	 Internationally there are nearly 200 running tour organizations. Many of them operate independently.	internationally there are nearly 200 running tour organizations most of them operate independently
train_1138	1062	1	 Ellsworth Land is the region south of the peninsula bounded by the Bellingshausen Sea.	ellsworth land is the region south of the peninsula bounded by the bellingshausen sea
train_1139	540	1	 The colonists seeing this activity had also called for reinforcements.	the colonists seeing this activity had also called for reinforcements
train_1140	36	1	 Two beams of light have been rigged up to point skywards overnight.	two beams of light have been rigged up to point skywards overnight
train_1141	3	1	 The JAS39C Crispin crashed into a runway around 9.30 a.m. local time and exploded, causing the airport to commercial flights.	the jas 39c gripen crashed onto a runway at around 9:30 am local time 0230 utc and exploded closing the airport to commercial flights
train_1142	1439	1	 Box jellyfish occur near beaches and near river estuaries from October to April north of 1770. They can occasionally be found outside these times.	box jellyfish occur near beaches and near river estuaries from october to april north of 1770 they can occasionally be found outside these times
train_1143	739	1	 Cafe NET El Sol offers a reservation service for a fee of 30 US dollars or 10 dollars for one day passes. Details on their Corcovado page.	cafenet el sol offers a reservation service for a fee of us$30 or $10 for one-day passes; details on their corcovado page
train_1144	342	0	 Regarding the global financial situation, Zapatero continued by saying that the financial system is part of the economy, a crucial part.	regarding the global financial situation zapatero continued by saying that the financial system is a part of the economy a crucial part
train_1145	428	1	 European Turkey, Eastern Thrace, or Rumulia in the Balkan Peninsula includes 3% of the country.	european turkey eastern thrace or rumelia in the balkan peninsula includes 3% of the country
train_1146	1115	1	 The medical charity Mangola, Medicine Sense for Terror and the World Health Organization say it is the worst outbreak recorded in the country.	the medical charity mangola medecines sans frontieres and the world health organisation say it is the worst outbreak recorded in the country
train_1147	601	1	 Elements and compounds can move from one state to another and not change.	elements and compounds can move from one state to another and not change
train_1148	685	0	 Tomb of Tutankhamun KB 62 KB 62 may be the most famous of the tombs in the valley. The scene of Howard Carter's 1922 discovery of the almost intact royal burial of the young king.	tomb of tutankhamun kv62. kv62 may be the most famous of the tombs in the valley the scene of howard carter's 1922 discovery of the almost intact royal burial of the young king
train_1149	1211	0	 willingness of foreign governments to honor these documents is just as widely variable	willingness of foreign governments to honour these documents is just as widely variable
train_1150	213	0	 No one was inside the apartment.	no one was inside the apartment
train_1151	491	1	 Although in the end Khrushchev sent in tanks to restore order, he did give away to some economic demands and agreed to appoint the popular Vladislav Gomukh as a new prime minister.	although in the end krushchev sent in tanks to restore order he did give way to some economic demands and agreed to appoint the popular wladyslaw gomulka as the new prime minister
train_1152	74	0	 A few weeks ago, after the information published by the journalist Marcus Tritofiolopoulos in his popular television show Zogla in Afa TV, the Member of Parliament and lawyer Petros Mantovoulos was abducted as a member of his office had been involved in illegal graft and corruption.	a few weeks ago after the information published by the journalist makis triantafylopoulos in his popular television show zoungla in alpha tv the member of parliament and lawyer petros mantouvalos was abdicated as members of his office had been involved in illegal graft and corruption
train_1153	930	1	 Sometimes the same flight can have vastly differing prices at various aggregators and it pays to compare search results and to also look at the website of the airline itself before booking.	sometimes the same flight can have vastly differing prices at various agregators and it pays to compare search results and to also look at the website of the airline itself before booking
train_1154	363	1	 After hundreds of hours of operation, the filament in the bulb eventually burns out and the light bulb no longer works.	after hundreds of hours of operation the filament in the bulb eventually burns out and the light bulb no longer works
train_1155	546	0	 General John Cadwaladr would launch a divisionary attack against the British garrison at Bodentown in order to block off any reinforcements.	general john cadwalder would launch a diversionary attack against the british garrison at bordentown in order to block off any reinforcements
train_1156	442	1	 The Thais invaded Cambodia several times in the 18th century and in 1772 they destroyed Phnom Penh.	the thais invaded cambodia several times in the 18th century and in 1772 they destroyed phnom phen
train_1157	1494	0	 Preoperative transgender people should not expect to pass through the scanners with their privacy and dignity intact.	pre-operative transgender people should not expect to pass through the scanners with their privacy and dignity intact
train_1158	568	1	 There are many different constructions of eyes ranging in complexity depending on the requirements of the organism.	there are many different constructions of eyes ranging in complexity depending on the requirements of the organism
train_1159	1211	1	 Willingness of foreign governments to honor these documents is just as widely variable.	willingness of foreign governments to honour these documents is just as widely variable
train_1160	867	1	 If traveling in a developing country for the first time or in a new part of the world, don't underestimate the potential of culture shock.	if traveling in a developing country for the first time or in a new part of the world don't underestimate the potential culture shock
train_1161	731	1	 This authentic community is located in Howe Sound, just off Vancouver, and is easily accessed via scheduled water taxis departing Granville Island in downtown Vancouver.	this authentic community is located in howe sound just off vancouver and is easily accessed via scheduled water taxis departing granville island in downtown vancouver
train_1162	160	0	 In third, Hamlin is 20 points behind, but 5 ahead of Boyer. Kanye and Tyro Jr. are 5th and 6th respectively, with 2220 and 2227 points.	in third hamlin is twenty points behind but five ahead of bowyer kahne and truex jr are fifth and sixth respectively with 2,220 and 2,207 points
train_1163	788	1	 Witten words are often easier to understand than spoken words also. This is especially true of addresses, which are often difficult to pronounce intelligibly.	written words are often easier to understand than spoken words also this is especially true of addresses which are often difficult to pronounce intelligibly
train_1164	458	1	 Another disadvantage of zoom lenses is that the maximum aperture, the speed of the lens is usually lower.	another disadvantage of zoom lenses is that the maximum aperture the speed of the lens is usually lower
train_1165	149	1	 The Northern Rock Bank had been nationalized in 2008 following the revelation that the company had received emergency support from the UK government.	the northern rock bank had been nationalised in 2008 following the revelation that the company had received emergency support from the uk government
train_1166	361	0	 The next picture shows the atoms emitting photons. Of course, in reality, photons are a lot smaller than those in the picture.	the next picture shows the atoms emitting photons of course in reality photons are a lot smaller than those in the picture
train_1167	1358	1	 One antibody cocktail, ZMapp, initially showed promise in the field, but formal studies indicated it had less benefit than sought in preventing death.	one antibody cocktail zmapp initially showed promise in the field but formal studies indicated it had less benefit than sought in preventing death
train_1168	1444	0	 The fatalities were Nicholas Alden, 25, and Zachary Kudebak, 21. Kudebak had been the driver.	the fatalities were nicholas alden 25 and zachary cuddeback 21 cuddeback had been the driver
train_1169	815	1	 Families with small children may need more preparations, but a day outdoors is easily possible even with babies and preschool children.	families with small children may need more preparations but a day outdoors is easily possible even with babies and pre-school children
train_1170	88	1	 News spread in the Red Lake community today as funerals for Jeff Weiss and three of the nine victims were held and another student was arrested in connection with the school shootings of March 21st.	news spread in the red lake community today as funerals for jeff weise and three of the nine victims were held that another student was arrested in connection with the school shootings of march 21
train_1171	237	1	 It's going to behave like water. It's transparent just the way water is.	it's going to behave like water it's transparent just the way water is
train_1172	1314	1	 As long as you stay in this zone, you can generally cross borders without going through passport control checkpoints again.	as long as you stay in this zone you can generally cross borders without going through passport control checkpoints again
train_1173	1260	1	 The main letters to watch out for are C and G, since their pronunciation varies based on the following vowel.	the main letters to watch out for are c and g since their pronunciation varies based on the following vowel
train_1174	581	1	 These nerve impulses can be sent so quickly throughout the body, which helps keep the body safe from any potential threat.	these nerve impulses can be sent so quickly throughout the body which helps keep the body safe from any potential threat
train_1175	1428	1	 Downhill skiing as a sport goes back to at least the 17th century and in 1861 the first recreational ski club was opened by Norwegians in Australia.	downhill skiing as a sport goes back to at least the 17th century and in 1861 the first recreational ski club was opened by norwegians in australia
train_1176	975	1	 However, in Malaysia, at least among the Malays in rural areas, it means come over, similar to the index finger bent towards the body, a gesture which is also used in certain western countries and should be only used for that purpose.	however in malaysia at least among the malays in rural areas it means come over similar to the index finger bent toward the body a gesture which is used in certain western countries and should be used only for that purpose
train_1177	155	1	 Out of approximately 24,000 known meteorites to have fallen to Earth, only about 34 have been verified to be Martian in origin.	out of the approximately 24,000 known meteorites to have fallen to earth only about 34 have been verified to be martian in origin
train_1178	77	1	 He did, however, reiterate his earlier statement that Roe v. Wade was the settled law of the land, emphasizing the importance of consistent Supreme Court rulings.	he did however reiterate his earlier statement that roe v wade was the settled law of the land emphasizing the importance of consistent supreme court rulings
train_1179	224	1	 Blake was also convicted of attempting to pervert the course of justice.	blake was also convicted of attempting to pervert the course of justice
train_1180	1443	1	 Cherry blossom viewing, known as hanami, has been a part of Japanese culture since the 8th century.	cherry blossom viewing known as hanami has been a part of japanese culture since the 8th century
train_1181	76	1	 Robert Flatley refused to say about when he believes life begins, an important question when considering the ethics of abortion, saying that it would be unethical to comment on the specifics of likely cases.	roberts flatly refused to say about when he believes life begins an important question when considering the ethics of abortion saying that it would be unethical to comment on the specifics of likely cases
train_1182	596	1	 A cell is the smallest structural and functional unit of a living things organism.	a cell is the smallest structural and functional unit of a living things organism
train_1183	256	0	 Ten years later, he led the Soviet part of the Apollo-Soyuz mission symbolizing that the space race was over.	ten years later he led the soviet part of the apollo-soyuz mission symbolizing that the space race was over
train_1184	649	1	 We will never overhaul a car, build a fountain in our backyard, travel to Peru to examine ancient ruins, or remodel our neighbor's house.	we will never overhaul a car build a fountain in our backyard travel to peru to examine ancient ruins or remodel our neighbour's house
train_1185	323	1	 China's GDP could be larger than the United States within two decades.	china's gdp could be larger than the united states within two decades
train_1186	1381	1	 Shared taxis are a quick and comfortable means to travel to nearby places such as Paro and Punaka .	shared taxis are a quick and comfortable means to travel to nearby places such as paro nu 150 and punakha nu 200
train_1187	533	1	 The player who takes the fewest strokes or swings the club to complete the course wins.	the player who takes the fewest strokes or swings of the club to complete the course wins
train_1188	925	0	 Rules regarding regular photography also apply to video recording, possibly even more so.	rules regarding regular photography also apply to video recording possibly even more so
train_1189	268	1	 The case was prosecuted in Virginia because this is a home to the leading internet service provider AOL, the company who instigated the charges.	the case was prosecuted in virginia because it is the home to the leading internet service provider aol the company who instigated the charges
train_1190	1458	1	 It takes a giant rocket over 100 feet high to put a satellite or telescope in space.	it takes a giant rocket over a 100 feet high to put a satellite or telescope in space
train_1191	708	1	 It looks a bit daunting from below and it is a steep and difficult ascent, but most reasonably fit persons should be able to make it in about 45 minutes.	it looks a bit daunting from below and it is a steep and difficult ascent but most reasonably fit persons should be able to make it in about 45 minutes
train_1192	764	1	 He emailed students at the local university and received an overwhelming number of offers for free accommodation.	he emailed students at the local university and received an overwhelming number of offers for free accommodation
train_1193	325	1	 The storm, located approximately 3,000 miles from Miami, Florida, has maximum sustained winds of 40 mph .	the storm located approximately 3,000 miles from miami florida has maximum sustained winds of 40 mph 64 kph
train_1194	23	1	 Despite these accusations, Ma won handily on a platform advocating closer ties with the Chinese mainland.	despite these accusations ma won handily on a platform advocating closer ties with the chinese mainland
train_1195	174	1	 Following seabed mapping, the wreck was found using an ROV.	following seabed mapping the wreck was found using an rov
train_1196	1389	1	 Booking in advance gives the traveler peace of mind that they will have somewhere to sleep once they arrive at their destination.	booking in advance gives the traveller peace of mind that they will have somewhere to sleep once they arrive at their destination
train_1197	1003	1	 Also, make sure to pronounce R and RR differently. Caro means deer, whereas caro means chariot.	also make sure to pronounce r and rr differently caro means dear whereas carro means chariot
train_1198	8	1	 The protest started around 11 local time, UTC plus 1, on Whitehall, opposite the police-guarded entrance to Downing Street, the Prime Minister's official residence.	the protest started around 11:00 local time utc+1 on whitehall opposite the police-guarded entrance to downing street the prime minister's official residence
train_1199	1323	0	 But the consumer market on laptop computer will be radically varied and changed after ASUS was awarded in the 2007 Taiwan Substantial Award by Executive Wan of the Republic of China.	but the consumer market on laptop computer will be radically varied and changed after asus was awarded in the 2007 taiwan sustainable award by executive yuan of the republic of china
train_1200	912	0	 Because calls are routed over the internet, you do not need to use a phone company located where you live or where you travel.	because calls are routed over the internet you do not need to use a phone company located where you live or where you travel
train_1201	1493	0	 This was more like the four states of matter in the same order, solid, liquid, gas, and plasma, though he also theorized that they change into new substances to form what we see.	this was more like the four states of matter in the same order: solid liquid gas and plasma though he also theorised that they change into new substances to form what we see
train_1202	977	0	 Auxiliary languages are artificial or constructed languages created with the intent of facilitating communication between peoples who would otherwise have difficulty communicating.	auxiliary languages are artificial or constructed languages created with the intent of facilitating communication between peoples who would otherwise have difficulty communicating
train_1203	774	1	 Participating countries present artistic and educational displays in national pavilions to showcase world issues on their country's current culture and history.	participating countries present artistic and educational displays in national pavilions to showcase world issues or their country's culture and history
train_1204	856	0	 Every train has both MetroPlus and MetroCoaches. The MetroPlus coaches are always on the end of the train nearest Cape Town.	every train has both metroplus and metro coaches the metroplus coaches are always on the end of the train nearest cape town
train_1205	104	1	 The comments live on television were the first time that senior Iranian sources have admitted that the sanctions are having any effect.	the comments live on television were the first time that senior iranian sources have admitted that the sanctions are having any effect
train_1206	606	1	 Time is something that is all around us and affects everything we do, yet is difficult to understand.	time is something that is all around us and affects everything we do yet is difficult to understand
train_1207	253	1	 Leonov, also known as Cosmonaut No. 11, was part of the Soviet Union's original team of cosmonauts.	leonov also known as cosmonaut no 11 was part of the soviet union's original team of cosmonauts
train_1208	778	0	 There are many different film formats that have been used over the years. Standard 35mm film, 36x24mm negative, is much the commonest.	there are many different film formats that have been used over the years. standard 35 mm film 36 by 24 mm negative is much the commonest
train_1209	598	0	 If you look at living things under a microscope, you will see that they are made of small squares or balls.	if you look at living things under a microscope you will see that they are made of small squares or balls
train_1210	359	0	 They do this by emitting a tiny particle of light called a photon.	they do this by emitting a tiny particle of light called a photon
train_1211	154	1	 This is believed to be the fifth time in history that people have observed what turned out to be chemically confirmed Martian material falling to Earth.	this is believed to be the fifth time in history that people have observed what turned out to be chemically confirmed martian material falling to earth
train_1212	1094	1	 Most deaths happen as a result of fatigue trying to swim back against the current, which may be impossible.	most deaths happen as result of fatigue trying to swim back against the current which may be impossible
train_1213	1195	1	 Since Montevideo is south of the equator, it is summer there when it's winter in the northern hemisphere, and vice versa.	since montevideo is south of the equator it is summer there when it's winter in the northern hemisphere and vice versa
train_1214	1071	0	 International sanctions have meant that new aircraft cannot be purchased.	international sanctions have meant that new aircraft cannot be purchased
train_1215	136	0	 Natural factors can intersect to produce ideal conditions, allowing this algae to increase in number dramatically.	natural factors can intersect to produce ideal conditions allowing this algae to increase in number dramatically
train_1216	191	1	 Passengers were given water as they waited in 90 degree heat.	passengers were given water as they waited in 90f-degree heat
train_1217	1484	0	 Eventually, after thousands or even millions of years, the two populations will look so different that they cannot be called the same species.	eventually after thousands or even millions of years the two populations will look so different that they can't be called the same species
train_1218	119	1	 The game publisher Konami stated today in a Japanese newspaper that they will not be releasing the game six days in Fallujah.	the game publisher konami stated today in a japanese newspaper that they will not be releasing the game six days in fallujah
train_1219	32	0	 Piquet Jr. crashed in the 2008 Singapore Grand Prix just after an early pit stop for Fernando Alonso, bringing out the safety car.	piquet jr crashed in the 2008 singapore grand prix just after an early pit stop for fernando alonso bringing out the safety car
train_1220	301	1	 Following the process, HJR 3 will be reviewed again by next related legislator in either 2015 or 2016 to remain in process.	following the process hjr-3 will be reviewed again by the next elected legislature in either 2015 or 2016 to remain in process
train_1221	1251	0	 Everyone can achieve enlightenment. The only thing standing in the way of this goal is our own tension and negativity.	everyone can achieve enlightenment the only thing standing in the way of this goal is our own tension and negativity
train_1222	1498	1	 Many trips to the reef are made all year round and injuries due to any of these causes on the reef are rare.	many trips to the reef are made all year around and injuries due to any of these causes on the reef are rare
train_1223	883	1	 Residents from other areas often cite family friendliness as a primary reason for moving there and visitors often find the city easy to enjoy with children around.	residents from other areas often cite family-friendliness as a primary reason for moving there and visitors often find the city easy to enjoy with children around
train_1224	51	0	 In the last three months, over 80 arrestees were released from the central booking facility without being formally charged.	in the last 3 months over 80 arrestees were released from the central booking facility without being formally charged
train_1225	1077	1	 Before The Simpsons, Simon had worked on several shows in various positions.	before the simpsons simon had worked on several shows in various positions
train_1226	500	0	 Purelline origami is origami with the restriction that only one fold may be done at a time or complex folds like reverse folds are not allowed and all folds have straightforward locations.	pureland origami is origami with the restriction that only one fold may be done at a time more complex folds like reverse folds are not allowed and all folds have straightforward locations
train_1227	1015	0	 NASA's Shuttle Program Chief N. Wayne Hale Jr. said the foam had fallen after the time we are concerned about.	nasa's shuttle program chief n wayne hale jr said the foam had fallen after the time we are concerned about
train_1228	924	0	 Access to these services is often through a toll-free telephone number that can be called from most phones without charge.	access to these services is often through a toll-free telephone number that can be called from most phones without charge
train_1229	239	0	 As far as we know, there's only one planetary body that displays more dynamism than Titan, and its name is Earth, added Stofan.	as far as we know there is only one planetary body that displays more dynamism than titan and its name is earth added stofan
train_1230	1265	0	 In developed countries, you are seldom hear similar levels of complaints about water quality or bridges falling down.	in developed countries you seldom hear similar levels of complaints about water quality or bridges falling down
train_1231	1384	0	 The D-Day landings and the following battles had freed the north of France, but the south still wasn't free.	the d-day landings and the following battles had freed the north of france but the south still wasn't free
train_1232	18	1	 British newspaper The Guardian suggested Douche Bank controlled roughly a third of the 1,200 shell companies used to accomplish this.	british newspaper the guardian suggested deutsche bank controlled roughly a third of the 1200 shell companies used to accomplish this
train_1233	686	1	 Compared to most of the other royal tombs, however, the tomb of Tutankhamun is barely worth visiting, being much smaller and with limited decoration.	compared to most of the other royal tombs however the tomb of tutankhamun is barely worth visiting being much smaller and with limited decoration
train_1234	698	0	 Jerusalem has many historic, archaeological and cultural sites, along with vibrant and crowded shopping centers, cafes and restaurants.	jerusalem has many historic archeological and cultural sites along with vibrant and crowded shopping centers cafés and restaurants
train_1235	1500	1	 Biological clocks are self-sustaining oscillators which will continue a period of free-running cycling even in the absence of external cues.	biological clocks are self sustaining oscillators which will continue a period of free-running cycling even in the absence of external cues
train_1236	231	1	 The man allegedly drove a three-wheeled vehicle armed with explosives into a crowd.	the man allegedly drove a three-wheeled vehicle armed with explosives into a crowd
train_1237	142	1	 On Wednesday, the United States National Basketball Association suspended its professional basketball season due to concerns regarding COVID-19.	on wednesday the united states' national basketball association nba suspended its professional basketball season due to concerns regarding covid-19
train_1238	234	1	 Nadia, born on September 17, 2007 by cesarean section at the maternity clinic in Alaysk, Russia, weighed in at a massive 17 pounds, 1 ounce.	nadia born on september 17 2007 by cesarean section at a maternity clinic in aleisk russia weighed in at a massive 17 pounds 1 ounce
train_1239	712	1	 Seeing the sights and wildlife of the Galapagos is best done by boat, just as Charles Darwin did it in 1835.	seeing the sites and wildlife of the galapagos is best done by boat just as charles darwin did it in 1835
train_1240	1423	0	 This term derives from the ancient familiarity with bed bugs which are insects highly adapted to parasite humans.	this term derives from ancient familiarity with bed-bugs which are insects highly adapted to parasitize humans
train_1241	1131	1	 The earthquake struck Mariana at 7 19 a.m. local time 9 19 p.m. GMT Friday	the eathquake struck mariana at 07:19 a.m. local time 09:19 p.m. gmt friday
train_1242	82	0	 Hesperonychus elizabethi is a species of the family Dromaeosauridae and is a cousin of Velociraptor.	hesperonychus elizabethae is a species of the family dromaeosauridae and is a cousin of velociraptor 
train_1243	104	1	 The comments live on television were the first time that senior Iranian sources have admitted that the sanctions are having any effect.	the comments live on television were the first time that senior iranian sources have admitted that the sanctions are having any effect
train_1244	1022	1	 Chambers had sued God for widespread death, destruction, and terrorization of millions upon millions of the Earth's inhabitants.	chambers had sued god for widespread death destruction and terrorization of millions upon millions of the earth's inhabitants
train_1245	226	0	 Dark energy is a completely invisible force that is constantly acting upon the universe.	dark energy is a completely invisible force that is constantly acting upon the universe
train_1246	989	1	 In Rogaland and Agder, they are usually called haai, meaning a treeless moorland often covered in heather.	in rogaland and agder they are usually called hei meaning a treeless moorland often covered in heather
train_1247	750	1	 Getting into your own car and heading off on a long road trip has an intrinsic appeal in its simplicity.	getting into your own car and heading off on a long road trip has an intrinsic appeal in its simplicity
train_1248	208	1	 The search had been hampered by the same bad weather that had caused the aborted landing.	the search had been hampered by the same bad weather that had caused the aborted landing
train_1249	136	1	 Natural factors can intersect to produce ideal conditions, allowing this algae to increase in number dramatically.	natural factors can intersect to produce ideal conditions allowing this algae to increase in number dramatically
train_1250	168	1	 The attack put a huge strain on relations between India and Pakistan.	the attack put a huge strain on relations between india and pakistan
train_1251	128	1	 Many of their writers have gone on to wield great influence on Jon Stewart and Stephen Colbert's news parody shows.	many of their writers have gone on to wield great influence on jon stewart and stephen colbert's news parody shows
train_1252	1152	1	 During blizzards, enough snow to get you stuck in the fall and it can happen in very little time.	during blizzards enough snow to get you stuck can fall in very little time
train_1253	1010	0	 Bachmann, who won the Ames Straw Poll in August, decided to end her campaign.	bachmann who won the ames straw poll in august decided to end her campaign
train_1254	517	1	 Unlike other primates, hominids no longer use their hands in locomotion or bearing weight or swinging through trees.	unlike other primates hominids no longer use their hands in locomotion or bearing weight or swinging through the trees
train_1255	389	0	 There are many theories to how Sanskrit came into existence. One of them is about an Aryan migration from the West into India who brought their language with them.	there are many theories to how sanskrit came into existence one of them is about an aryan migration from the west into india who brought their language with them
train_1256	109	0	 The capsules will look much like a shooting star going across the sky.	the capsule will look much like a shooting star going across the sky
train_1257	234	1	 Nadia, born on September 17, 2007, by cesarean section at a maternity clinic in Elisk, Russia, weighed in at a massive 17 pounds 1 ounce.	nadia born on september 17 2007 by cesarean section at a maternity clinic in aleisk russia weighed in at a massive 17 pounds 1 ounce
train_1258	1070	1	 Therefore, reading this grammar primer would help you learn much about Persian grammar and understand phrases better.	therefore reading this grammar primer would help you learn much about persian grammar and understand phrases better
train_1259	1148	1	 Several people verified the discovery using different hardware and software by the beginning of February and it was announced on Tuesday.	several people verified the discovery using different hardware and software by the beginning of february and it was announced on tuesday
train_1260	346	0	 Luckily nothing happened to me but I saw a macabre scene as people tried to break windows in order to get out.	luckily nothing happened to me but i saw a macabre scene as people tried to break windows in order to get out
train_1261	751	1	 Unlike larger vehicles, you are probably already familiar with driving your car and know its limitations.	unlike larger vehicles you are probably already familiar with driving your car and know its limitations
train_1262	958	1	 If you want to fly around the world completely in the southern hemisphere, the choice of flights and destinations is limited due to the lack of transoceanic routes.	if you want to fly around the world completely in the southern hemisphere the choice of flights and destinations is limited due to the lack of transoceanic routes
train_1263	1183	0	 Virtually all computers in use today are based on the manipulation of information which is coded in the form of binary numbers.	virtually all computers in use today are based on the manipulation of information which is coded in the form of binary numbers
train_1264	321	1	 Since then, China's economic size has grown by 90 times.	since then china's economic size has grown by 90 times
train_1265	1192	1	 However, this does not come cheap. As rough rules of thumb, you can expect to pay up to 4 times the normal economy fare for business and 11 times for first class.	however this does not come cheap as rough rules of thumb you can expect to pay up to four times the normal economy fare for business and eleven times for first class
train_1266	651	0	 Your hotel or hosts, if staying in a guest house or private home, will likely have Wi-Fi or an internet connected PC, and all settlements have an internet cafe or some location with public Wi-Fi.	your hotel or hosts if staying in a guesthouse or private home will likely have wifi or an internet connected pc and all settlements have an internet cafe or some location with public wifi
train_1267	67	0	 After it became apparent that many families were seeking legal help to fight the evictions, a meeting was held on March 20th at the East Bay Community Law Center for the victims of the housing scam.	after it became apparent that many families were seeking legal help to fight the evictions a meeting was held on march 20 at the east bay community law center for the victims of the housing scam
train_1268	678	1	 Visa requirements and costs vary from nation to nation and are affected by the country you come from.	visa requirements and costs vary from nation to nation and are affected by the country you come from
train_1269	678	0	 These requirements and costs vary from nation to nation and are affected by the country you come from.	visa requirements and costs vary from nation to nation and are affected by the country you come from
train_1270	846	0	 However, nowadays there are established graffiti artists, graffiti events, and legal walls. Graffiti paintings in this context often resemble artworks rather than eligible tags.	however nowadays there are established graffiti artists graffiti events and legal walls graffiti paintings in this context often resemble artworks rather than illegible tags
train_1271	754	0	 Car camping is possible if you have a large minivan, SUV, sedan or station wagon with seats that lay down.	car camping is possible if you have a large minivan suv sedan or station wagon with seats that lay down
train_1272	244	1	 Thanks for those who supported a convict like me. Syruporn was quoted as saying at a press conference.	thanks for those who supported a convict like me siriporn was quoted as saying at a press conference
train_1273	1343	0	 Moreover, failure to do so has serious consequences, growth depression, malnutrition, and ultimately death.	moreover failure to do so has serious consequences growth depression malnutrition and ultimately death
train_1274	830	1	 An immigration checkpoint is usually the first stop when disembarking from a plane, a ship, or another vehicle.	an immigration checkpoint is usually the first stop when disembarking from a plane a ship or another vehicle
train_1275	1402	1	 Tournament top seed South Africa started on the right note when they had a comfortable 26-0 win against fifth seeded Zambia.	tournament top seeds south africa started on the right note when they had a comfortable 26 - 00 win against 5th seeded zambia
train_1276	121	0	 The ACMA also found that despite the video being streamed on the internet, Big Brother had not breached online content censorship laws as the media had not been stored on Big Brother's website.	the acma also found that despite the video being streamed on the internet big brother had not breached online content censorship laws as the media had not been stored on big brother's website
train_1277	261	0	 There were no heavy traffic delays reported on the Beltway, the city's alternate route.	there were no heavy traffic delays reported on the beltway the city's alternate route
train_1278	588	0	 greed and selfishness will always be with us and it is nature of cooperation that when the majority benefit there will always be more to gain in the short term by acting selfishly	greed and selfishness will always be with us and it is the nature of cooperation that when the majority benefit there will always be more to gain in the short term by acting selfishly
train_1279	282	1	 In Berlin, police estimated 6,500 protesters.	in berlin police estimated 6,500 protestors
train_1280	968	0	 They are listed on the UNESCO World Heritage List.	they are listed on the unesco world heritage list
train_1281	630	1	 Humans are by far the most talented species in reading the minds of others.	humans are by far the most talented species in reading the minds of others
train_1282	1471	1	 The 9th ward, which saw flooding as high as 20 feet during Hurricane Katrina, is currently in waist-high water as the nearby levee was overstopped.	the ninth ward which saw flooding as high as 20 feet during hurricane katrina is currently in waist-high water as the nearby levee was overtopped
train_1283	1122	0	 Workers must often get their superiors' approval for any decisions they make, and are expected to obey their superiors' instructions without question.	workers must often get their superiors' approval for any decisions they make and are expected to obey their superiors' instructions without question
train_1284	691	1	 The gloomy atmosphere of the temple and the view over the Tonle Sap Lake make the climb to the hill worthwhile.	the gloomy atmosphere of the temple and the view over the tonle sap lake make the climb to the hill worthwhile
train_1285	528	0	 In June 28, Marshal Italo Balbo, the Governor General of Libya and apparent heir to Mussolini, was killed by friendly fire while landing in Tobruk.	on june 28 marshal italo balbo the governor-general of libya and apparent heir to mussolini was killed by friendly fire while landing in tobruk
train_1286	880	0	 Many governments require visitors entering or residents leaving their countries to be vaccinated for a range of diseases.	many governments require visitors entering or residents leaving their countries to be vaccinated for a range of diseases
train_1287	54	1	 The hearing also marks the date for the suspect's right to a speedy trial.	the hearing also marks the date for the suspect's right to a speedy trial
train_1288	11	1	 Around 1129, the protest moved up Whitehall, past Trafalgar Square, along the Strand, passing by Aldwych, and up Kingsway toward Holborn, where the Conservative Party were holding their Spring Forum in the Grand Conant Room's hotel.	around 11:29 the protest moved up whitehall past trafalgar square along the strand passing by aldwych and up kingsway towards holborn where the conservative party were holding their spring forum in the grand connaught rooms hotel
train_1289	776	1	 Although in theory they can take place annually, so long as they are in different countries, in practice they are not.	although in theory they can take place annually so long as they are in different countries in practice they are not
train_1290	1	1	 On Monday, scientists from the Stanford University School of Medicine announced the invention of new diagnostic tools that can sort cells by type. A tiny printable chip that can be manufactured using standard ink chip printers for possible about one US cent each.	on monday scientists from the stanford university school of medicine announced the invention of a new diagnostic tool that can sort cells by type a tiny printable chip that can be manufactured using standard inkjet printers for possibly about one u.s. cent each
train_1291	362	1	 Photons are even smaller than the stuff that makes up atoms.	photons are even smaller than the stuff that makes up atoms
train_1292	1319	0	 The Siphonix is set as the backdrop and the narrator of a long story.	the sphinx is set as the backdrop and the narrator of a long story
train_1293	1186	1	 Persian has a relatively easy and most regular grammar.	persian has a relatively easy and mostly regular grammar
train_1294	1509	1	 Others are alleged to have been brought up by animals. Some are said to have lived in the wild or on their own.	others are alleged to have been brought up by animals some are said to have lived in the wild on their own
train_1295	604	1	 It has the same molecular structure whether it is a gas, liquid or solid.	it has the same molecular structure whether it is a gas liquid or solid
train_1296	1403	0	 They provide greater stability for the rider but can have safety concern due to the potential for a rider's feet to get stuck in them.	they provide greater stability for the rider but can have safety concerns due to the potential for a rider's feet to get stuck in them
train_1297	1117	1	 Try aiming somewhere where you are not caught again or depending on your skills and whether or not you have been noticed you might want to wait for rescue.	try aiming somewhere where you are not caught again or depending on your skills and on whether you have been noticed you might want to wait for rescue
train_1298	1248	1	 It also arguably makes reading easier, though writing is somewhat complicated by the need to find out whether a verb or adjective is used in a substantivized form.	it also arguably makes reading easier though writing is somewhat complicated by the need to find out whether a verb or adjective is used in a substantivized form
train_1299	700	1	 This letter must be legalized by the Ecuadorian Ministry of Foreign Affairs and comply with certain requirements.	this letter must be legalized by the ecuadorian ministry of foreign affairs and comply with certain requirements
train_1300	1111	0	 Adekoya has since been in Edinburgh Sheriff Court charged with murdering her son.	adekoya has since been in edinburgh sheriff court charged with murdering her son
train_1301	381	1	 Then, a few years later, in 1639, an English astronomer named Jeremiah Horrocks observed a transit of Venus.	then a few years later in 1639 an english astronomer named jeremiah horrocks observed a transit of venus
train_1302	950	1	 Basically, you'll be putting up notices offering your help, pacing the docks, approaching people cleaning their yachts, trying to make contact with sailors in the bar, etc.	basically you'll be putting up notices offering your help pacing the docks approaching people cleaning their yachts trying to make contact with sailors in the bar etc
train_1303	925	0	 Rules regarding regular photography also apply to video recording, possibly even more so.	rules regarding regular photography also apply to video recording possibly even more so
train_1304	1203	1	 Since the arrival of man to the Galapagos, many mammals have been introduced including goats, horses, cows, rats, cats, and dogs.	since the arrival of man to the galapagos many mammals have been introduced including goats horses cows rats cats and dogs
train_1305	1284	0	 It is not something to be ashamed of. It is no different from the personal fears and dislikes of other things that very many people have.	it is not something to be ashamed of it is no different from the personal fears and dislikes of other things that very many people have
train_1306	738	1	 The Park Service does not issue park permits more than one month in advance of anticipated arrival.	the park service minae does not issue park permits more than one month in advance of anticipated arrival
train_1307	1074	1	 Remains of sewage systems have been found in the houses of the Minoan cities of Crete and Santorini in Greece.	remains of sewage systems have been found in the houses of the minoan cities of crete and santorini in greece
train_1308	1052	0	 Other biorhythm-based options involve drinking lots of fluid, particularly water or tea, a known diuretic prior to sleep, forcing one to get up to urinate.	other biorhythm-based options involve drinking lots of fluid particularly water or tea a known diuretic prior to sleep forcing one to get up to urinate
train_1309	817	0	 The Global Running Tours, its successor, Go Running Tours networks dozens of site running providers on four continents.	the global running tours successor go running tours networks dozens of sightrunning providers on four continents
train_1310	1442	0	 Subcultures can be distinctive because of the age, ethnicity, class, location, and or gender of the members.	subcultures can be distinctive because of the age ethnicity class location and/or gender of the members
train_1311	595	1	 Animals are found all over the earth. They dig in the ground, swim in the oceans, and fly in the sky.	animals are found all over the earth they dig in the ground swim in the oceans and fly in the sky
train_1312	414	1	 We know many Greek politicians, scientists, and artists. Possibly the most known person of this culture is Homer, the legendary blind poet, who composed two masterpieces of Greek literature, the poems Iliad and Odyssey.	we know many greek politicians scientists and artists possibly the most known person of this culture is homer the legendary blind poet who composed two masterpieces of greek literature the poems iliad and odyssey
train_1313	83	0	 This fully feathered, warm-blooded bird of Prey was believed to have walked upright on two legs with claws like the Velociraptor.	this fully feathered warm blooded bird of prey was believed to have walked upright on two legs with claws like the velociraptor
train_1314	210	0	 An official with the gas company was reporting to the scene after a neighbor called about a gas leak.	an official with the gas company was reporting to the scene after a neighbor called about a gas leak
train_1315	1404	1	 Over 4 million people went to Rome to attend the funeral.	over four million people went to rome to attend the funeral
train_1316	501	1	 It was developed by John Smith in the 1970s to help inexperienced folders or those with limited motor skills.	it was developed by john smith in the 1970s to help inexperienced folders or those with limited motor skills
train_1317	668	1	 Many tickets sold online through auction websites such as eBay or Craigslist are partially used multi-day park hopper tickets.	many tickets sold online through auction websites such as ebay or craigslist are partially used multi-day park-hopper tickets
train_1318	997	0	 In all cases you must book by phone directly with the airline.	in all cases you must book by phone directly with the airline
train_1319	124	1	 The US says it has received information from an undeclosed source that specifically mentions the use of suicide bombers to will blow up prominent landmarks in Ethiopia and Kenya.	the u.s. says it has received information from an undisclosed source that specifically mentions the use of suicide bombers to will blow up prominent landmarks in ethiopia and kenya
train_1320	968	0	 They are listed on the UNESCO World Heritage List.	they are listed on the unesco world heritage list
train_1321	310	1	 At least 100 people had attended the party in order to celebrate the first anniversary of a couple whose wedding was held last year.	at least 100 people had attended the party in order to celebrate the first anniversary of a couple whose wedding was held last year
train_1322	180	0	 The report showed test scores had increased implausibly fast and alleged the school internally detected problems but didn't act on the findings.	the report showed test scores had increased implausibly fast and alleged the school internally detected problems but didn't act on the findings
train_1323	1446	0	 By 1739, the Polish defense was already broken and the only hope was to retreat and reorganize along the Romanian bridgehead.	by september 17 1939 the polish defense was already broken and the only hope was to retreat and reorganise along the romanian bridgehead
train_1324	313	0	 The 30-year-old husband, who was born in Buffalo, was one of the four killed in the shooting, but his wife was not hurt.	the 30-year-old husband who was born in buffalo was one of the four killed in the shooting but his wife was not hurt
train_1325	452	0	 Learn to create interactive media requires conventional and traditional skill as well as tool mastered in interactive classes, storyboarding, audio and video editing, storytelling etc.	learning to create interactive media requires conventional and traditional skills as well as tools mastered in interactive classes storyboarding audio and video editing story telling etc.
train_1326	763	1	 Couchsurfing was founded in January 2004 after computer programmer Casey Fenton found a cheap flight to Iceland but did not have a place to stay.	couchsurfing was founded in january 2004 after computer programmer casey fenton found a cheap flight to iceland but did not have a place to stay
train_1327	1272	0	 An example is visiting, photographing, photographing, and learning about orangutans in Borneo.	an example is visiting photographing and learning about organgatuangs in borneo
train_1328	1122	0	 Workers must often get their superior's approval for any decisions they make and are expected to obey their superior's instruction without question.	workers must often get their superiors' approval for any decisions they make and are expected to obey their superiors' instructions without question
train_1329	230	1	 This theory contradicts the claim that the Moon is completely devoid of geologic activity.	this theory contradicts the claim that the moon is completely devoid of geologic activity
train_1330	1189	1	 The main Amazon River is 6,387 kilometers, 3,980 miles. It collects water from thousands of smaller rivers.	the main amazon river is 6,387 km 3,980 miles. it collects water from thousands of smaller rivers
train_1331	1368	0	 If they sent things off by air freight, on some routes it may have taken days to get through unloading and customs.	if they sent things by air freight on some routes it may have taken days to get through unloading and customs
train_1332	1386	1	 Check that the bus you are thinking of taking goes into Hebron and not just to the nearby Jewish settlement of Kiryat Arba.	check that the bus you are thinking of taking goes into hebron and not just to the nearby jewish settlement of kiryat arba
train_1333	1275	0	 In contrast, animal foods not only are easily digestible, but they provide high quantity proteins that contain all the essential amino acids.	in contrast animal foods ants termites eggs not only are easily digestible but they provide high-quantity proteins that contain all the essential amino acids
train_1334	1353	1	 No extra transport is being put on and overground trains will not stop at Wembley and car parking and park and ride facilities are unavailable at the ground.	no extra transport is being put on and overground trains will not stop at wembley and car parking and park-and-ride facilities are unavailable at the ground
train_1335	192	0	 Fire Captain Scott Kuhn said it was a hot day in the Santa Clara with temperatures in the 90s.	fire captain scott kouns said it was a hot day in the santa clara with temperatures in the 90s
train_1336	99	0	 800 miles of the Trans-Alaska pipeline system were closed down following a spill of thousands of barrels of crude oil south of Fairbanks, Alaska.	800 miles of the trans-alaska pipeline system were closed down following a spill of thousands of barrels of crude oil south of fairbanks alaska
train_1337	504	0	 MySpace is the third most popular website used in the United States and has 54 million profiles currently.	myspace is the third most popular website used in the united states and has 54 million profiles currently
train_1338	1287	0	 There are also a few buses going north to Hebron, the traditional burial place of the biblical patriarchs Abraham, Isaac, Jacob, and their wives.	there are also a few buses going north to hebron the traditional burial place of the biblical patriarchs abraham isaac jacob and their wives
train_1339	1086	0	 14 schools in Hawaii located on or near the coastlines were closed all of Wednesday despite the warnings being lifted.	fourteen schools in hawaii located on or near coastlines were closed all of wednesday despite the warnings being lifted
train_1340	1346	1	 At Thursday's keynote presentation of the Tokyo Game Show, Nintendo president Satoru Iwata unveiled the controller design for the company's new Nintendo Revolution console.	at thursday's keynote presentation of the tokyo game show nintendo president satoru iwata unveiled the controller design for the company's new nintendo revolution console
train_1341	110	1	 Absal will be traveling at about 12.8 kilometers or 8 miles per second, fast enough to go from San Francisco to Los Angeles in one minute.	the capsule will be traveling at about 12.8 km or 8 miles per second fast enough to go from san francisco to los angeles in one minute
train_1342	1242	1	 Shooters in the supplementary pest control trial were to be closely supervised by rangers as the trial was monitored and its effectiveness evaluated.	shooters in the supplementary pest control trial were to be closely supervised by rangers as the trial was monitored and its effectiveness evaluated
train_1343	1350	1	 The definition has geographic variations where the age limit might be shorter in places such as North America than in Europe.	the definition has geographic variations where the age limit might be shorter in places such as north america than in europe
train_1344	1026	1	 The luminosity and rotation are used together to determine a star's Ross by number, which is related to plasma flow.	the luminosity and rotation are used together to determine a star's rossby number which is related to plasma flow
train_1345	450	0	 And then back to the north through the west once again crossing the Mara River after the rains in around April.	and then back to the north through the west once again crossing the mara river after the rains in around april
train_1346	692	0	 A visit to the site can be conveniently combined with a boat trip to the lake.	a visit to the site can be conveniently combined with a boat trip to the lake
train_1347	561	1	 To check the victim, you must first survey the scene to ensure your safety.	to check the victim you must first survey the scene to ensure your safety
train_1348	1295	1	 Research has found that females are two times more likely to have MS than males.	research has found that females are two times more likely to have ms then males
train_1349	1452	1	 One of the main Christian tenets is that wealth should be used to alleviate suffering and poverty and that the monetary funds of the church are there specifically for that reason.	one of the main christian tenets is that wealth should be used to alleviate suffering and poverty and that the monetary funds of the church are there specifically for that reason
train_1350	1334	1	 This can be easily done by using a relatively quiet alarm clock to bring you to consciousness without fully waking you.	this can be easily done by using a relatively quiet alarm clock to bring you to consciousness without fully waking you
train_1351	515	1	 The approach to obtaining information was different. No longer did pressure reside within individual recall, but the ability to recall text became more of a focus.	the approach to obtaining information was different no longer did pressure reside within individual recall but the ability to recall text became more of a focus
train_1352	42	1	 It is believed by some, including John Grant, that both the funding crunch and a shift in philosophy of educational television programming contributed to ending the series.	it is believed by some including john grant that both the funding crunch and a shift in the philosophy of educational television programming contributed to ending the series
train_1353	1032	0	 The road where the crash happened was temporarily closed while emergency service freed the driver from the red Audi TT.	the road where the crash happened was temporarily closed while emergency services freed the driver from the red audi tt
train_1354	1229	1	 His teammate Fernando Alonso was in the lead for most of the race but ended it right after his pit stop probably because they badly tucked front wheel.	his teammate fernando alonso was in the lead for most of the race but ended it right after his pit-stop probably because a badly tucked right front wheel
train_1355	669	0	 While this is a very common activity, it is prohibited by Disney. The tickets are non-transferrable.	while this is a very common activity it is prohibited by disney the tickets are non-transferable
train_1356	992	1	 At the edge of glaciers, huge blocks break loose, fall down, and perhaps jump or roll further from the edge.	at the edge of glaciers huge blocks break loose fall down and perhaps jump or roll farther from the edge
train_1357	724	1	 Based on Fray Bartolome de la Casas, Tratado de las Indias, between 1492 and 1498, the Spanish conquerors killed around 100,000 Tainos.	based on fray bartolomé de las casas tratado de las indias between 1492 and 1498 the spanish conquerors killed around 100,000 taínos
train_1358	575	0	 The colony begins a nomadic phase when available food has decreased. During this phase, the colony makes temporary nests that are changed every day.	the colony begins a nomadic phase when available food has decreased during this phase the colony makes temporary nests that are changed everyday
train_1359	913	1	 There is also no requirement that you obtain from a local number from the community in which you live. You can obtain a satellite internet connection in the wilds of Chicken, Alaska and select a number which claims you're in sunny Arizona.	there is also no requirement that you obtain a local number from the community in which you live you can obtain a satellite internet connection in the wilds of chicken alaska and select a number which claims you're in sunny arizona
train_1360	15	0	 After the match, King of Clay said, I am just excited about being back in the final rounds of the most important events. I am here to try to win this.	after the match king of clay said i am just excited about being back in the final rounds of the most important events i am here to try to win this
train_1361	1189	0	 The main Amazon River is 6,387 kilometers . It collects water from thousands of smaller rivers.	the main amazon river is 6,387 km 3,980 miles. it collects water from thousands of smaller rivers
train_1362	1505	0	 Searches at security checkpoints have also become far more intrusive in the post-September 11, 2001 era.	searches at security checkpoints have also become far more intrusive in the post-september 11 2001 era
train_1363	1231	0	 The strain of bird flu lethal to humans, H5N1, has been confirmed to have infected a dead wild duck found on Monday in marshland near Lyon in the east of France.	the strain of bird flu lethal to humans h5n1 has been confirmed to have infected a dead wild duck found on monday in marshland near lyon in the east of france
train_1364	493	0	 The civilization flourished in the basins of the Indus River, wherefore it derives its name.	the civilisation flourished in the basins of the indus river wherefore it derives its name
train_1365	1457	1	 The games kicked off at 10 a.m. with great weather and apart from mid-morning drizzle, which quickly cleared up, it was a perfect day for Sevens rugby.	the games kicked off at 10:00am with great weather and apart from mid morning drizzle which quickly cleared up it was a perfect day for 7's rugby
train_1366	1111	0	 Adequia has since been in Edenburg Sheriff Court charged with murdering her son.	adekoya has since been in edinburgh sheriff court charged with murdering her son
train_1367	1394	0	 If visiting a formally arranged garden, collecting specimens is also going to get you ejected without discussion.	if visiting a formally arranged garden collecting specimens is also going to get you ejected without discussion
train_1368	886	1	 There is a surcharge for having more than two passengers, so this option might be more expensive than necessary.	there is a surcharge for having more than 2 passengers so this option might be more expensive than necessary
train_1369	1395	1	 Your local telephone service provider should be able to give more information about connecting to this service.	your local telephone service provider should be able to give more information about connecting to this service
train_1370	1509	0	 Others are alleged to have been brought up by animals. Some are said to have lived in the wild on their own.	others are alleged to have been brought up by animals some are said to have lived in the wild on their own
train_1371	300	0	 The failure of the second sentence, which proposes to ban same-sex civil unions, could possibly open the door for civil unions in the future.	the failure of the second sentence which proposes to ban same-sex civil unions could possibly open the door for civil unions in the future
train_1372	744	1	 The Cook Islands do not have any cities, but are composed of 15 different islands. The main ones are Rarotonga and Aitutaki.	the cook islands do not have any cities but are composed of 15 different islands the main ones are rarotonga and aitutaki
train_1373	360	1	 Scientists call this process stimulated emission of radiation because the atoms are stimulated by the bright light causing the emission of a photon of light and light is a type of radiation.	scientists call this process stimulated emission of radiation because the atoms are stimulated by the bright light causing the emission of a photon of light and light is a type of radiation
train_1374	569	1	 The different constructions have different capabilities, are sensitive to different wavelengths, and have differing degrees of acuity. Also, they require different processing to make sense of the input and different numbers to work optimally.	the different constructions have different capabilities are sensitive to different wave-lengths and have differing degrees of acuity also they require different processing to make sense of the input and different numbers to work optimally
train_1375	344	0	 Last week, Naked News announced that it would dramatically increase its international language mandate to news reporting with three new broadcasts.	last week naked news announced that it would dramatically increase its international language mandate to news reporting with three new broadcasts
train_1376	1300	1	 Why would an organization want to go through the time-consuming process of establishing a learning organization? One goal for putting organizational learning concepts into practice is innovation.	why would an organization want to go through the time consuming process of establishing a learning organization one goal for putting organizational learning concepts into practice is innovation
train_1377	134	1	 The sign was not physically damaged. The modification was done using black tarpaulins decorated with signs of peace and heart to alter the O to read lowercase e.	the sign was not physically damaged the modification was done using black tarpaulins decorated with signs of peace and heart to alter the o to read lowercase e
train_1378	962	1	 In 1994, the ethnically Armenian Nagorno-Karabakh region of Azerbaijan waged war against the Azeris.	in 1994 the ethnically armenian nagorno-karabakh region of azerbaijan waged war against the azeris
train_1379	1460	0	 In an interview he said that the new variant was very highly troubling and alarming because of the very high fatality rate.	in an interview he said the new variant was very highly troubling and alarming because of the very high fatality rate
train_1380	856	1	 Every train has both MetroPlus and MetroCoaches. The MetroPlus coaches are always on the end of the train nearest Cape Town.	every train has both metroplus and metro coaches the metroplus coaches are always on the end of the train nearest cape town
train_1381	1170	0	 We perceive the foster care system to be a safety zone for these children.	we perceive the foster care system to be a safety zone for these children
train_1382	961	1	 This flight is not the only option if you want to skip the South Pacific and the west coast of South America. See below.	this flight is not the only option if you want to skip the south pacific and the west coast of south america. see below
train_1383	849	1	 Most boomerangs available in Australia are in fact non-returning. It is best for beginners to not try throwing in windy.	most boomerangs available in australia are in fact non-returning it is best for beginners to not try throwing in windy
train_1384	58	0	 According to ANSA, police were concerned by a couple of top-level heads they feared might spark a full-blown war of succession.	according to ansa police were concerned by a couple of top-level hits they feared might spark a full-blown war of succession
train_1385	914	1	 Often you have to buy a global number separately that allows PSTN phones to call you. Where the number is from makes a difference for the people calling you.	often you have to buy a global number separately that allows pstn phones to call you where the number is from makes a difference for people calling you
train_1386	935	1	 Check with the institution as well as the immigration department for the country you wish to study in for detailed requirements.	check with the institution as well as the immigration department for the country you wish to study in for detailed requirements
train_1387	554	1	 Middle distance running is a relatively inexpensive sport. However, there are many misconceptions regarding the few pieces of equipment required to participate.	middle distance running is a relatively inexpensive sport however there are many misconceptions regarding the few pieces of equipment required to participate
train_1388	1378	1	 Neurobiological data provide physical evidence for a theoretical approach to the investigation of cognition. Therefore, it narrows the research area and makes it much more exact.	neurobiological data provide physical evidence for a theoretical approach to the investigation of cognition therefore it narrows the research area and makes it much more exact
train_1389	351	0	 This, however, is a very hard problem to solve and will take many years before we see useful fusion reactors built.	this however is a very hard problem to solve and will take many years before we see useful fusion reactors built
train_1390	1360	0	 It is nearly impossible to exchange Faklands currency outside of the highlands. So exchange money prior to leaving the highlands.	it is nearly impossible to exchange falklands currency outside of the islands so exchange money prior to leaving the islands
train_1391	881	0	 These requirements may often depend on what countries a traveler has visited or intends to visit.	these requirements may often depend on what countries a traveller has visited or intends to visit
train_1392	385	0	 After initial military setbacks, Ætherred was able to agree to terms with Olaf who returned to Norway to try to gain his kingdom with mixed success.	after initial military setbacks ethelred was able to agree to terms with olaf who returned to norway to try to gain his kingdom with mixed success
train_1393	176	1	 She gained critical acclaim during her time in Atlanta and was recognized for innovative urban education.	she gained critical acclaim during her time in atlanta and was recognized for innovative urban education
train_1394	632	0	 Among these abilities, understanding the intentions of others is crucial. It allows us to resolve possible ambiguity of physical actions.	among these abilities understanding the intention of others is crucial it allows us to resolve possible ambiguities of physical actions
train_1395	909	0	 The media companies routinely lie about the purpose of this, claiming that it is to prevent piracy.	the media companies routinely lie about the purpose of this claiming that it is to prevent piracy
train_1396	1257	1	 In one year's time, an infected person may infect 10 to 15 close contacts.	in one year's time an infected person may infect 10 to 15 close contacts
train_1397	287	1	 Animal Liberation and the Royal Society for the Prevention of Cruelty to Animals, RSPCA, are again calling for the mandatory installation of CCTV cameras in all Australian abattoirs.	animal liberation and the royal society for the prevention of cruelty to animals rspca are again calling for the mandatory installation of cctv cameras in all australian abattoirs
train_1398	1308	1	 German pastries are quite good and in Bavaria are quite rich and varied, similar to those of their southern neighbor, Austria.	german pastries are quite good and in bavaria are quite rich and varied similar to those of their southern neighbor austria
train_1399	60	0	 These bosses had been reigned in by Provenzano when he put an end to the RENA-driven war against the state that claimed the lives of Mafia crusaders Giovanni Falcone and Paolo Borsellino in 1992.	these bosses had been reined in by provenzano when he put an end to the riina-driven war against the state that claimed the lives of mafia crusaders giovanni falcone and paolo borsellino in 1992
train_1400	472	1	 The concept was that all European nations had to seek to prevent one nation from becoming powerful, and thus national governments often changed their alliances in order to maintain the balance.	the concept was that all european nations had to seek to prevent one nation from becoming powerful and thus national governments often changed their alliances in order to maintain the balance
train_1401	700	0	 This letter must be legalized by the Ecuadorian Ministry of Foreign Affairs and comply with certain requirements.	this letter must be legalized by the ecuadorian ministry of foreign affairs and comply with certain requirements
train_1402	710	1	 That said, expect to be out of breath and take care in steeper portions, especially when wet, as it can become dangerous quickly.	that said expect to be out of breath and take care in the steeper portions especially when wet as it can become dangerous quickly
train_1403	463	1	 This is made to ensure that the image covers the whole screen. That is called overscan.	this is made to ensure that the image covers the whole screen that is called overscan
train_1404	1059	0	 The willingness of governments to issue passports with gender not stated, X, or documents updated to match the desired name and gender, varies.	the willingness of governments to issue passports with gender not stated x or documents updated to match a desired name and gender varies
train_1405	622	0	 While assessing the success and becoming aware of failures, individuals and the whole of the participating persons discover more deeply the values, mission, and driving forces of the organization.	while assessing the successes and becoming aware of failures individuals and the whole of the participating persons discover more deeply the values mission and driving forces of the organization
train_1406	974	1	 In many parts of the world, waving is a friendly gesture indicating hello.	in many parts of the world waving is a friendly gesture indicating hello
train_1407	231	0	 The man allegedly drove a three wheeled vehicles armed with explosives into a crowd.	the man allegedly drove a three-wheeled vehicle armed with explosives into a crowd
train_1408	1435	0	 Most insects have the advantage of being able to fold their wings back along the body.	most insects have the advantage of being able to fold their wings back along the body
train_1409	1340	0	 It was at this time that the transfer of the title of fashion capital from Constantinople to Paris was made.	it was at this time that the transfer of the title of fashion capital from constantinople to paris was made
train_1410	1170	0	 We perceive the foster care system to be a safety zone for these children.	we perceive the foster care system to be a safety zone for these children
train_1411	1123	0	 The Sundarbans covers an area of 3850 km2 of which about one third is covered in water, marsh areas.	the sundarbans cover an area of 3,850 km² of which about one-third is covered in water/marsh areas
train_1412	1038	1	 Stirrups are supports for the rider's feet that hang down on either side of the saddle.	stirrups are supports for the rider's feet that hang down on either side of the saddle
train_1413	368	0	 Blood goes away from the heart and tubes called arteries and comes back to the heart and tubes called veins. The smallest tubes are called capillaries.	blood goes away from the heart in tubes called arteries and comes back to the heart in tubes called veins the smallest tubes are called capillaries
train_1414	70	1	 The band canceled the show at Maui's War Memorial Stadium, which was set to be attended by 9,000 people and apologized to fans.	the band canceled the show at maui's war memorial stadium which was set to be attended by 9,000 people and apologized to fans
train_1415	1017	1	 The Rock Band was due to tour the United States and Canada until September 16th.	the rock band was due to tour the united states and canada until september 16
train_1416	1475	0	 The mountains of the peninsula have merged into the plateau, then reemerged to form the 360-kilometer chain of the Ellsworth Mountains bisected by the Minnesota Glacier.	the mountains of the peninsula here merge into the plateau then re-emerge to form the 360 km chain of the ellsworth mountains bisected by the minnesota glacier
train_1417	135	1	 Red tide is caused by a higher than normal concentration of Carinia brevis, a naturally occurring single-celled marine organism.	red tide is caused by a higher than normal concentration of karenia brevis a naturally-occurring single-celled marine organism
train_1418	857	0	 Carrying for others, never let your bags out of your sight, especially when you are crossing international borders.	carrying for others never let your bags out of your sight especially when you are crossing international borders
train_1419	564	1	 The study found that depression, fear, and catastrophizing mediated the relationship between pain and disability in lower back pain sufferers.	the study found that depression fear and catastrophising mediated the relationship between pain and disability in lower back pain sufferers
train_1420	96	0	 An inquiry was established to investigate.	an inquiry was established to investigate
train_1421	1414	0	 When completely brought up by non-human animals, the feral child exhibits behaviors within physical limits almost entirely like those of the particular care animal, such as its fear or indifference to humans.	when completely brought up by non-human animals the feral child exhibits behaviors within physical limits almost entirely like those of the particular care-animal such as its fear of or indifference to humans
train_1422	912	1	 Because calls are routed over the internet, you do not need to use a phone company located where you live or where you travel.	because calls are routed over the internet you do not need to use a phone company located where you live or where you travel
train_1423	339	1	 While on his warm-up lap, Lenz fell off his bike and was then struck by fellow racer Xavier Zayet.	while on his warm-up lap lenz fell off his bike and was then struck by fellow racer xavier zayat
train_1424	931	0	 While you may not need a visa for short visits to certain countries as a tourist or for business, going there as an international student generally requires a longer stay than going there just as a casual tourist.	while you may not need a visa for short visits to certain countries as a tourist or for business going there as an international student generally requires a longer stay than going there just as a casual tourist
train_1425	115	1	 It is the biggest acquisition in eBay's history.	it is the biggest acquisition in ebay's history
train_1426	681	1	 The town lies immediately next to the falls and they are the major attraction. But this popular tourist destination offers both adventure seekers and sightseers plenty of opportunities for a longer stay.	the town lies immediately next to the falls and they are the major attraction but this popular tourist destination offers both adventure seekers and sightseers plenty of opportunities for a longer stay
train_1427	1420	1	 In late 2017, Siminov appeared on shopping television channel QVC.	in late 2017 siminoff appeared on shopping television channel qvc
train_1428	519	1	 The human hand is shorter than the foot with straighter phalanges.	the human hand is shorter than the foot with straighter phalanges
train_1429	246	1	 I am happy that there are people willing to support me.	i am happy that there are people willing to support me
train_1430	843	0	 For one thing, northern New Mexico has significant problems with drunk driving, and the concentration of intoxicated drivers is high, close to small town bars.	for one thing northern new mexico has significant problems with drunk driving and the concentration of intoxicated drivers is high close to small-town bars
train_1431	166	1	 The Mumbai attackers arrived via boat on November 26, 2008, bringing with them grenades, automotive weapons and hit multiple targets including the crowded Chhatrapati Shivaji Terminus railway station and the famous Taj Mahal Hotel.	the mumbai attackers arrived via boat on novemeber 26 2008 bringing with them grenades automatic weapons and hit multiple targets including the crowded chhatrapati shivaji terminus railway station and the famous taj mahal hotel
train_1432	1304	1	 For over a thousand years, the Christian religion had bound the European states together, despite differences in language and customs. I	for over a thousand years the christian religion had bound european states together despite differences in language and customs i
train_1433	896	1	 At a minimum you need footwear with suitable soles. Summer shoes are usually very slippery on ice and snow. Even some winter boots are deficient.	at a minimum you need footwear with suitable soles summer shoes are usually very slippery on ice and snow even some winter boots are deficient
train_1434	503	1	 For instance, children who identify with a racial minority that is stereotyped as not doing well in school tend to not do well in school once they learn about the stereotype associated with their race.	for instance children who identify with a racial minority that is stereotyped as not doing well in school tend to not do well in school once they learn about the stereotype associated with their race
train_1435	1018	1	 Travel agents usually offer packages that include breakfast, transportation arrangements to and from the airport, or even combined flight and hotel packages.	travel agents usually offer packages that include breakfast transportation arrangements to/from the airport or even combined flight and hotel packages
train_1436	322	0	 For the first time last year, China exported more cars than Germany and surpasses the United States as the biggest market for this industry.	for the first time last year china exported more cars than germany and surpassed the united states as the biggest market for this industry
train_1437	1341	1	 They often have more autonomy than conventional team members as their teams may meet according to varying time zones, which may not be understood by their local management.	they often have more autonomy than conventional team members as their teams may meet according to varying time zones which may not be understood by their local management
train_1438	603	0	 Water is another example. The compound water is made up of two hydrogen atoms and one oxygen atom.	water is another example the compound water is made up of two hydrogen atoms and one oxygen atom
train_1439	805	1	 Eyeglasses can be cheaper in a foreign country, especially in low-income countries where labor costs are also lower.	eyeglasses can be cheaper in a foreign country especially in low-income countries where labour costs are lower
train_1440	1321	1	 APA was founded in the 1850s and has been the official capital of Samoa since 1959.	apia was founded in the 1850s and has been the official capital of samoa since 1959
train_1441	821	1	 This is something you always need to keep in mind to avoid disappointment or perhaps even distaste over local ways to do things.	this is something you always need to keep in mind to avoid disappointment or perhaps even distaste over local ways to do things
train_1442	169	1	 Accompanied by those officials, he assured Texas citizens that steps were being taken to protect the public's safety.	accompanied by those officials he assured texas citizens that steps were being taken to protect the public's safety
train_1443	364	0	 The light bulb then needs replacing. It is necessary to be careful in replacing the light bulb.	the light bulb then needs replacing it is necessary to be careful in replacing the light bulb
train_1444	703	1	 Your passport must be valid for at least six months beyond your travel dates. A round onward trip ticket is needed to prove the length of your stay.	your passport must be valid for at least 6 months beyond your travel dates. a round/onward trip ticket is needed to prove the length of your stay
train_1445	850	1	 A hangy meal is cooked in a hot pit in the ground.	a hangi meal is cooked in a hot pit in the ground
train_1446	1146	1	 However, the driver sustained serious injuries to the head.	however the driver sustained serious injuries to the head
train_1447	617	0	 There was also another tribe on the Chatham Islands. These were Maori who migrated away from New Zealand.	there was also another tribe on the chatham islands these were maori who migrated away from new zealand
train_1448	1128	1	 Authorities speculate that this indicates that containers holding uranium fuel at the site may have ruptured and are leaking.	authorities speculate that this indicates that containers holding uranium fuel at the site may have ruptured and are leaking
train_1449	562	0	 You need to notice the victim's position as you approach him or her and any automatic red flags.	you need to notice the victim's position as you approach him or her and any automatic red flags
train_1450	787	0	 The world has over 5,000 different languages including more than 20 with 50 million or more speakers.	the world has over 5,000 different languages including more than twenty with 50 million or more speakers
train_1451	869	1	 Especially in your initial days, consider splurging on Western style and quality hotels, food, and services to help acclimatize.	especially in your initial days consider splurging on western-style and quality hotels food and services to help acclimatize
train_1452	269	1	 This is the first time a conviction has been gained using the legislation enacted in 2003 to curb bulk email aka spam from unsolicited distribution into users' mailboxes.	this is the first time a conviction has been gained using the legislation enacted in 2003 to curb bulk e-mail aka spam from unsolicited distribution into users mailboxes
train_1453	13	0	 He recently lost against Rionic in the Brisbane Open.	he recently lost against raonic in the brisbane open
train_1454	1325	0	 We call this process speciation, which just means the formation of new species. Speciation is an unavoidable consequence and a very important part of evolution.	we call this process speciation which just means the formation of new species speciation is an unavoidable consequence and a very important part of evolution
train_1455	356	1	 Because the bottom of the blade is slightly curved, as the blade tilts to one side or the other, the edge which is in contact with the ice also curves.	because the bottom of the blade is slightly curved as the blade tilts to one side or the other the edge which is in contact with the ice also curves
train_1456	222	1	 The trial took place at Birmingham Crown Court and concluded on August 3rd.	the trial took place at birmingham crown court and concluded on august 3
train_1457	927	0	 If using a drone, check well in advance as to what you are allowed to film and what permits or additional licensing are required.	if using a drone check well in advance as to what you are allowed to film and what permits or additional licensing are required
train_1458	52	0	 In April this year, a temporary restraining order was issued by Judge Glynn against the facility to enforce the release of those held more than 24 hours after their intake who did not receive a hearing by a court commissioner.	in april this year a temporary restaining order was issued by judge glynn against the facility to enforce the release of those held more than 24 hours after their intake who did not receive a hearing by a court commissioner
train_1459	1439	1	 Box jellyfish occur near beaches and near river estuaries from October to April north of 1770. They can occasionally be found outside these times.	box jellyfish occur near beaches and near river estuaries from october to april north of 1770 they can occasionally be found outside these times
train_1460	1234	0	 Liggins followed his father's footsteps and entered a career in medicine.	liggins followed in his father's footsteps and entered a career in medicine
train_1461	698	1	 Jerusalem has many historic, archaeological and cultural sites, along with vibrant and crowded shopping centers, cafes and restaurants.	jerusalem has many historic archeological and cultural sites along with vibrant and crowded shopping centers cafés and restaurants
train_1462	1135	0	 The first public reading of the documents was by John Nixon in the year of Independence Hall on July 8.	the first public reading of the document was by john nixon in the yard of independence hall on july 8
train_1463	125	1	 Long before The Daily Show and The Colbert Report, Heck and Johnson envisioned a publication that would parody the news and news reporting when they were students at UW in 1988.	long before the daily show and the colbert report heck and johnson envisioned a publication that would parody the news-and news reporting-when they were students at uw in 1988
train_1464	887	1	 Antarctica is the coldest place on earth and surrounds the South Pole.	antarctica is the coldest place on earth and surrounds the south pole
train_1465	1263	1	 City-states are the precursors of nations. A civilizational culture implies the passing on of knowledge across several generations, a lingering cultural footprint, and fair dissemination.	city-states are the precursors of nations a civilizational culture implies the passing on of knowledge across several generations a lingering cultural footprint and fair dissemination
train_1466	941	1	 The easiest way to get started in the business of travel writing is to hone your skills on an established travel blog website.	the easiest way to get started in the business of travel writing is to hone your skills on an established travel blog website
train_1467	235	0	 We were all simply in shock, the mother stated.	we were all simply in shock the mother stated
train_1468	692	1	 A visit to the site can conveniently combine with a boat trip to the lake.	a visit to the site can be conveniently combined with a boat trip to the lake
train_1469	1320	0	 South Shetlands Islands, discovered in 1819, are claimed by several nations and have the most bases, with 16 active in 2020.	south shetland islands discovered in 1819 are claimed by several nations and have the most bases with sixteen active in 2020
train_1470	1380	0	 Sometimes special pyramid-shaped towers called ziggurats were built to be a part of the temples.	sometimes special pyramid shaped towers called ziggurats were built to be a part of the temples
train_1471	1424	1	 Check the label for specific first aid instructions for that specific poison.	check the label for specific first aid instructions for that specific poison
train_1472	4	0	 The pilot was identified as Squadron Leader Dilokrit Patavi.	the pilot was identified as squadron leader dilokrit pattavee
train_1473	730	1	 Bowen Island is a popular day trip or weekend excursion offering kayaking, hiking, shops, restaurants and more.	bowen island is a popular day trip or weekend excursion offering kayaking hiking shops restaurants and more
train_1474	1072	0	 They also define routes for popular hiking and cycling trails.	they also define routes for popular hiking and cycling trails
train_1475	42	1	 It is believed by some, including John Grant, that both the funding crunch and a shift in the philosophy of educational television programming contributed to ending the series.	it is believed by some including john grant that both the funding crunch and a shift in the philosophy of educational television programming contributed to ending the series
train_1476	773	1	 A world's fair, commonly called World Exposition or simply Expo, is a large international festival of arts and sciences.	a world's fair commonly called world exposition or simply expo is large international festival of arts and sciences
train_1477	419	0	 Estimates range from 340 million to 500 million speakers and as many as 800 million people can understand the language.	estimates range from 340 million to 500 million speakers and as many as 800 million people can understand the language
train_1478	634	1	 He would need to be judged differently if he had lost his car keys and it was his own car that he was trying to break into.	he would need to be judged differently if he had lost his car keys and it was his own car that he was trying to break into
train_1479	9	0	 Just after 11 o'clock, protesters blocked traffic on the northbound carriage in Whitehall.	just after 11:00 protesters blocked traffic on the northbound carriage in whitehall
train_1480	1109	0	 the high middle ages were preceded by the early middle ages and followed by the late middle ages which by convention ends around fifteen hundred	the high middle ages were preceded by the early middle ages and followed by the late middle ages which by convention ends around 1500
train_1481	717	1	 Before the Spanish arrived in the 16th century, northern Chile was under Inca rule by the indigenous Iroquitanians, Mapuche, inhabited central and southern Chile.	before the spanish arrived in the 16th century northern chile was under inca rule while the indigenous araucanians mapuche inhabited central and southern chile
train_1482	116	1	 The company hopes to diversify its profit sources and gain popularity in areas where Skype holds a strong position, such as China, Eastern Europe, and Brazil.	the company hopes to diversify its profit sources and gain popularity in areas where skype holds a strong position such as china eastern europe and brazil
train_1483	872	1	 Fill your home with a rich coffee in the morning and some relaxing chamomile tea at night.	fill your home with a rich coffee in the morning and some relaxing chamomile tea at night
train_1484	360	0	 Scientists call this process stimulated emission of radiation because the atoms are stimulated by the bright light causing the emissions of a photon of light and light is a type of radiation.	scientists call this process stimulated emission of radiation because the atoms are stimulated by the bright light causing the emission of a photon of light and light is a type of radiation
train_1485	1049	0	 The French Revolution also inspired many other repressed working class people of other countries to begin their own revolutions.	the french revolution also inspired many other repressed working class people of other country's to began their own revolutions
train_1486	922	1	 Every corner store is filled with a confusing array of prepaid phone cards that can be used from pay phones or ordinary telephones.	every corner store is filled with a confusing array of pre-paid phone cards that can be used from pay phones or ordinary telephones
train_1487	1079	1	 This theory says that most dark matter around a galaxy is located around a galaxy in a kind of halo and is made of lots of small particles.	this theory says that most dark matter around a galaxy is located around a galaxy in a kind of halo and is made of lots of small particles
train_1488	1117	1	 Try aiming somewhere where you are not caught again or depending on your skills and on whether you have been noticed you might want to wait for rescue.	try aiming somewhere where you are not caught again or depending on your skills and on whether you have been noticed you might want to wait for rescue
train_1489	715	0	 Be sure the agent through whom you book is a calipers specialist with a good knowledge of a wide variety of shapes.	be sure the agent through whom you book is a galapagos specialist with a good knowledge of a wide variety of ships
train_1490	1371	1	 A moderate earthquake shook western Montana at 10.08 p.m. on Monday.	a moderate earthquake shook western montana at 10:08 p.m. on monday
train_1491	325	1	 The storm, located approximately 3,000 miles from Miami, Florida, has maximum sustained winds of 40 mph and 64 kmph.	the storm located approximately 3,000 miles from miami florida has maximum sustained winds of 40 mph 64 kph
train_1492	297	1	 A 100-meter ship was en route to pick up its usual fertilizer cargo and initially officials feared the vessel could spill a load.	the 100-metre ship was en route to pick up its usual fertiliser cargo and initially officials feared the vessel could spill a load
train_1493	1012	0	 Infrared images show that the temperature variations from night and day show that they are likely caves.	infrared images show that the temperature variations from night and day show that they are likely caves
train_1494	632	1	 Among these abilities, understanding the intention of others is crucial. It allows us to resolve possible ambiguities of physical actions.	among these abilities understanding the intention of others is crucial it allows us to resolve possible ambiguities of physical actions
train_1495	89	1	 Authorities said little officially beyond confirming today's arrest.	authorities said little officially beyond confirming today's arrest
train_1496	1276	0	 A doctor who worked at Children's Hospital of Pittsburgh, Pennsylvania, will be charged with aggravated murder after her mother was found dead in the trunk of her car Wednesday, authorities in Ohio say.	a doctor who worked at children's hospital of pittsburgh pennsylvania will be charged with aggravated murder after her mother was found dead in the trunk of her car wednesday authorities in ohio say
train_1497	817	1	 The Global Running Tour's successor, Go Running Tours, networks dozens of site running providers on four continents.	the global running tours successor go running tours networks dozens of sightrunning providers on four continents
train_1498	1390	1	 Final results from Namibian presidential and parliamentary elections have indicated that the incumbent president, Hifi Kepunye Pohamba, has been re-elected by a large margin.	final results from namibian presidential and parliamentary elections have indicated that the incumbent president hifikepunye pohamba has been reelected by a large margin
train_1499	188	1	 At 1.15 a.m. Saturday, according to witnesses, the bus was going through a green light when the car made a turn in front of it.	at 1:15 a.m. saturday according to witnesses the bus was going through a green light when the car made a turn in front of it
train_1500	439	1	 In 1951, a fire caused for only some of the relics in Drakul Zong to remain, such as the image of Zyberg, Ngo-Wing, Nungail.	in 1951 a fire caused for only some of the relics of the drukgyal dzong to remain such as the image of zhabdrung ngawang namgyal
train_1501	31	1	 The jail became notorious after prisoner abuse was discovered there after US forces took over.	the jail became notorious after prisoner abuse was discovered there after us forces took over
train_1502	431	1	 Turkey's area makes it the world's 37th largest country and is about the size of metropolitan France and the UK combined.	turkey's area makes it the world's 37th-largest country and is about the size of metropolitan france and the united kingdom combined
train_1503	579	1	 Cells are so basic and critical to the study of life. In fact, they are often referred to as the building blocks of life.	cells are so basic and critical to the study of life in fact that they are often referred to as the building blocks of life
train_1504	336	0	 Turkish diva Sezen Aksu performed with the Italian tenor Alessandro Saffina and Greek singer Harris Alexiou.	turkish diva sezen aksu performed with the italian tenor alessandro safina and greek singer haris alexiou
train_1505	365	1	 First, the switch for the light fixtures need to be turned off or the cable disconnected.	first the switch for the light fixture needs to be turned off or the cable disconnected
train_1506	429	1	 The territory of Turkey is more than 1600 km long and 800 km wide with a roughly rectangular shape.	the territory of turkey is more than 1,600 kilometres 1,000 mi long and 800 km 500 mi wide with a roughly rectangular shape
train_1507	446	1	 An important industry for the Venezuelans is oil, where the country is a net exporter, even though only 1% work in the oil industry.	an important industry for venezuelans is oil where the country is a net exporter even though only one percent work in the oil industry
train_1508	395	1	 But the Royal Navy was still much stronger than the German Navy, Kriegsmarine, and could have destroyed any invasion fleet sent across the English Channel.	but the royal navy was still much stronger than the german navy  kriegsmarine” and could have destroyed any invasion fleet sent across the english channel
train_1509	924	0	 Access to these services is often through a toll-free telephone number that can be called for most phones without charge.	access to these services is often through a toll-free telephone number that can be called from most phones without charge
train_1510	142	1	 On Wednesday, the United States National Basketball Association suspended its professional basketball season due to concerns regarding COVID-19.	on wednesday the united states' national basketball association nba suspended its professional basketball season due to concerns regarding covid-19
train_1511	1019	1	 Under them are more medium-sized cats that eat medium-sized prey ranging from rabbits to antelopes and deer.	under them are more medium sized cats that eat medium sized prey ranging from rabbits to antelopes and deer
train_1512	170	1	 Perry specifically said, there are few places in the world better equipped to meet the challenge that is posed in this case.	perry specifically said there are few places in the world better equipped to meet the challenge that is posed in this case
train_1513	961	0	 This flight is not the only option we want to skip the South Pacific and the West Coast of South America. See below.	this flight is not the only option if you want to skip the south pacific and the west coast of south america. see below
train_1514	1041	0	 Like some other experts, he is skeptical about whether diabetes can be cured, noting that these findings have no relevance to people who already have type 1 diabetes.	like some other experts he is skeptical about whether diabetes can be cured noting that these findings have no relevance to people who already have type 1 diabetes
train_1515	783	0	 Wildlife photography is often taken for granted, but like photography in general, a picture is worth a thousand words.	wildlife photography is often taken for granted but like photography in general a picture is worth a thousand words
train_1516	1048	1	 He trained as an obstetrician and began to work at the Auckland's National Women's Hospital in 1959.	he trained as an obstetrician and began to work at the auckland's national women's hospital in 1959
train_1517	1318	1	 Prime Minister Stephen Harper has agreed to send the government's Clean Air Act to an all-party committee for review before its second reading after Tuesday's 25-minute meeting with NDP leader Jack Layton at the PMO.	prime minister stephen harper has agreed to send the government's clean air act' to an all-party committee for review before its second reading after tuesday's 25 minute meeting with ndp leader jack layton at the pmo
train_1518	537	1	 Beaches, theme parks, and campgrounds are often the most common places frequented by recreational tourists.	beaches theme parks and camp grounds are often the most common places frequented by recreational tourists
train_1519	278	0	 Former Massachusetts Governor Matt Romney won the Florida Republican Party presidential primary election on Tuesday with over 46% of the votes.	former massachusetts governor mitt romney won the florida republican party presidential primary election on tuesday with over 46% of the vote
train_1520	172	1	 He went on to say,	he went on to say this case is serious rest assured that our system is working as well as it should
train_1521	841	1	 However, nearly all of the casinos listed above serve drinks and several of them bring in name brand entertainment, primarily the large ones immediately surrounding Albuquerque and Santa Fe.	however nearly all of the casinos listed above serve drinks and several of them bring in name-brand entertainment primarily the large ones immediately surrounding albuquerque and santa fe
train_1522	218	0	 The vote must still be ratified by the full IOC at its October meeting in Copenhagen.	the vote must still be ratified by the full ioc at it's october meeting in copenhagen
train_1523	85	1	 In addition to the crushing ice, extreme weather conditions have been hampering rescue efforts.	in addition to the crushing ice extreme weather conditions have been hampering rescue efforts
train_1524	1188	1	 The top of the tower was a special sanctuary for the god.	the top of the tower was special sanctuary for the god
train_1525	427	1	 Charles was the first member of the British royal family to be awarded a degree.	charles was the first member of the british royal family to be awarded a degree
train_1526	690	0	 Phnom Krom, 12 km southwest of Siem Reap. This hilltop temple was built at the end of the 9th century during the reign of King Yasovarman.	phnom krom 12 km southwest of siem reap this hilltop temple was built at the end of the 9th century during the reign of king yasovarman
train_1527	1184	0	 Two popular content theories are Maslow's hierarchy of needs theory and Herzberg's two-factor theory.	two popular content theories are maslow's hierarchy of needs theory and hertzberg's two factor theory
train_1528	1045	1	 In the manner that Paris is known as the fashion capital of the contemporary world, Constantinople was regarded as the fashion capital of feudal Europe.	in the manner that paris is known as the fashion capital of the contemporary world constantinople was regarded as the fashion capital of feudal europe
train_1529	201	1	 Felicia, once a category 4 storm on the Saffir-Simpson hurricane scale, weakened to a tropical depression before dissipating Tuesday.	felicia once a category 4 storm on the saffir-simpson hurricane scale weakened to a tropical depression before dissipating tuesday
train_1530	1412	0	 At the extremes of the poll, 29% of those surveyed believe Australia should become a republic as soon as possible, while 31% believe Australia should never become a republic.	at the extremes of the poll 29 per cent of those surveyed believe australia should become a republic as soon as possible while 31 per cent believe australia should never become a republic
train_1531	1344	0	 Lions, cheetahs, and leopards are sometimes shy, and you will see them better with binoculars.	lions cheetahs and leopards are sometimes shy and you will see them better with binoculars
train_1532	780	0	 Some medium format film cameras use a 6x6 cm format, more precisely a 56x56 mm negative.	some medium-format film cameras use a 6 by 6 cm format more precisely a 56 by 56 mm negative
train_1533	205	1	 The Twin Otter had been trying to land at Kokoda yesterday as airlines PNG flight CG4684 but had aborted once already.	the twin otter had been trying to land at kokoda yesterday as airlines png flight cg4684 but had aborted once already
train_1534	1126	0	 This too can be borrowed from the stock at the entrance, but that clothing isn't washed after every user, so you may not feel comfortable wearing these skirts. One size fits all for men.	this too can be borrowed from the stock at the entrance but that clothing isn't washed after every user so you may not feel comfortable wearing these skirts one size fits all for men
train_1535	1099	1	 Around three minutes into the launch an onboard camera showed numerous pieces of insulation foam break away from the fuel tank.	around 3 minutes into the launch an on-board camera showed numerous pieces of insulation foam break away from the fuel tank
train_1536	938	0	 In some federal countries such as the United States and Canada, income tax is levied both at the federal level and at the local level so the rates and brackets can vary from region to region.	in some federal countries such as the united states and canada income tax is levied both at the federal level and at the local level so the rates and brackets can vary from region to region
train_1537	1107	1	 No matter how docile they may look, bison, elk, moose, bears, and nearly all large animals can attack.	no matter how docile they may look bison elk moose bears and nearly all large animals can attack
train_1538	23	1	 Despite these accusations, Ma Wan handily on a platform advocating closer ties with the Chinese mainland.	despite these accusations ma won handily on a platform advocating closer ties with the chinese mainland
train_1539	1150	1	 During the 1976 elections, he advised Carter on foreign policy and then served as National Security Advisor, NSA, from 1977 to 1981, succeeding Henry Kissinger.	during the 1976 selections he advised carter on foreign policy then served as national security advisor nsa from 1977 to 1981 succeeding henry kissinger
train_1540	1417	1	 Had the Allies failed, Germany probably would have been able to conquer Britain as if it had the rest of Europe.	had the allies failed germany probably would have been able to conquer britain as it had the rest of europe
train_1541	499	1	 Over multiple centuries, the Roman Empire led to great gains in the field of medicine and formed much of the knowledge we know today.	over multiple centuries the roman empire led to great gains in the field of medicine and formed much of the knowledge we know today
train_1542	1073	0	 Suspected caches of H5N1 in Croatia and Denmark remain unconfirmed.	suspected cases of h5n1 in croatia and denmark remain unconfirmed
train_1543	663	1	 San Francisco has developed a large tourist infrastructure with numerous hotels, restaurants, and top-notch convention facilities.	san francisco has developed a large tourist infrastructure with numerous hotels restaurants and top-notch convention facilities
train_1544	431	1	 Turkey's area makes it the largest, 37th largest country and is about the size of metropolitan France and the UK combined.	turkey's area makes it the world's 37th-largest country and is about the size of metropolitan france and the united kingdom combined
train_1545	1134	1	 The Chaco region was home to other groups of indigenous tribes such as the Guayquiryu and Payagu who survived by hunting, gathering, and fishing.	the chaco region was home to other groups of indigenous tribes such as the guaycurú and payaguá who survived by hunting gathering and fishing
train_1546	972	1	 In particular, the numbering system in the French-speaking Belgium and Switzerland has some slight peculiarities that are different from the French spoken in France and the pronunciation of some words is slightly different.	in particular the numbering system in french-speaking belgium and switzerland has some slight peculiarities that are different from the french spoken in france and the pronunciation of some words is slightly different
train_1547	123	1	 The United States Embassy located in Nairobi, Kenya has issued a warning that extremists from Somalia are planning to launch suicide bomb attacks in Kenya and Ethiopia.	the united states embassy located in nairobi kenya has issued a warning that extremists from somalia are planning to launch suicide bomb attacks in kenya and ethiopia
train_1548	1332	1	 These relationships help in planning, designing, and operations of roadway facilities.	these relationships help in planning design and operations of roadway facilities
train_1549	1012	0	 Infrared images show that the temperature variation from night and day shows that they are likely caves.	infrared images show that the temperature variations from night and day show that they are likely caves
train_1550	1085	1	 At one point, a member of the mob waved the head of a royal guard killed at Versailles in front of the terrified queen.	at one point a member of the mob waved the head of a royal guard killed at versailles in front of the terrified queen
train_1551	1221	1	 The Paralympics will take place from the 24th of August to the 5th of September 2021. Some events will be held in other locations throughout Japan.	the paralympics will take place from 24 august to 5 september 2021 some events will be held in other locations throughout japan
train_1552	556	1	 Athletes may feel that they prefer a product even when it provides no real benefits.	athletes may feel that they prefer a product even when it provides no real benefits
train_1553	7	0	 Since moving to the Catalan capital, Vidal had played 49 games for the club.	since moving to the catalan-capital vidal had played 49 games for the club
train_1554	1366	1	 Smaller tournaments and matches can also be seen here at other times of the year.	smaller tournaments and matches can also be seen here at other times of the year
train_1555	715	0	 Be sure the agent through whom you book the Galapagos specialist Be sure the agent through whom you book is a Galapagos specialist with a good knowledge of a wide variety of ships.	be sure the agent through whom you book is a galapagos specialist with a good knowledge of a wide variety of ships
train_1556	724	1	 Based on Fray Bartlomé de la Casas, Tratado de las Indias between 1492 and 1498, the Spanish conquerors killed around 100,000 Taños.	based on fray bartolomé de las casas tratado de las indias between 1492 and 1498 the spanish conquerors killed around 100,000 taínos
train_1557	1338	1	 If the country you will be visiting becomes subject to a travel advisory, your travel health insurance or your trip cancellation insurance may be affected.	if the country you will be visiting becomes subject to a travel advisory your travel health insurance or your trip cancellation insurance may be affected
train_1558	1006	1	 Each temple had an open temple courtyard and then an inner sanctuary that only the priests could enter.	each temple had an open temple courtyard and then an inner sanctuary that only the priests could enter
train_1559	379	1	 About 3,000 years later in 1610, Italian astronomer Galileo Galilei used a telescope to observe that Venus has phases just as the moon does.	about three thousand years later in 1610 italian astronomer galileo galilei used a telescope to observe that venus has phases just as the moon does
train_1560	871	0	 If you are going to camp out, bring a camp cot or hammock to keep you away from snakes, scorpions, and such.	if you are going to camp out bring a camp cot or hammock to keep you away from snakes scorpions and such
train_1561	416	1	 Another famous Greek is a mathematician, Pythagoras, mostly known for his famous theorem about relations of the sides of right triangles.	another famous greek is a mathematician pythagoras mostly known for his famous theorem about relations of the sides of right triangles
train_1562	483	1	 The believer seeks a direct experience, intuition or insight into divine reality, the deity or deities.	the believer seeks a direct experience intuition or insight into divine reality/the deity or dieties
train_1563	1462	1	 Advisories are merely a brief summary of the political situation in one country.	advisories are merely a brief summary of the political situation in one country
train_1564	44	1	 Fred currently has winds of 105 mph, 165 km and is moving towards the northwest.	fred currently has winds of 105 miles per hour 165 km/h and is moving towards the northwest
train_1565	1374	1	 In 1994 this conflict led to the creation of the self-proclaimed Transylvania Republic in eastern Moldova which has its own government and currency but it's not recognized by any UN member country.	in 1994 this conflict led to the creation of the self-proclaimed transnistria republic in eastern moldova which has its own government and currency but is not recognised by any un member country
train_1566	890	0	 Inland Antarctica is a desolate plateau covered by 2-3 kilometers of ice.	inland antarctica is a desolate plateau covered by 2-3 km of ice
train_1567	1157	1	 Montevideo is in the subtropics. In the summer months, temperatures above 30 degrees Celsius are common.	montevideo is in the subtropics; in the summer months temperatures above +30°c are common
train_1568	761	0	 Joining such a network usually requires usually just requires filling out an online form although some networks offer or require additional verification.	joining such a network usually just requires filling out an online form although some networks offer or require additional verification
train_1569	594	0	 Only animals have brains, though not even all animals do. Jellyfish, for example, do not have brains.	only animals have brains though not even all animals do; jellyfish for example do not have brains
train_1570	701	1	 These requirements are designed to provide an organized migratory flow between both countries.	these requirements are designed to provide an organized migratory flow between both countries
train_1571	1020	0	 For example, visiting castles in the Loyer Valley, the Rhine Valley, or taking a cruise to interesting cities on the Danube or boating along the Erie Canal.	for example visiting castles in the loire valley the rhine valley or taking a cruise to interesting cites on the danube or boating along the erie canal
train_1572	1014	1	 The earthquake was centered around 20 kilometers northeast of Dillon and about 65 kilometers south of Butte.	the earthquake was centered about 20 km 15 miles north-northeast of dillon and about 65 km 40 miles south of butte
train_1573	478	1	 Alexander, as king, offered to pay to rebuild the temple, but his offer was declined. Later, after Alexander died, the temple was rebuilt in 323 BCE.	alexander as king offered to pay to rebuild the temple but his offer was denied later after alexander died the temple was rebuilt in 323 bce
train_1574	637	1	 In the year 1970, Raymond Damien, a medical doctor and research scientist, discovered the basis for using magnetic resonance imaging as a tool for medical diagnosis.	in the year 1970 raymond damadian a medical doctor and research scientist discovered the basis for using magnetic resonance imaging as a tool for medical diagnosis
train_1575	506	0	 There are positive aspects to these websites which include being able to easily set up a class page which can include blogs, videos, photos and other features.	there are positive aspects to these websites which include being able to easily setup a class page which can include blogs videos photos and other features
train_1576	990	1	 The glaciers are not stable but flow down the mountain. This will cause cracks, crevices, which may be obscured by snow bridges.	the glaciers are not stable but flow down the mountain this will cause cracks crevasses which may be obscured by snow bridges
train_1577	1121	1	 The Director of Public Prosecutions, Keir Starmer QC, gave a statement this morning announcing the prosecution of both Hune and Pierce, Price.	the director of public prosecutions kier starmer qc gave a statement this morning announcing the prosecution of both huhne and pryce
train_1578	940	1	 Make sure you know what you can and cannot bring in and declare anything over the legal limits.	make sure you know what you can and cannot bring in and declare anything over the legal limits
train_1579	1337	1	 France is the seventh country in the European Union to suffer this virus, following Austria, Germany, Slovenia, Bulgaria, Greece, and Italy.	france is the seventh country in the european union to suffer this virus following austria germany slovenia bulgaria greece and italy
train_1580	1390	1	 Final results from Nambian presidential and paramilitary elections have indicated that the incumbent president, Hifkei Panyai Pumhaba, has been re-elected by a large margin.	final results from namibian presidential and parliamentary elections have indicated that the incumbent president hifikepunye pohamba has been reelected by a large margin
train_1581	1169	0	 The Amazon River is the second longest and the biggest river on Earth. It carries more than eight times as much water as the second biggest river.	the amazon river is the second longest and the biggest river on earth it carries more than 8 times as much water as the second biggest river
train_1582	809	1	 Nevertheless, there are many distinctive ways of drinking coffee around the world that are worth experiencing.	nevertheless there are many distinctive ways of drinking coffee around the world that are worth experiencing
train_1583	818	0	 With routes in Barcelona's Running Tours, Barcelona and Copenhagen's Running Copenhagen, it was quickly joined by Running Tours Prague, Based in Prague and others.	with roots in barcelona's running tours barcelona and copenhagen's running copenhagen it was quickly joined by running tours prague based in prague and others
train_1584	204	0	 Some of the rainfall was accompanied by thunderstorms and frequent lightning.	some of the rainfall was accompanied by thunderstorms and frequent lightning
train_1585	307	0	 The cause of death was announced as intrahepatic bile duct cancer.	the cause of death was announced as intrahepatic bile duct cancer
train_1586	1110	1	 Hoon and Price are scheduled to appear at the Westminster Magistrates Court on February 16th.	huhne and pryce are scheduled to appear at the westminster magistrates court on february 16
train_1587	1506	1	 Travelers who had an easy time adjusting to the new culture sometimes have a particularly hard time readjusting to their native culture.	travellers who had an easy time adjusting to the new culture sometimes have a particularly hard time readjusting to their native culture
train_1588	399	0	 Italy's main goals were African countries. To capture those countries, they would need to have a troop launching pad so as troops could sail across the Mediterranean Sea and invade Africa.	italy's main goals were african countries to capture those countries they would need to have a troop launching pad so as troops could sail across the mediterranean sea and invade africa
train_1589	1085	1	 At one point, a member of the mob waved the head of a royal guard killed at Versailles in front of the terrified queen.	at one point a member of the mob waved the head of a royal guard killed at versailles in front of the terrified queen
train_1590	390	0	 Sanskrit is an ancient language and is comparable to the Latin language spoken in Europe.	sanskrit is an ancient language and is comparable to the latin language spoken in europe
train_1591	492	1	 The Indus Valley civilization was a Bronze Age civilization in the northwest Indian subcontinent encompassing most of modern-day Pakistan and some regions in northwest India and northeast Afghanistan.	the indus valley civilization was a bronze age civilisation in the northwest indian subcontinent encompassing most of modern-day pakistan and some regions in northwest india and northeast afghanistan
train_1592	1486	1	 He has speculated to make a run for president in 2016.	he is speculated to make a run for president in 2016
train_1593	53	0	 The Commissioner sets bail, if granted, and formalizes the charges filed by the arresting officer. The charges are then entered into the state's computer system where the case is tracked.	the commissioner sets bail if granted and formalizes the charges filed by the arresting officer the charges are then entered into the state's computer system where the case is tracked
train_1594	1450	1	 They found the Sun operated on the same basic principles as the other stars. The activity of all stars in the system was found to be driven by their luminosity, their rotation, and nothing else.	they found the sun operated on the same basic principles as other stars the activity of all stars in the system was found to be driven by their luminosity their rotation and nothing else
train_1595	668	0	 Many tickets sold online through auction websites such as eBay or Craigslist are partially used multi-day pack hopper tickets.	many tickets sold online through auction websites such as ebay or craigslist are partially used multi-day park-hopper tickets
train_1596	730	1	 Bowen Island is a popular day trip or weekend excursion offering kayaking, hiking, shops, restaurants and more.	bowen island is a popular day trip or weekend excursion offering kayaking hiking shops restaurants and more
train_1597	217	0	 Squash, Karate and Roller Sports tried to get onto the Olympic program as well as Baseball and Softball which were voted out of the Olympic Games in 2005.	squash karate and roller sports tried to get onto the olympic program as well as baseball and softball which were voted out of the olympic games in 2005
train_1598	1144	1	 No major damage or injuries have been reported in Tonga, but power was temporarily lost, which reportedly prevented Tongan authorities from receiving the tsunami warming issued by the PTWC.	no major damage or injuries have been reported in tonga but power was temporarily lost which reportedly prevented tongan authorities from receiving the tsunami warning issued by the ptwc
train_1599	640	0	 A synchronous communication encourages time for reflection and reaction to others.	asynchronous communication encourages time for reflection and reaction to others
train_1600	1324	1	 This gives them a wider range of small places to hide from predators.	this gives them a wider range of small places to hide from predators
train_1601	1208	1	 Several hostages have been rescued and at least six have been confirmed dead so far.	several hostages have been rescued and least six have been confirmed dead so far
train_1602	636	0	 In this resonance, magnetic field and radio waves cause atoms to give off tiny radio signals.	in this resonance magnetic field and radio waves cause atoms to give off tiny radio signals
train_1603	1022	1	 chambers had sued god for widespread death destruction and terrorization of millions upon millions of the earth's inhabitants	chambers had sued god for widespread death destruction and terrorization of millions upon millions of the earth's inhabitants
train_1604	1240	0	 Since there was limited response to this tactic, Germany expected a similar response to its unrestricted submarine warfare.	since there was limited response to this tactic germany expected a similar response to its unrestricted submarine warfare
train_1605	265	0	 The station maintained its attitude despite the loss of a gyroscope earlier in the space station mission until the end of the spacewalk.	the station maintained its attitude despite the loss of a gyroscope earlier in the space station mission until the end of the spacewalk
train_1606	1506	1	 Travelers who had an easy time adjusting to the new culture sometimes have a particularly hard time readjusting to their native culture.	travellers who had an easy time adjusting to the new culture sometimes have a particularly hard time readjusting to their native culture
train_1607	1273	1	 Shinwell reported that government investigators recovered two black box flight recorders on Wednesday.	xinhua reported that government investigators recovered two black box' flight recorders on wednesday
train_1608	559	1	 The nucleus consists of two particles, neurons and protons.	the nucleus consists of two particles neutrons and protons
train_1609	671	1	 Permits are limited to protect the canyon and become available on the first day of the month four months prior to the start month.	permits are limited to protect the canyon and become available on the 1st day of the month four months prior to the start month
train_1610	1023	1	 Pests can spoil food, cause irritation, or in a worse case, cause allergic reactions, spread venom, or transmit infections.	pests can spoil food cause irritation or in a worse case cause allergic reactions spread venom or transmit infections
train_1611	1256	1	 Please remember that you are essentially visiting a mass grave site, as well as a site that has an almost incalculable meaning to a significant portion of the world's population.	please remember that you are essentially visiting a mass grave site as well as a site that has an almost incalculable meaning to a significant portion of the world's population
train_1612	895	1	 The most common cause for accidents in winter is slippery roads, pavements or sidewalks and especially steps.	the most common cause for accidents in winter is slippery roads pavements sidewalks and especially steps
train_1613	1254	0	 This is especially popular with school leavers, allowing them to take a year out before university without compromising their education.	this is especially popular with school leavers allowing them to take a year out before university without compromising their education
train_1614	1322	0	 danius said right now we are doing nothing i have called and sent emails to his closest collaborator and received very friendly replies for now that is certainly enough	danius said right now we are doing nothing i have called and sent emails to his closest collaborator and received very friendly replies for now that is certainly enough
train_1615	41	0	 John Grant from WNED Buffalo, Reading Rainbow's home station, said, Reading Rainbow taught kids why to read. The love of reading. The show encouraged kids to pick up a book and to read.	john grant from wned buffalo reading rainbow's home station said reading rainbow taught kids why to read,... the love of reading — [the show] encouraged kids to pick up a book and to read.
train_1616	76	1	 Roberts flatly refused to say about when he believed life began. An important question when considering the ethics of abortion, saying that it would be unethical to comment on the specifics of likely cases.	roberts flatly refused to say about when he believes life begins an important question when considering the ethics of abortion saying that it would be unethical to comment on the specifics of likely cases
train_1617	1037	1	 According to the latest bulletin, sea levels readings indicated a tsunami was generated. There are some definite tsunami activity regard of Nyopagu Pagu and Niue.	according to the latest bulletin sea level readings indicated a tsunami was generated there was some definite tsunami activity recorded near pago pago and niue
train_1618	13	1	 He recently lost against Rionic in Brisbane Open.	he recently lost against raonic in the brisbane open
train_1619	301	1	 Following the process, HJR 3 will be reviewed again by the next elected legislature in either 2015 or 2016 to remain in process.	following the process hjr-3 will be reviewed again by the next elected legislature in either 2015 or 2016 to remain in process
train_1620	1289	0	 Sharks do exist, however they rarely attack humans. Most sharks are scared of humans and would swim away.	sharks do exist however they rarely attack humans most sharks are scared of humans and would swim away
train_1621	1139	0	 Several weather can occur anywhere in the world and there are different types of heat which can depend on geography, topography and atmospheric conditions.	severe weather can occur anywhere in the world and there are different types of it which can depend on geography topography and atmospheric conditions
train_1622	853	1	 Several places in Rotunda offer Gmo thermal hengi while others hengi can be sampled in Christian Church, Wellington and elsewhere.	several places in rotorua offer geothermal hangi while other hangi can be sampled in christchurch wellington and elsewhere
train_1623	1358	0	 One antibody cocktail, ZMapp, initially showed promise in the field, but formal studies indicated it had less benefit than sought in preventing death.	one antibody cocktail zmapp initially showed promise in the field but formal studies indicated it had less benefit than sought in preventing death
train_1624	607	1	 Time has been studied by religions, philosophical and scientific scholars for thousands of years.	time has been studied by religious philosophical and scientific scholars for thousands of years
train_1625	748	1	 Breakfast may include seasonal delights of the region or the host's specialty dish.	breakfast may include seasonal delights of the region or the host's speciality dish
train_1626	489	1	 The religion was founded in the 15th century by Guru Nanak . There followed in succession a further nine Gurus.	the religion was founded in the 15th century by guru nanak 1469–1539. there followed in succession a further nine gurus
train_1627	545	1	 The American plan relied on launching coordinated attacks from three different directions.	the american plan relied on launching coordinated attacks from three different directions
train_1628	68	0	 When the tenants started sharing what had occurred to them, most of the families involved suddenly realized that Carolyn Wilson of the OHA had stolen their security deposits and skipped out of town.	when the tenants started sharing what had occurred to them most of the families involved suddenly realized that carolyn wilson of the oha had stolen their security deposits and skipped out of town
train_1629	28	0	 Burton was ranked 19th on the 2008 400 richest Americans list with an estimated fortune of 2.3 billion US dollars.	batten was ranked 190th on the 2008 400 richest americans list with an estimated fortune of $2.3 billion
train_1630	1367	1	 Singapore is generally an extremely safe place to be and very easy to navigate and you can buy almost anything after arriving.	singapore is generally an extremely safe place to be and very easy to navigate and you can buy almost anything after arriving
train_1631	933	0	 Student visas generally have different requirements and application procedures from normal tourist or business visas.	student visas generally have different requirements and application procedures from normal tourist or business visas
train_1632	1413	0	 34% of those in the poll share this view, wanting Queen Elizabeth II to be Australia's last monarch.	34 per cent of those in the poll share this view wanting queen elizabeth ii to be australia's last monarch
train_1633	847	1	 Room-arang throwing is a popular skill that many tourists want to acquire.	boomerang throwing is a popular skill that many tourists want to acquire
train_1634	457	1	 This has allowed zoom lenses to produce pictures of a quality comparable to that achieved by lenses with fixed focal length.	this has allowed zoom lenses to produce pictures of a quality comparable to that achieved by lenses with fixed focal length
train_1635	220	1	 2004 Olympic silver medalist Amir Khan said, Deep down, I think women shouldn't fight. That's my opinion.	2004 olympic silver medallist amir khan said deep down i think women shouldn't fight that's my opinion
train_1636	1499	1	 Caretaker Prime Minister Juliette Gillard claimed during the campaign of the 2010 federal election that she believed Australia should become a republic at the end of Queen Elizabeth II's reign.	caretaker prime minister julia gillard claimed during the campaign of the 2010 federal election that she believed australia should become a republic at the end of queen elizabeth ii's reign
train_1637	112	1	 It will move over the west coast of Northern California and will light the sky from California through Central Oregon and on through Nevada and Idaho and into Utah. Tom Duxbury, Stardust's project manager, said.	it will move over the west coast of northern california and will light the sky from california through central oregon and on through nevada and idaho and into utah tom duxbury stardust's project manager said
train_1638	481	0	 On the accordion, to get extra volume, you use the bellows with more pressure or speed.	on the accordion to get extra volume you use the bellows with more pressure or speed
train_1639	1209	1	 The modern city of Casablanca was founded by Berber fishermen in the 10th century BCE and was used by the Phoenicians, Romans, and the Marinids as a strategic port called Ampha.	the modern city of casablanca was founded by berber fishermen in the 10th century bce and was used by the phoenicians romans and the merenids as a strategic port called anfa
train_1640	943	1	 Volunteering while traveling is a great way to make a difference, but it's not just about giving.	volunteering while travelling is a great way to make a difference but it's not just about giving
train_1641	973	1	 Nevertheless, all French-speaking Belgians and Swiss would have learned standard French in school, so they would be able to understand you even if you used the standard French numbering system.	nevertheless all french-speaking belgians and swiss would have learned standard french in school so they would be able to understand you even if you used the standard french numbering system
train_1642	483	1	 The believer seeks a direct experience, intuition or insight into divine reality, the deity or deities.	the believer seeks a direct experience intuition or insight into divine reality/the deity or dieties
train_1643	727	1	 There are a number of restaurants surrounding the garden, and in the afternoons and evenings, their free concerts are often given from the central gazebo.	there are a number of restaurants surrounding the garden and in the afternoons and evening there free concerts are often given from the central gazebo
train_1644	1166	1	 In inland regions of northern India and Pakistan, yogurt is commonly used in curries. In southern India and some other coastal regions of the subcontinent, coconut milk is commonly used.	in inland regions of northern india and pakistan yogurt is commonly used in curries in southern india and some other coastal regions of the subcontinent coconut milk is commonly used
train_1645	197	0	 Areas tested positive for a mild case of the virus, President Rodrigo Arria said.	arias tested positive for a mild case of the virus presidential minister rodrigo arias said
train_1646	1154	0	 Although Winfrey was fearful in her farewell, she made it clear to her fans she will be back.	although winfrey was tearful in her farewell she made it clear to her fans she will be back
train_1647	372	1	 A Triceratops could have used its strong beak to strip off the leaves before eating the trunk.	a triceratops could have used its strong beak to strip off the leaves before eating the trunk
train_1648	1376	1	 The movie, featuring Ryan Gosling and Emma Stone, received nominations in all major categories.	the movie featuring ryan gosling and emma stone received nominations in all major categories
train_1649	1097	1	 Travel agents often have deals with specific hotels, although you may find it possible to book other forms of accommodation like camping grounds through a travel agent.	travel agents often have deals with specific hotels although you may find it possible to book other forms of accommodation like camping grounds through a travel agent
train_1650	250	0	 The building housed a number of pilgrims who came to visit the holy city at the eve of Hajj pilgrimage.	the building housed a number of pilgrims who came to visit the holy city at the eve of hajj pilgrimage
train_1651	797	0	 have another copy in your luggage and online email to yourself with attachment or stored in the cloud	"have another copy in your luggage and online e-mail to yourself with attachment or stored in the cloud"""
train_1652	1453	0	 Posted speed limits are noticeably lower than in previous and subsequent sections, commonly 35-40 mph, 56-64 km, and strict obedience to them is even more important than otherwise.	posted speed limits are noticeably lower than in previous and subsequent sections — commonly 35-40 mph 56-64 km/h — and strict obedience to them is even more important than otherwise
train_1653	55	0	 Peter Costello, Australian Treasurer and the man most likely to succeed, Prime Minister John Howard as Liberal Party leader, has thrown his support behind a nuclear power industry in Australia.	peter costello australian treasurer and the man most likely to succeed prime minister john howard as liberal party leader has thrown his support behind a nuclear power industry in australia
train_1654	1133	1	 Spokesman for Medicines Sans Frontier, Richard Bierman said, Angola is heading for its worst ever outbreak and the situation remains very bad in Angola, he said.	spokesman for medecines sans frontiere richard veerman said angola is heading for its worst ever outbreak and the situation remains very bad in angola he said
train_1655	1367	0	 Singapore is generally an extremely safe place to be and very easy to navigate and you can buy almost anything after arriving	singapore is generally an extremely safe place to be and very easy to navigate and you can buy almost anything after arriving
train_1656	1128	1	 Authorities speculate that this indicates that containers holding uranium fuel at the site may have ruptured and are leaking.	authorities speculate that this indicates that containers holding uranium fuel at the site may have ruptured and are leaking
train_1657	597	1	 Cell comes from the Latin word Sella which means small room.	cell comes from the latin word cella which means small room
train_1658	410	1	 Most of the items buried with Tukumin have been well preserved including thousands of artifacts made from precious metals and rare stones.	most of the items buried with tutankhamun have been well preserved including thousands of artefacts made from precious metals and rare stones
train_1659	185	1	 Jark was practicing during pre-season training at Coversiano in Italy earlier in the day. He was staying in the team hotel ahead of the match planned for Sunday against Bologna.	jarque was practicing during pre-season training at coverciano in italy earlier in the day he was staying in the team hotel ahead of a match planned for sunday against bolonia
train_1660	404	0	 In the beginning of the war, the Mosley traveled on top of the sea. But as radar began developing and becoming more accurate, the submarines were forced to go underwater to avoid being seen.	in the beginning of the war they mostly travelled on top of the sea but as radar began developing and becoming more accurate the submarines were forced to go under water to avoid being seen
train_1661	608	0	 We experience time as a series of events passing from the future through the present to the past.	we experience time as a series of events passing from the future through the present to the past
train_1662	487	0	 Sikhs consider their faith to be a separate religion from Hinduism although they acknowledge its Hindu roots and traditions.	sikhs consider their faith to be a separate religion from hinduism though they acknowledge its hindu roots and traditions
train_1663	52	0	 In April this year, a temporary restraining order was issued by Judge Glynn against the facility to enforce the release of those held more than 24 hours after their intake who did not receive a hearing by a court commissioner.	in april this year a temporary restaining order was issued by judge glynn against the facility to enforce the release of those held more than 24 hours after their intake who did not receive a hearing by a court commissioner
train_1664	1318	1	 Prime Minister Stephen Harper has agreed to send the government's Clean Air Act to an all-party committee for review before its second reading after Tuesday's 25-minute meeting with NDP leader Jack Layton at the PMO.	prime minister stephen harper has agreed to send the government's clean air act' to an all-party committee for review before its second reading after tuesday's 25 minute meeting with ndp leader jack layton at the pmo
train_1665	1313	0	 He arrived in the US with four cents to his name, a book of poetry, and a letter of recommendation from Charles Batchelor, his manager in his previous job, to Thomas Edison.	he arrived in the us with 4 cents to his name a book of poetry and a letter of recommendation from charles batchelor his manager in his previous job to thomas edison
train_1666	772	1	 Kerala's temple festivals are very interesting to see, with regular procession of decorated elephants, temple orchestra, and other festivities.	kerala's temple festivals are very interesting to see with regular procession of decorated elephants temple orchestra and other festivities
train_1667	1067	0	 In good conditions you will be able to cover somewhat greater distance than walking. But only very seldom you will get the speeds of cross-country skiing without a heavy backpack in groomed tracks.	in good conditions you will be able to cover somewhat greater distances than walking but only very seldom you will get the speeds of cross country skiing without a heavy backpack in groomed tracks
train_1668	278	1	 Former Massachusetts Governor Mitt Romney won the Florida Republican Party presidential primary election on Tuesday with over 46% of the vote.	former massachusetts governor mitt romney won the florida republican party presidential primary election on tuesday with over 46% of the vote
train_1669	880	0	 Many governments require visitors entering or residents leaving their countries to be vaccinated for a range of diseases.	many governments require visitors entering or residents leaving their countries to be vaccinated for a range of diseases
train_1670	674	0	 There are a limited number of permits reserved for walk-in requests available on a first-come, first-served basis.	there are a limited number permits reserved for walk-in requests available on a first come first served basis
train_1671	85	1	 In addition to the crushing ice, extreme weather conditions have been hampering rescue efforts.	in addition to the crushing ice extreme weather conditions have been hampering rescue efforts
train_1672	445	1	 Two-thirds of Venezuelans who work do so in the service sector, nearly a quarter work in industry, and a fifth work in agriculture.	two thirds of venezuelans who work do so in the service sector nearly a quarter work in industry and a fifth work in agriculture
train_1673	960	0	 However, Star Alliance covers everything except the Eastern South Pacific from Santiago de Chile to Tahiti which is a LATAM one world flight.	however star alliance covers everything except the eastern south pacific from santiago de chile to tahiti which is a latam oneworld flight
train_1674	1294	1	 Also, the Pacific Tsunami Warning Center said that there was no tsunami indication.	also the pacific tsunami warning center said that there was no tsunami indication
train_1675	121	0	 ACM ma also found that despite the video being streamed on the internet big brother had not breached online content censorship laws as the media had not been stored on big boats website	the acma also found that despite the video being streamed on the internet big brother had not breached online content censorship laws as the media had not been stored on big brother's website
train_1676	843	1	 For one thing, northern New Mexico has significant problems with drunk driving and the concentration of intoxicated drivers is high close to small town bars.	for one thing northern new mexico has significant problems with drunk driving and the concentration of intoxicated drivers is high close to small-town bars
train_1677	1488	1	 Edgar Viguilla received arm and jaw wounds while Christopher Schneider was left requiring reconstructive surgery for his face.	edgar veguilla received arm and jaw wounds while kristoffer schneider was left requiring reconstructive surgery for his face
train_1678	1427	1	 Internal poisoning may not be immediately apparent. Symptoms such as vomiting are significantly general that an immediate diagnosis cannot be made.	internal poisoning may not be immediately apparent symptoms such as vomiting are sufficiently general that an immediate diagnosis cannot be made
train_1679	25	1	 He had two goals and two assists in Washington's 5-3 win over the Atlanta Thrashers.	he had 2 goals and 2 assists in washington's 5-3 win over the atlanta thrashers
train_1680	454	1	 Interactive design requires that components of a project connect to each other, but also make sense as a separate entity.	interactive design requires that components of a project connect to each other but also make sense as a separate entity
train_1681	1248	0	 It also arguably makes reading easier, though reading is somewhat complicated by the need to find out whether a verb or adjective is used in a substantivized form.	it also arguably makes reading easier though writing is somewhat complicated by the need to find out whether a verb or adjective is used in a substantivized form
train_1682	1083	1	 During his trip, Iwasaki ran into trouble on many occasions.	during his trip iwasaki ran into trouble on many occasions
train_1683	799	1	 Also, give policy and contract copies to traveling companions and relatives or friends back home willing to help.	also give policy/contact copies to traveling companions and relatives or friends back home willing to help
train_1684	531	0	 Golf is a game in which players use clubs to hit balls into holes.	golf is a game in which players use clubs to hit balls into holes
train_1685	858	0	 You could find yourself being used as a drug carrier without your knowledge, which will land you in a great deal of trouble.	you could find yourself being used as a drug carrier without your knowledge which will land you in a great deal of trouble
train_1686	804	1	 Illegal spirits can contain various dangerous impurities including methanol which can cause blindness or death even in small doses.	illegal spirits can contain various dangerous impurities including methanol which can cause blindness or death even in small doses
train_1687	134	0	 The sign was not physically damaged. The modification was done using black tarpaulins decorated with signs of peace and heart to alter the O to read lowercase E.	the sign was not physically damaged the modification was done using black tarpaulins decorated with signs of peace and heart to alter the o to read lowercase e
train_1688	515	1	 The approach to obtaining information was different. No longer did pressure reside within individual recall, but the ability to recall text became more of a focus.	the approach to obtaining information was different no longer did pressure reside within individual recall but the ability to recall text became more of a focus
train_1689	1336	1	 Hamilton confirmed Howard University Hospital admitted the patient in stable condition.	hamilton confirmed howard university hospital admitted the patient in stable condition
train_1690	376	1	 The sun doesn't have a crust like the earth that you can stand on. The whole sun is made of gases, fire, and plasma.	the sun doesn't have a crust like the earth that you can stand on the whole sun is made out of gases fire and plasma
train_1691	284	0	 In London, about 200 people protested outside some major copyright holders' offices.	in london about 200 people protested outside some major copyright holders' offices
train_1692	1270	1	 There were also toilets in ancient Egypt, Persia and China. In Roman civilization, toilets were sometimes part of public bathhouses where men and women were together in mixed company.	there were also toilets in ancient egypt persia and china in roman civilization toilets were sometimes part of public bath houses where men and women were together in mixed company
train_1693	171	0	 The governor also stated, today we learned that some school-aged children have been identified as having had contact with the patient.	the governor also stated today we learned that some school aged children have been identified as having had contact with the patient
train_1694	679	1	 Each country also has unique laws requiring that emergency items need to be in the car.	each country also has unique laws requiring what emergency items need to be in the car
train_1695	1400	1	 Once the ancient cities of Smyrna, it is now a modern developed and busy commercial center set around a huge bay and surrounded by mountains.	once the ancient city of smyrna it is now a modern developed and busy commercial center set around a huge bay and surrounded by mountains
train_1696	825	1	 Take a look at what trips the agent is promoting whether on a website or in a shop window.	take a look at what trips the agent is promoting whether on a website or in a shop window
train_1697	62	1	 During his two-hour speech, he stated that today Apple is going to reinvent the phone. We are going to make history today.	during his 2 hour speech he stated that today apple is going to reinvent the phone we are going to make history today
train_1698	655	0	 Crime and ill will toward foreigners in general is virtually unknown in Greenland. Even in the towns there are no rough areas.	crime and ill-will toward foreigners in general is virtually unknown in greenland even in the towns there are no rough areas
train_1699	482	1	 Mysticism is the pursuit of communion with, identity with, or conscious awareness of an ultimate reality, divinity, spiritual truth, or God.	mysticism is the pursuit of communion with identity with or conscious awareness of an ultimate reality divinity spiritual truth or god
train_1700	593	0	 Animals are made of many cells. They eat things and digest them inside. Most animals can move.	animals are made of many cells they eat things and digest them inside most animals can move
train_1701	39	0	 Each episode of the show would focus on a theme in a specific book and then explore that theme through multiple stories.	each episode of the show would focus on a theme in a specific book and then explore that theme through multiple stories
train_1702	960	0	 However, Star Alliance covers everything except the Eastern South Pacific from Santiago de Chile to Tahiti, which is a LATAM one-world flight.	however star alliance covers everything except the eastern south pacific from santiago de chile to tahiti which is a latam oneworld flight
train_1703	190	1	 The typhoon is estimated to be moving toward China at 11 kph.	the typhoon is estimated to be moving toward china at eleven kph
train_1704	589	1	 Hopefully, most people will realize that their long-term best option is to work together with others.	hopefully most people will realise that their long term best option is to work together with others
train_1705	903	0	 A tornado is a spinning column of very low pressure air which sucks the surrounding air inward and upward.	a tornado is a spinning column of very low-pressure air which sucks the surrounding air inward and upward
train_1706	1224	1	 Generally speaking, there is no point in even looking for discounts for business or first class seats on direct flights from A to B.	generally speaking there is no point in even looking for discounts for business or first-class seats on direct flights from a to b
train_1707	687	1	 Anyone interested in seeing evidence of the damage to the mummy done during attempts to remove it from the coffin will be disappointed as only the head and shoulders are visible.	anyone interested in seeing evidence of the damage to the mummy done during attempts to remove it from the coffin will be disappointed as only the head and shoulders are visible
train_1708	785	1	 Many exotic animals are hard to find and parks sometimes have rules about taking photographs for commercial purposes.	many exotic animals are hard to find and parks sometimes have rules about taking photographs for commercial purposes
train_1709	408	1	 Interestingly, he was not considered to be very important in ancient times and was not recorded on most ancient king lists.	interestingly he was not considered to be very important in ancient times and was not recorded on most ancient king lists
train_1710	225	1	 The judge told Blake it was almost inevitable he was going to be sent to jail.	the judge told blake it was almost inevitable he was going to be sent to jail
train_1711	180	1	 The report showed test scores had increased implausibly fast and alleged the school internally detected problems but didn't act on the findings.	the report showed test scores had increased implausibly fast and alleged the school internally detected problems but didn't act on the findings
train_1712	1131	0	 The earthquake struck Mariana at 7.19 a.m. local time, 9.19 p.m. GMT Friday.	the eathquake struck mariana at 07:19 a.m. local time 09:19 p.m. gmt friday
train_1713	539	1	 Tourists may visit different landmarks of a particular country or they may simply opt to focus on just one area.	tourists may visit different landmarks of a particular country or they may simply opt to focus on just one area
train_1714	326	1	 Scientists at the National Hurricane Center predict that Danielle will strengthen to a hurricane by Wednesday.	scientists at the national hurricane center predict that danielle will strengthen to a hurricane by wednesday
train_1715	1165	0	 Historians have criticized past FBI policies for focusing resources on cases which are easy to solve, especially stolen car cases, with the intent of boosting the agency's success rate.	historians have criticized past fbi policies for focusing resources on cases which are easy to solve especially stolen car cases with the intent of boosting the agency's success rate
train_1716	1487	0	 Earlier this week, a police helicopter crashed killed three people and wounded three more.	earlier this week a police helicopter crash killed three people and wounded three more
train_1717	63	1	 Brazil is the largest Roman Catholic country on earth, and the Roman Catholic Church has consistently opposed the legalization of same-sex marriage in the country.	brazil is the largest roman catholic country on earth and the roman catholic church has consistently opposed the legalization of same-sex marriage in the country
train_1718	1060	0	 The first known transportation was walking. Humans began walking upright 2 million years ago with the emergence of Homo erectus, meaning upright man.	the first known transportation was walking humans began walking upright two million years ago with the emergence of homo erectus meaning upright man
train_1719	317	0	 He has also been accused previously of copyright infringement, but was not charged.	he has also been accused previously of copyright infringement but was not charged
train_1720	319	0	 During the last three decades, despite officially remaining a communist state, China has developed a market economy.	during the last three decades despite officially remaining a communist state china has developed a market economy
train_1721	1441	0	 There are different ways of purifying water. Some are effective against specific threats.	there are different ways of purifying water some more effective against specific threats
train_1722	70	1	 The band canceled the show at Maui's War Memorial Stadium, which was set to be attended by 9,000 people and apologized to fans.	the band canceled the show at maui's war memorial stadium which was set to be attended by 9,000 people and apologized to fans
train_1723	769	1	 Other skiing events will be at the Tenzong Ski Area in Zhanggu about 220 km from Beijing.	other skiing events will be at the taizicheng ski area in zhangjiakou about 220 km 140 miles from beijing
train_1724	69	1	 Tenants at Lockwood Gardens believe that there may be another 40 families or more to face eviction since they learned that OHA police are also investigating other public housing properties in Oakland that may be caught up in the housing scam.	tenants at lockwood gardens believe that there may be another 40 families or more to face eviction since they learned that oha police are also investigating other public housing properties in oakland that may be caught up in the housing scam
train_1725	1255	1	 It's expected that most event tickets will cost between 2,500 yen and 130,000 yen, with typical tickets costing around 7,000 yen.	it's expected that most event tickets will cost between ¥2,500 and ¥130,000 with typical tickets costing around ¥7,000
train_1726	482	1	 Mysticism is the pursuit of communion with, identity with, or conscious awareness of an ultimate reality, divinity, spiritual truth, or God.	mysticism is the pursuit of communion with identity with or conscious awareness of an ultimate reality divinity spiritual truth or god
train_1727	1304	0	 For over a thousand years the Christian religion have bound European states together despite differences in language and customs. Why?	for over a thousand years the christian religion had bound european states together despite differences in language and customs i
train_1728	244	1	 Thanks for those who supported a convict like me. Siri Porn was quoted as saying at a press conference.	thanks for those who supported a convict like me siriporn was quoted as saying at a press conference
train_1729	1339	1	 The truck driver, who was age 64, was not injured in the crash.	the truck driver who is aged 64 was not injured in the crash
train_1730	998	0	 Machu Picchu consists of three main structures namely Intiwatana, the temple of the sun and the room of the three windows.	machu picchu consist of three main structures namely intihuatana the temple of the sun and the room of the three windows
train_1731	1106	1	 Content theories are centered on finding what makes people tick or appeals to them.	content theories are centered on finding what makes people tick or appeals to them
train_1732	1477	1	 It is obvious enough that the world has changed much because of humankind's scientific and technological advancements, and problems have become greater because of overpopulation and mankind's extravagant lifestyle.	it is obvious enough that the world has changed much because of humankind's scientific and technological advancements and problems have become greater because of overpopulation and mankind's extravagant lifestyle
train_1733	1104	1	 Domestic goats were generally kept in herds that wandered on hills or other grazing areas, often tended by goat herds who were frequently children or adolescents, similar to the more widely known shepherd. These methods of herding are still used today.	domestic goats were generally kept in herds that wandered on hills or other grazing areas often tended by goatherds who were frequently children or adolescents similar to the more widely known shepherd these methods of herding are still used today
train_1734	1379	0	 Around 60 cases of malfunctioning iPods overheating have been reported, causing a total of six fires and leaving four people with minor burns.	around 60 cases of malfunctioning ipods overheating have been reported causing a total of six fires and leaving four people with minor burns
train_1735	1331	0	 While project-based learning should make learning easier and more interesting, scaffolding goes a step beyond.	while project based learning should make learning easier and more interesting scaffolding goes a step beyond
train_1736	1011	0	 There are many French wines to be had but the New Zealand and Australian wines might travel better.	there are many french wines to be had but the new zealand and australian wines might travel better
train_1737	527	0	 In an ambush east of Bardia, the British captured the Italian 10th's Army Engineer-in-Chief, General Lastucci.	in an ambush east of bardia the british captured the italian tenth army's engineer-in-chief general lastucci
train_1738	408	0	 Interestingly, he was not considered to be very important in ancient times and was not recorded on most ancient kings list.	interestingly he was not considered to be very important in ancient times and was not recorded on most ancient king lists
train_1739	322	1	 For the first time last year, China exported more cars than Germany and surpassed the United States as the biggest market for this industry.	for the first time last year china exported more cars than germany and surpassed the united states as the biggest market for this industry
train_1740	1042	1	 Other topics covered reportedly include the future state of Jerusalem, which is sacred to both nations, and the Jordan Valley issue.	other topics covered reportedly include the future state of jerusalem which is sacred to both nations and the jordan valley issue
train_1741	682	1	 In the rainy season, November to March, the water volume will be higher and the falls will be more dramatic.	in the rainy season november to march the water volume will be higher and the falls will be more dramatic
train_1742	727	0	 There are a number of restaurants surrounding the garden and in the afternoons and evenings there are free concerts are often given from the central gazebo.	there are a number of restaurants surrounding the garden and in the afternoons and evening there free concerts are often given from the central gazebo
train_1743	1382	0	 On Monday, Sarah Danius, a permanent secretary of the Nobel Committee for Literature at the Swedish Academy, publicly announced during a radio program on Sveriges Radio in Sweden, the committee, unable to reach Bob Dylan directly about winning the 2016 Nobel Prize in Literature, had abandoned its efforts to reach him.	on monday sara danius permanent secretary of the nobel committee for literature at the swedish academy publicly announced during a radio program on sveriges radio in sweden the committee unable to reach bob dylan directly about winning the 2016 nobel prize in literature had abandoned its efforts to reach him
train_1744	81	1	 Mero Chidor then defeated Kabu Chur in the preliminary final.	maroochydore then defeated caboolture in the preliminary final
train_1745	879	1	 A contagious disease is a disease which is easily transmitted by people in the vicinity of an infected person.	a contagious disease is a disease which is easily transmitted by being in the vicinity of an infected person
train_1746	1501	1	 The ministry responded by calling Apple's postponement of the report truly regrettable.	the ministry responded by calling apple's postponement of the report truly regrettable
train_1747	650	0	 Thanks to undersea fiber optic cable links to Europe and broadband, Greenland is well connected with 93% of the population having internet access.	thanks to undersea fiber optic cable links to europe and broadband satellite greenland is well connected with 93% of the population having internet access
train_1748	12	1	 Nadal's head-to-head record against the Canadian is 7-2.	nadal's head to head record against the canadian is 7-2
train_1749	381	1	 Then, a few years later, in 1639, an English astronomer named Jeremiah Horrocks observed a transit of Venus.	then a few years later in 1639 an english astronomer named jeremiah horrocks observed a transit of venus
train_1750	1225	1	 It is helpful to also wear a ring, just not one that looks too expensive.	it is helpful to also wear a ring just not one that looks too expensive
train_1751	84	0	 Its second claw was larger, giving rise to the name Hespernoculus, which means Western Claw.	its second claw was larger giving rise to the name hesperonychus which means western claw
train_1752	777	0	 These events normally last anywhere between 3 and 6 months and are held on sites no smaller than 50 hectares.	these events normally last anywhere between three and six months and are held on sites no smaller than 50 hectares
train_1753	50	0	 The New Zealand police had trouble using their speed radar guns to see how fast Mr. Reid was going because of how low Black Beauty is, and the only time the police managed to clock Mr. Reid was when he slowed down to 160 km per hour.	the new zealand police had trouble using their speed radar guns to see how fast mr reid was going because of how low black beauty is and the only time the police managed to clock mr reid was when he slowed down to 160km/h
train_1754	579	1	 Cells are so basic and critical to the study of life, in fact, they are often referred to as the building blocks of life.	cells are so basic and critical to the study of life in fact that they are often referred to as the building blocks of life
train_1755	298	1	 The proposed amendment already passed both houses in 2011.	the proposed amendment already passed both houses in 2011
train_1756	575	1	 The colony begins a nomadic phase when available food is decreased. During this phase, the colony makes temporary nests that are changing every day.	the colony begins a nomadic phase when available food has decreased during this phase the colony makes temporary nests that are changed everyday
train_1757	1235	1	 We now have four-month-old mice that are non-diabetic that used to be diabetic, he added.	"""we now have 4-month-old mice that are non-diabetic that used to be diabetic, he added"
train_1758	599	1	 Robert Hooke, a biologist from England, saw small squares in cork with a microscope.	robert hooke a biologist from england saw small squares in cork with a microscope
train_1759	938	1	 In some federal countries, such as the United States and Canada, income tax is levied both at the federal level and the local level, so the rates and brackets can vary from region to region.	in some federal countries such as the united states and canada income tax is levied both at the federal level and at the local level so the rates and brackets can vary from region to region
train_1760	1053	0	 When returning home after living abroad, you've adapted to the new culture and lost some of your habits from your home culture.	when returning home after living abroad you've adapted to the new culture and lost some of your habits from your home culture
train_1761	159	0	 7 points behind, Johnson is 2nd with 2,243.	seven points behind johnson is second with 2,243
train_1762	106	1	 In its most recent monthly report, OPEC said exports of crude had fallen to their lowest levels for two decades at 2.8 million barrels per day.	in its most recent monthly report opec said exports of crude had fallen to their lowest level for two decades at 2.8 million barrels per day
train_1763	1283	0	 This provides us with a lot of information and material to build simulation models which help us understand processes in our mind.	this provides us with a lot of information and material to build simulation models which help us to understand processes in our mind
train_1764	946	0	 Vikings used the Russian waterways to get to the Black Sea and Caspian Sea. Parts of these routes can still be used. Check possible need for special permits, which may be difficult to get.	vikings used the russian waterways to get to the black sea and caspian sea parts of these routes can still be used check possible need for special permits which may be difficult to get
train_1765	331	1	 No one else has ever made more appearances or scored more goals for the club than Bobek.	no one else has ever made more appearances or scored more goals for the club than bobek
train_1766	434	1	 Present-day parts of Belgium were part of Luxembourg in the past, but became Belgium after the 1830s Belgian Revolution.	present-day parts of belgium were part of luxembourg in the past but became belgian after the 1830s belgian revolution
train_1767	608	1	 We experience time as a series of events passing from the future through the present to the past.	we experience time as a series of events passing from the future through the present to the past
train_1768	165	1	 It is assigned to the US Navy's 7th Fleet and based in Sasebo, Nagasaki in Japan.	it is assigned to the u.s. navy's seventh fleet and based in sasebo nagasaki in japan
train_1769	86	0	 Pittman suggested that conditions wouldn't improve until sometime next week.	pittman suggested that conditions wouldn't improve until sometime next week
train_1770	508	1	 It can be customized to make it easy to read and also with as much or little color as desired.	it can be customized to make it easy to read and also with as much or little color as desired
train_1771	456	0	 This is becoming less of an issue as lens manufacturers achieve higher standards in lens production.	this is becoming less of an issue as lens manufacturers achieve higher standards in lens production
train_1772	277	1	 Stearns is investigating whether taxes are used to fund abortions through Planned Parenthood in his role as chairman of the Oversight and Investigations Subcommittee, which is under the umbrella of the House Energy and Commerce Committee.	stearns is investigating whether taxes are used to fund abortions through planned parenthood in his role as chairman of the oversight and investigations subcommittee which is under the umbrella of the house energy and commerce committee
train_1773	1440	0	 Mutation adds new genetic variation and selection removes it from the pool of expressed variation.	mutation adds new genetic variation and selection removes it from the pool of expressed variation
train_1774	590	1	 Many people dream of the day when humans can travel to another star and explore other worlds. Some people wonder what's out there. Some believe that aliens or other life may live on another planet.	many people dream of the day when humans can travel to another star and explore other worlds some people wonder what's out there some belive that aliens or other life may live on another plant
train_1775	305	0	 In the 1960s, he headed back to newly independent Algeria to teach film directing.	in the 1960s he headed back to newly-independent algeria to teach film directing
train_1776	1232	1	 Bipedal specializations are found in Australopithecus fossils from 4.2 to 3.9 million years ago, although Sahelanthropus may have walked on two legs as early as 7 million years ago.	bipedal specializations are found in australopithecus fossils from 4.2-3.9 million years ago although sahelanthropus may have walked on two legs as early as seven million years ago
train_1777	252	0	 The death toll is at least 15, a figure which is expected to rise.	the death toll is at least 15 a figure which is expected to rise
train_1778	345	1	 Already reporting in English and Japanese, the global organization is launching Spanish, Italian, and Korean language programs for television, the web, and mobile devices.	already reporting in english and japanese the global organization is launching spanish italian and korean-language programs for television the web and mobile devices
train_1779	1163	0	 Out on the savannah, it is hard for primate with a digestive system like that of humans to satisfy its amino acid requirements from available plant resources.	out on the savanna it is hard for a primate with a digestive system like that of humans to satisfy its amino-acid requirements from available plant resources
train_1780	1424	1	 Check the label for specific first aid instructions for that specific poison.	check the label for specific first aid instructions for that specific poison
train_1781	21	1	 His sigh implied during the election that Ma might flee the country during a time of crisis.	hsieh implied during the election that ma might flee the country during a time of crisis
train_1782	324	1	 Tropical Storm Daniel, fourth named storm of the 2010 Atlantic hurricane season, has formed in the eastern Atlantic Ocean.	tropical storm danielle fourth named storm of the 2010 atlantic hurricane season has formed in the eastern atlantic ocean
train_1783	540	0	 The column is seen this activity has also called for reinforcements.	the colonists seeing this activity had also called for reinforcements
train_1784	1285	1	 However, people who know a little Spanish may hastily conclude that Portuguese is close enough that it need not be studied separately.	however people who know a little spanish may hastily conclude that portuguese is close enough that it need not be studied separately
train_1785	743	0	 Though smaller, it reminds some early visitors of Hawaii before statehood without all the large tourist hotels and other developments.	though smaller it reminds some elderly visitors of hawaii before statehood without all the large tourist hotels and other development
train_1786	255	0	 He received the Hero of the Soviet Union, the Soviet Union's highest honor for his work.	he received the hero of the soviet union the soviet union's highest honor for his work
train_1787	283	1	 Protests also took place in Paris, Sofia in Bulgaria, Vilnius in Lithuania, Valetta in Malta, Tallinn in Estonia, and Edinburgh and Glasgow in Scotland.	protests also took place in paris sofia in bulgaria vilnius in lithuania valetta in malta tallinn in estonia and edinburgh and glasgow in scotland
train_1788	1296	0	 The Oipoc River Bridge is a cable-stayed bridge. It spans the Oipoc River to link the cities of Oipoc in Brazil and St. Georges de l'Oipoc in French Guiana.	the oyapock river bridge is a cable-stayed bridge it spans the oyapock river to link the cities of oiapoque in brazil and saint-georges de l'oyapock in french guiana
train_1789	1009	1	 The only way to get it through faster was to send it as check luggage. Airline regulations will not allow them to send luggage without a passenger which is where you come in.	the only way to get it through faster was to send it as checked luggage airline regulations will not allow them to send luggage without a passenger which is where you come in
train_1790	38	1	 The PBS show has more than two dozen Emmy Awards, and its run is shorter only than Sesame Street and Mr. Rogers' Neighborhood.	the pbs show has more than two-dozen emmy awards and its run is shorter only than sesame street and mister rogers' neighborhood
train_1791	859	0	 This includes waiting in line as drag-sneezing dogs could be used at any time without notice.	this includes waiting in line as drug-sniffing dogs could be used at any time without notice
train_1792	1481	0	 A walking safari, also called a bushwalk, hiking safari, or going footing, consists of hiking either for a few hours or several days.	a walking safari also called a bush walk hiking safari or going footing consists of hiking either for a few hours or several days
train_1793	574	1	 In the nomadic phase, army ants march at night and stop to camp during the day.	in the nomadic phase army ants march at night and stop to camp during the day
train_1794	854	1	 Metro Rail has two classes on commuter trains and in around Cape Town. Metro Plus, also called First Class, and Metro called Third Class.	metrorail has two classes on commuter trains in and around cape town: metroplus also called first class and metro called third class
train_1795	131	0	 Today's announcement also extended the government's commitment made in March of this year to fund extra carriages.	today's announcement also extended the government's commitment made in march of this year to fund extra carriages
train_1796	645	0	 The postmodern approach to learning offers the freedom from absolutes. There is no one good way to learn.	the postmodern approach to learning offers the freedom from absolutes there is no one good way to learn
train_1797	963	1	 With Armenian backing, a new republic was created. However, no established nation, not even Armenia, officially recognizes it.	with armenian backing a new republic was created however no established nation not even armenia officially recognizes it
train_1798	1010	1	 Bachmann, who won the Ames Straw Poll in August, decided to end her campaign.	bachmann who won the ames straw poll in august decided to end her campaign
train_1799	779	1	 It can usually be replenished fairly easily if you run out and give resolution roughly comparable to a current DSLR.	it can usually be replenished fairly easily if you run out and gives resolution roughly comparable to a current dslr
train_1800	1499	1	 Caretaker, Prime Minister Julia Guyard, claimed during the campaign of the 2010 federal election that she believed Australia should become a republic at the end of Queen Elizabeth II's reign.	caretaker prime minister julia gillard claimed during the campaign of the 2010 federal election that she believed australia should become a republic at the end of queen elizabeth ii's reign
train_1801	477	1	 The Greek historian Strabo later noted the name, which is how we know today. The temple was destroyed on the same night that Alexander the Great was born.	the greek historian strabo later noted the name which is how we know today the temple was destroyed on the same night that alexander the great was born
train_1802	588	0	 Greed and selfishness will always be with us, and it is the nature of cooperation that when the majority benefit, there will always be more to gain in the short term by acting selfishly.	greed and selfishness will always be with us and it is the nature of cooperation that when the majority benefit there will always be more to gain in the short term by acting selfishly
train_1803	780	1	 Some medium format film cameras use a 6x6 cm format, more precisely a 5.6x5.6 mm negative.	some medium-format film cameras use a 6 by 6 cm format more precisely a 56 by 56 mm negative
train_1804	48	0	 Johnny Reid, co-driver of the A1GP New Zealand team today made history by driving the fastest over the 48-year-old at Glenharbour Bridge, New Zealand legally.	jonny reid co-driver for the a1gp new zealand team today made history by driving the fastest over the 48-year-old auckland harbour bridge new zealand legally
train_1805	814	0	 For a day hike along an easy trail little preparations are needed and any moderately fit person can enjoy them.	for a day hike along an easy trail little preparations are needed and any moderately fit person can enjoy them
train_1806	1491	0	 Pochu received treatment to his shoulder at this point but managed to return to the game.	potro received treatment to his shoulder at this point but managed to return to the game
train_1807	114	1	 Australia's former conservative government refused to ratify Kyoto, saying it would damage the economy with its heavy reliance on coal exports, while countries like India and China were not bound by emissions targets.	australia's former conservative government refused to ratify kyoto saying it would damage the economy with its heavy reliance on coal exports while countries like india and china were not bound by emissions targets
train_1808	842	0	 Beware, small town bus here are not always good places for the out of state visitors to hang out.	beware small-town bars here are not always good places for the out-of-state visitor to hang out
train_1809	1494	1	 Pre-operative transgender people should not expect to pass through the scanners with their privacy and dignity intact.	pre-operative transgender people should not expect to pass through the scanners with their privacy and dignity intact
train_1810	379	1	 About 3,000 years later in 1610, Italian astronomer Galileo Galilei used a telescope to observe that Venus has phases, just as the moon does.	about three thousand years later in 1610 italian astronomer galileo galilei used a telescope to observe that venus has phases just as the moon does
train_1811	666	0	 The typical visit involves flying into Orlando International Airport, busing to an on-site Disney hotel, spending about a week without leaving Disney property, and returning home.	the typical visit involves flying into orlando international airport busing to an on-site disney hotel spending about a week without leaving disney property and returning home
train_1812	119	1	 The game publisher Konami stated today in a Japanese newspaper that they will not be releasing the game six days in Fallujah.	the game publisher konami stated today in a japanese newspaper that they will not be releasing the game six days in fallujah
train_1813	1147	1	 The idea of skiing is very old. Cave paintings depicted skiers date back as far as 5000 BC.	the idea of skiing is very old cave paintings depicting skiers date back as far as 5000 bc
train_1814	78	1	 He also confirmed that he believed in the implied right to privacy, which the Roe decision depended upon.	he also confirmed that he believed in the implied right to privacy which the roe decision depended upon
train_1815	7	1	 Since moving to the Catalan capital, Vidal has played 49 games for the club.	since moving to the catalan-capital vidal had played 49 games for the club
train_1816	1288	1	 Books and magazines dealing with wilderness survival are common, but publications dealing with war zones are few.	books and magazines dealing with wilderness survival are common but publications dealing with war zones are few
train_1817	1031	1	 Due to the cluster-slash-group of islands Japan has, Japan is often referred to on a geographical stance as an archipelago.	due to the cluster/group of islands japan has japan is often referred to on a geographical stance as an archipelago
train_1818	706	1	 It seems actually to be more a way of tricking people into believing they have to pay more.	it seems actually to be more a way of tricking people into believing they have to pay more
train_1819	779	1	 It can usually be replenished fairly easily if you run out, and gives resolution roughly comparable to a current DSLR.	it can usually be replenished fairly easily if you run out and gives resolution roughly comparable to a current dslr
train_1820	464	1	 Unfortunately, when you make a DVD, its borders will most likely be cut too, and if the video had subtitles too close to the bottom, they won't be fully shown.	unfortunately when you make a dvd it's borders will most likely be cut too and if the video had subtitles too close to the bottom they won't be fully shown
train_1821	1078	1	 The outbreak has promoted the Indian government to undertake such measures as deployment of pig catchers in seriously affected areas, distributing thousands of mosquito curtains and spraying pesticides.	the outbreak has prompted the indian government to undertake such measures as deployment of pig catchers in seriously affected areas distributing thousands of mosquito curtains and spraying pesticides
train_1822	1442	0	 Subcultures can be distinctive based because of the age, ethnicity, class, location, and or gender of the members.	subcultures can be distinctive because of the age ethnicity class location and/or gender of the members
train_1823	1486	1	 He has speculated to make a run for president in 2016.	he is speculated to make a run for president in 2016
train_1824	654	0	 The native inhabitants of Greenland call themselves Inuit in Canada and Kalalik, plural, Kalalit, a Greenlander, in Greenland.	the native inhabitants of greenland call themselves inuit in canada and kalaalleq plural kalaallit a greenlander in greenland
train_1825	1175	1	 Italy's national football, along with German national football team, is the second most successful team in the world and were the FIFA World Cup champions in 2006.	italy's national football along with german national football team is the second most successful team in the world and were the fifa world cup champions in 2006
train_1826	558	0	 It's a very complex entity when consists, according to a simplified ball model, of a central nucleus orbited by electrons somewhat similar to planets orbiting the Sun. See Figure 1.1.	its a very complex entity which consists according to a simplified bohr model of a central nucleus orbited by electrons somewhat similar to planets orbiting the sun see figure 1.1
train_1827	211	1	 When the official arrived, the apartment exploded.	when the official arrived the apartment exploded
train_1828	1215	0	 Dr. Edward Orr, professor of medicine at the Halsey University in Alfrac's Nova Scotia and chair of the clinical and scientific division of the Canadian Diabetes Association, cautioned that the research is still in its early days.	dr ehud ur professor of medicine at dalhousie university in halifax nova scotia and chair of the clinical and scientific division of the canadian diabetes association cautioned that the research is still in its early days
train_1829	339	0	 While on his warm-up lap, Lenz fell off his bike and was then struck by fellow racer Xavier Zayat.	while on his warm-up lap lenz fell off his bike and was then struck by fellow racer xavier zayat
train_1830	122	1	 The Broadcasting Services Act provides for the regulation of Internet content. However, to be considered Internet content, it must physically reside on a server.	the broadcasting services act provides for the regulation of internet content however to be considered internet content it must physically reside on a server
train_1831	437	0	 The Drag Girl Zone is a ruined fortress and Buddhist monastery in the upper part of the Padre district in Fonde village.	the drukgyal dzong is a ruined fortress and buddhist monastery in the upper part of the paro district in phondey village
train_1832	468	1	 Typical for the period, Kirby Muxlow Castle is more of a fortified house than a true castle.	typical for the period kirby muxloe castle is more of a fortified house than a true castle
train_1833	585	1	 Humans have been making and using lenses for magnification for thousands and thousands of years.	humans have been making and using lenses for magnification for thousands and thousands of years
train_1834	1213	1	 Even traditionally though, not all Sami have been involved in big scale reindeer husbandry, but live from fishing, hunting, and similar, having reindeer mostly as draft animals.	even traditionally though not all sámi have been involved in big scale reindeer husbandry but lived from fishing hunting and similar having reindeer mostly as draft animals
train_1835	1155	0	 Examples include control, planning and scheduling, the ability to answer customer diagnosis and questions, as well as handwriting recognition, voice and face.	examples include control planning and scheduling the ability to answer customer diagnoses and questions as well as handwriting recognition voice and face
train_1836	726	1	 It now functions as the central plaza and always has a lot of things going on day and night.	it now functions as the central plaza and always has a lot of things going on day and night
train_1837	320	1	 The first economic reforms were made under the leadership of Deng Xiaoping.	the first economic reforms were made under the leadership of deng xiaoping
train_1838	447	1	 Early in the nation's independence, Singapore Botanic Gardens expertise helped to transform the island into a tropical garden city.	early in the nation's independence singapore botanic gardens' expertise helped to transform the island into a tropical garden city
train_1839	1207	0	 Scaffolds can be both virtual and real. In other words, a teacher is a form of scaffold, but so is the little paperclip man in Microsoft Office.	scaffolds can be both virtual and real in other words a teacher is a form of scaffold but so is the little paperclip man in microsoft office
train_1840	1420	0	 In late 2017, Siminov appeared on shopping television channel QVC.	in late 2017 siminoff appeared on shopping television channel qvc
train_1841	1342	1	 They are cooler than the surrounding surface in the day and warmer at night.	they are cooler than the surrounding surface in the day and warmer at night
train_1842	495	1	 The militaristic nature of the Roman Empire aided in the development of medical advances.	the militaristic nature of the roman empire aided in the development of medical advances
train_1843	534	1	 The game is played on grass, and the grass around the hole is mown shorter and called the green.	the game is played on grass and the grass around the hole is mown shorter and called the green
train_1844	1095	1	 They were compelled to pay taxes to the US colonial regime to defray a major part of the expenditures and the interest on bonds floated in the name of the Philippine government through the Wall Street banking houses.	they were compelled to pay taxes to the u.s. colonial regime to defray a major part of the expenditures and the interest on bonds floated in the name of the philippine government through the wall street banking houses
train_1845	659	0	 During the summer also watch out for the Nordic mosquitoes although they do not transmit any diseases they can be irritating	during the summer also watch out for the nordic mosquitoes although they do not transmit any diseases they can be irritating
train_1846	199	0	 Apart from the fever and a sore throat, I feel well and in good shape to carry out my work by telecommuting.	apart from the fever and a sore throat i feel well and in good shape to carry out my work by telecommuting
train_1847	677	0	 Keep in mind while planning that although South Africa is stable not all neighboring countries are.	keep in mind while planning that although southern africa is stable not all neighboring countries are
train_1848	65	0	 The original bill was drafted by former mayor of Sao Paulo, Marta Suplicy. The proposed legislation, after being amended, is now in the hands of Roberto Jefferson.	the original bill was drafted by former mayor of são paulo marta suplicy. the proposed legislation after being amended is now in the hands of roberto jefferson
train_1849	935	1	 Check with the institution as well as the immigration department for the country you wish to study in for detailed requirements.	check with the institution as well as the immigration department for the country you wish to study in for detailed requirements
train_1850	671	0	 Permits are limited to protect the canyon and become available on the first day of the month four months prior to the start month	permits are limited to protect the canyon and become available on the 1st day of the month four months prior to the start month
train_1851	189	1	 As of the night of August 9th, the eye of Morakot was about 70 kilometers away from the Chinese province of Fujian.	as of the night of august 9 the eye of morakot was about seventy kilometres away from the chinese province of fujian
train_1852	839	1	 Architecture overlaps considerably with other fields including urban planning, civil engineering, decorative arts, interior design, and landscape design.	architecture overlaps considerably with other fields including urban planning civil engineering decorative arts interior design and landscape design
train_1853	1468	1	 She is in custody pending indictment and trial, but any eyewitness evidence may be tainted because her image has been widely published.	she is in custody pending indictment and trial but any eyewitness evidence may be tainted because her image has been widely published
train_1854	331	1	 No one else has ever made more appearances or scored more goals for the club than Bobeck.	no one else has ever made more appearances or scored more goals for the club than bobek
train_1855	940	1	 Make sure you know what you can and cannot bring in and declare anything over the legal limits.	make sure you know what you can and cannot bring in and declare anything over the legal limits
train_1856	725	1	 Jardin de la Union. This space was built as the atrium for a 17th century convent of which the Templo de San Diego is the sole surviving building.	jardín de la unión. this space was built as the atrium for a 17th-century convent of which the templo de san diego is the sole surviving building
train_1857	100	0	 A power failure following a routine fire command system test caused relief valves to open and crude oil overflowed near the Fort Geely Pump Station 9.	a power failure following a routine fire-command system test caused relief valves to open and crude oil overflowed near the fort greely pump station 9
train_1858	1219	1	 For a comparison of population that surprises many, there are more African Americans living in the U.S. than there are Canadian citizens.	for a comparison of population that surprises many there are more african americans living in the us than there are canadian citizens
train_1859	719	0	 Although Chile declared independence in 1810 amid the Napoleonic Wars that left Spain without a functioning central government for a couple of years, decisive victory over the Spanish was not achieved until 1818.	although chile declared independence in 1810 amid the napoleonic wars that left spain without a functioning central government for a couple of years decisive victory over the spanish was not achieved until 1818
train_1860	995	1	 Only a few airlines still offer bereavement fares, which slightly discount the cost of last-minute funeral travel.	only a few airlines still offer bereavement fares which slightly discount the cost of last-minute funeral travel
train_1861	471	1	 The balance of power was a system in which European nations sought to maintain the national sovereignty of all European states.	the balance of power was a system in which european nations sought to maintain the national sovereignty of all european states
train_1862	656	0	 Cold weather is perhaps the only real danger the unprepared will face.	cold weather is perhaps the only real danger the unprepared will face
train_1863	275	0	 Leslie On, a spokesperson for the Common Foundation, said the organization adopted a new rule that does not allow grants or funding to be awarded to organizations that are under legal investigation.	leslie aun a spokesperson for the komen foundation said the organization adopted a new rule that does not allow grants or funding to be awarded to organizations that are under legal investigation
train_1864	969	1	 Over the centuries, people have carefully built terraces on the rugged, steep landscape right up to the cliffs that overlook the sea.	over the centuries people have carefully built terraces on the rugged steep landscape right up to the cliffs that overlook the sea
train_1865	1395	1	 Your local telephone service provider should be able to give more information about connecting to the service.	your local telephone service provider should be able to give more information about connecting to this service
train_1866	240	0	 The issue started on January 1st, when dozens of local residents started complaining to the Obanazawa Post Office that they hadn't received their traditional and regular New Year's cards.	the issue started on january 1st when dozens of local residents started complaining to the obanazawa post office that they hadn't received their traditional and regular new year cards
train_1867	1366	0	 Smallest tournaments or matches can also be seen here at other times of the year.	smaller tournaments and matches can also be seen here at other times of the year
train_1868	34	1	 PK Jr. was sacked after the 2009 Hungarian Grand Prix.	piquet jr was sacked after the 2009 hungarian grand prix
train_1869	1143	0	 This is common practice elsewhere in the UK, but Scottish justice works differently, and courts have viewed publication of photos as potentially prejudicial.	this is common practice elsewhere in the uk but scottish justice works differently and courts have viewed publication of photos as potentially prejudicial
train_1870	517	0	 Unlike other primates, hominids no longer use their hands in locomotion or bearing weight or swinging through the trees.	unlike other primates hominids no longer use their hands in locomotion or bearing weight or swinging through the trees
train_1871	560	0	 Protons have a positive electric charge while neutrons have no charge. The electrons have a negative electric charge.	protons have a positive electric charge while neutrons have no charge the electrons have a negative electric charge
train_1872	906	1	 Personal VPN, Virtual Private Network, providers are an excellent way of circumventing both political censorship and commercial IP geo-filtering.	personal vpn virtual private network providers are an excellent way of circumventing both political censorship and commercial ip-geofiltering
train_1873	1415	1	 Gothic style peaked in the period between the 10th to 11th centuries and the 14th century.	gothic style peaked in the period between the 10th - 11th centuries and the 14th century
train_1874	1138	1	 Earlier the Chinese news agency Xinhua reported a plane to be hijacked.	earlier the chinese news agency xinhua reported a plane to be hijacked
train_1875	1226	1	 The Madhya Pradesh Police recovered the stolen laptop and mobile phone.	the madhya pradesh police recovered the stolen laptop and mobile phone
train_1876	83	1	 This fully feathered, warm-blooded bird of prey was believed to have walked upright on two legs with claws like the Velociraptor.	this fully feathered warm blooded bird of prey was believed to have walked upright on two legs with claws like the velociraptor
train_1877	993	0	 The tourist season for the hill stations generally peaks during the Indian summer.	the tourist season for the hill stations generally peaks during the indian summer
train_1878	1428	0	 Downhill skiing as a sport goes back to at least the 17th century and in 1861 the first recreational ski club was opened by Norwegians in Australia	downhill skiing as a sport goes back to at least the 17th century and in 1861 the first recreational ski club was opened by norwegians in australia
train_1879	650	0	 Thanks to undersea fiber optic cable links to Europe and broadband satellite, Greenland is well connected with 93% of the population having internet access.	thanks to undersea fiber optic cable links to europe and broadband satellite greenland is well connected with 93% of the population having internet access
train_1880	1339	1	 The truck driver, who is aged 64, was not injured in the crash.	the truck driver who is aged 64 was not injured in the crash
train_1881	1238	1	 Tamaki Drive beaches are on the Wailamata Harbor in the upmarket suburbs of Mission Bay and St. Elias in central Auckland.	tamaki drive beaches are on the waitemata harbour in the upmarket suburbs of mission bay and st heliers in central auckland
train_1882	1242	0	 Shooters in the supplementary pest control trial were to be closely supervised by rangers as the trial was monitored and its effectiveness evaluated.	shooters in the supplementary pest control trial were to be closely supervised by rangers as the trial was monitored and its effectiveness evaluated
train_1883	553	1	 Maintaining a healthy energy balance, practicing effective hydration habits, and understanding the various aspects of supplementation practices can help athletes improve their performance and increase their enjoyment of the sport.	maintaining a healthy energy balance practicing effective hydration habits and understanding the various aspects of supplementation practices can help athletes improve their performance and increase their enjoyment of the sport
train_1884	455	0	 The disadvantage of zoom lenses is that the focal complexity and number of lens elements required to achieve a range of focal lengths is much greater than for prime lenses.	the disadvantage of zoom lenses is that the focal complexity and number of lens elements required to achieve a range of focal lengths is much greater than for prime lenses
train_1885	997	1	 In all cases, you must book by phone directly with the airline.	in all cases you must book by phone directly with the airline
train_1886	1041	1	 Like some other experts, he is skeptical about whether diabetes can be cured, noting that these findings have no relevance to people who already have type 1 diabetes.	like some other experts he is skeptical about whether diabetes can be cured noting that these findings have no relevance to people who already have type 1 diabetes
train_1887	713	0	 Over 60 cruise ships ply the Galapagos waters ranging in size from 8 to 100 passengers.	over 60 cruise ships ply the galapagos waters ranging in size from 8 to 100 passengers
train_1888	959	1	 No airline alliance covers all three ocean crossings in the southern hemisphere, and SkyTeam covers none of the crosses.	no airline alliance covers all three ocean crossings in the southern hemisphere and skyteam covers none of the crossings
train_1889	87	1	 The amount and thickness of the pack ice according to Pittman is the worst it has been for sealers in the past 15 years.	the amount and thickness of the pack ice according to pittman is the worst it has been for sealers in the past 15 years
train_1890	1325	1	 We call this process speciation, which just means the formation of new species. Speciation is an unavoidable consequence and a very important part of evolution.	we call this process speciation which just means the formation of new species speciation is an unavoidable consequence and a very important part of evolution
train_1891	233	1	 His name is still unknown to authorities, although they do know he is a member of the Hygge ethnic group.	his name is still unknown to authorities although they do know he is a member of the uighur ethnic group
train_1892	16	0	 Panama Papers is an umbrella term for roughly 10 million documents from Panamanian law firm Mossack Fonseca leaked to the press in spring 2016.	panama papers is an umbrella term for roughly ten million documents from panamanian law firm mossack fonseca leaked to the press in spring 2016
train_1893	1	0	 On Monday, scientists from the Stanford University School of Medicine announced the invention of a new diagnostic tool that can sort cells by type. A tiny printable chip that can be manufactured using standard inkjet printers for possibly about $0.01 each.	on monday scientists from the stanford university school of medicine announced the invention of a new diagnostic tool that can sort cells by type a tiny printable chip that can be manufactured using standard inkjet printers for possibly about one u.s. cent each
train_1894	822	1	 Travel agencies have been around since the 19th century. A travel agent is usually a good option for a journey which extends beyond the traveler's previous experience of nature, culture, language, or low-income countries.	travel agencies have been around since the 19th century a travel agent is usually a good option for a journey which extends beyond a traveller's previous experience of nature culture language or low-income countries
train_1895	1099	1	 Around three minutes into the launch, an onboard camera showed numerous pieces of insulation foam break away from the fuel tank.	around 3 minutes into the launch an on-board camera showed numerous pieces of insulation foam break away from the fuel tank
train_1896	557	1	 The atom can be considered to be one of the fundamental building blocks of all matter.	the atom can be considered to be one of the fundamental building blocks of all matter
train_1897	839	1	 Architecture overlaps considerably with other fields including urban planning, civil engineering, decorative arts, interior design, and landscape design.	architecture overlaps considerably with other fields including urban planning civil engineering decorative arts interior design and landscape design
train_1898	664	0	 San Francisco is also one of the best places in the nation for other Asian cuisine Korean, Thai, Indian, and Japanese	san francisco is also one of the best places in the nation for other asian cuisine korean thai indian and japanese
train_1899	309	1	 As well as a former Olympic and World Champion, Saito was the All Japan Judo Federation Training Committee Chairman at the time of his death.	as well as a former olympic and world champion saito was the all japan judo federation training committee chairman at the time of his death
train_1900	1000	1	 Police said they suspect an alleged Daesh militant of responsibility for the attack.	police said they suspect an alleged daesh isil militant of responsibility for the attack
train_1901	627	0	 The most important factor of this mindset is there is only one correct answer. You only think of two answers, namely right or wrong.	the most important factor of this mindset is there is only one correct answer you only think of two answers namely right or wrong
train_1902	376	1	 The sun doesn't have a crust like the earth that you can stand on. The whole sun is made out of gases, fire and plasma.	the sun doesn't have a crust like the earth that you can stand on the whole sun is made out of gases fire and plasma
train_1903	1497	1	 British pounds will generally be accepted anywhere in the islands and within Stanley credit cards and United States dollars are often accepted.	british pounds will generally be accepted anywhere in the islands and within stanley credit cards and united states dollars are also often accepted
train_1904	55	1	 Peter Costello, Australian Treasurer and the man most likely to succeed Prime Minister John Howard as Liberty Party leader, has thrown his support behind a nuclear power industry in Australia.	peter costello australian treasurer and the man most likely to succeed prime minister john howard as liberal party leader has thrown his support behind a nuclear power industry in australia
train_1905	812	1	 Hiking is an outdoor activity which consists of walking in natural environments, often on hiking trails.	hiking is an outdoor activity which consists of walking in natural environments often on hiking trails
train_1906	806	0	 Consider getting an eye exam at home especially if insurance covers it and bringing the prescription along to be filled elsewhere.	consider getting an eye exam at home especially if insurance covers it and bringing the prescription along to be filed elsewhere
train_1907	148	1	 The number of users of the Yahoo and Microsoft services combined will rival the number of AOL's customers.	the number of users of the yahoo and microsoft services combined will rival the number of aol's customers
train_1908	647	1	 Our current experience with all the do-it-yourself and information presenting learning-based television shows, illustrates this point.	our current experience with all the do-it-yourself and information presenting learning-based television shows illustrates this point
train_1909	206	0	 About 10 minutes before it was due to land from its second approach, it disappeared.	about ten minutes before it was due to land from its second approach it disapeared
train_1910	161	0	 Stewart, Gordon, Kenseth, and Harvick round out the top ten positions for the Drivers' Championship with four races remaining in the season.	stewart gordon kenseth and harvick round out the top-ten positions for the drivers' championship with four races remaining in the season
train_1911	498	0	 They became proficient at amputation to save patients from gangrene as well as tourniquets and arterial clamps to stem blood flow.	they became proficient at amputation to save patients from gangrene as well as tourniquets and arterial clamps to stem blood flow
train_1912	68	0	 When the tenants started sharing what had occurred to them, most of the families involved suddenly realized that Caroline Wilson of the OHA had stolen their security deposit and skipped out of town.	when the tenants started sharing what had occurred to them most of the families involved suddenly realized that carolyn wilson of the oha had stolen their security deposits and skipped out of town
train_1913	33	1	 As the carts ahead of Alonzo went in for the fuel under the safety car, he moved up to the pack to take victory.	as the cars ahead of alonso went in for fuel under the safety car he moved up the pack to take victory
train_1914	885	1	 Taxes are not generally used by families in Charlotte, though they can be of some use in certain circumstances.	taxis are not generally used by families in charlotte though they can be of some use in certain circumstances
train_1915	1309	1	 They included the Netherlands with Anna Johansson finishing 9th in the women's standing class in the Super G yesterday and Finland with Kanja Sareen finishing 10th in the same event.	they include the netherlands with anna jochemsen finishing ninth in the women's standing class in the super-g yesterday and finland with katja saarinen finishing tenth in the same event
train_1916	611	1	 Computers today are used to manipulate pictures and video.	computers today are used to manipulate pictures and videos
train_1917	1175	0	 Italy's national football, along with the German national football team, is the second most successful team in the world and were the FIFA World Cup champions in 2006.	italy's national football along with german national football team is the second most successful team in the world and were the fifa world cup champions in 2006
train_1918	99	0	 800 miles to the Trent-Alaska pipeline system were closed down following a spill of thousands of barrels of crude oil south of Fairbanks, Alaska.	800 miles of the trans-alaska pipeline system were closed down following a spill of thousands of barrels of crude oil south of fairbanks alaska
train_1919	1075	0	 Filters vary in effectiveness and should you have a concern then you should consider buying your water in a sealed bottle from a reputable company.	filters vary in effectiveness and should you have a concern then you should consider buying your water in a sealed bottle from a reputable company
train_1920	175	1	 One of the world's richest people, Alan, has reportedly invested much of his wealth in marine exploration and began his quest to find the Musashi out of a lifelong interest in the war.	one of the world's richest people allen has reportedly invested much of his wealth in marine exploration and began his quest to find the musashi out of a lifelong interest in the war
train_1921	1212	1	 Britain mined international waters to prevent any ships from entering entire sections of ocean, causing danger to even neutral ships.	britain mined international waters to prevent any ships from entering entire sections of ocean causing danger to even neutral ships
train_1922	1271	1	 Nature-based tourism attracts people interested in visiting natural areas for the purpose of enjoying the scenery, including plant and animal wildlife.	nature-based tourism attracts people interested in visiting natural areas for the purpose of enjoying the scenery including plant and animal wildlife
train_1923	1283	1	 This provides us with a lot of information and material to build simulation models which help us to understand processes in our mind.	this provides us with a lot of information and material to build simulation models which help us to understand processes in our mind
train_1924	344	0	 Last week, Naked News announced that it would dramatically increase its international language mandate to news reporting, with three new broadcasts.	last week naked news announced that it would dramatically increase its international language mandate to news reporting with three new broadcasts
train_1925	225	0	 The judge told Blake it was almost inevitable he was going to be sent to jail.	the judge told blake it was almost inevitable he was going to be sent to jail
train_1926	281	1	 Organizers of the protest said about 100,000 people turned up in German cities such as Berlin, Cologne, Hamburg and Hannover.	organisers of the protest said about 100,000 people turned up in german cities such as berlin cologne hamburg and hanover
train_1927	910	1	 In fact, region codes have absolutely no effect on illegal copying. A bit-for-bit copy of a disc will play just fine on any device with an original wheel.	in fact region codes have absolutely no effect on illegal copying a bit-for-bit copy of a disk will play just fine on any device where the original will
train_1928	1306	1	 European influence and colonialism began in the 15th century as Portuguese explorer Vasco da Gama found the Cape route from Europe to India.	european influence and colonialism began in the 15th century as portuguese explorer vasco da gama found the cape route from europe to india
train_1929	572	1	 When the individual shows several variants of a particular trait, they are polymorphic.	when the individuals show several variants of a particular trait they are polymorphic
train_1930	982	1	 In summer especially, you'll need to watch out for mosquitoes if you decide to hike through the rainforest.	in summer especially you'll need to watch out for mosquitoes if you decide to hike through the rainforest
train_1931	107	1	 The country's supreme leader, Ayatollah Ali Khamenei, has described the dependence on oil as a trap, dating from before Iran's Islamic revolution in 1979, and from which the country should free itself.	the country's supreme leader ayatollah ali khamenei has described the dependency on oil as a trap dating from before iran's islamic revolution in 1979 and from which the country should free itself
train_1932	993	1	 The tourist season for the hill stations generally peaks during the Indian summer.	the tourist season for the hill stations generally peaks during the indian summer
train_1933	551	1	 Some cross country running during the winter combined with gymnasium work for upper part of the body is the best preparation for the running season.	some cross country running during the winter combined with gymnasium work for the upper part of the body is the best preparation for the running season
train_1934	166	0	 The Mumbai attackers arrived via boat on November 26, 2008, bringing with them grenades, automatic weapons and hit multiple targets, including the crowded Chhatrapati Shivaji Terminus railway station and the famous Taj Mahal hotel.	the mumbai attackers arrived via boat on novemeber 26 2008 bringing with them grenades automatic weapons and hit multiple targets including the crowded chhatrapati shivaji terminus railway station and the famous taj mahal hotel
train_1935	1487	1	 Earlier this week, a police helicopter crash killed three people and wounded three more.	earlier this week a police helicopter crash killed three people and wounded three more
train_1936	810	0	 Canyoning or canyoneering is about going in a bottom of a canyon which is either dry or full of water.	canyoning or: canyoneering is about going in a bottom of a canyon which is either dry or full of water
train_1937	1206	0	 According to the lawsuit, waste from the UN camp was not properly sanitized, causing bacteria to enter the tributary of the Artibonite River, one of Haiti's largest.	according to the lawsuit waste from the un camp was not properly sanitized causing bacteria to enter the tributary of the artibonite river one of haiti's largest
train_1938	661	0	 The largest employment sectors are professional, services, government, finance, trade, and tourism.	the largest employment sectors are professional services government finance trade and tourism
train_1939	630	0	 Humans are by far the most talented species in reading the minds of others.	humans are by far the most talented species in reading the minds of others
train_1940	998	1	 Machu Picchu consists of three main structures, namely, Inittuanatana, the Temple of the Sun, and the Room of the Three Windows.	machu picchu consist of three main structures namely intihuatana the temple of the sun and the room of the three windows
train_1941	140	1	 At its peak, Tropical Cyclone Ghanu, named for a bag of palm leaves in the language of the Maldives, reached sustained winds of 240 kmph .	at its peak tropical cyclone gonu named for a bag of palm leaves in the language of the maldives reached sustained winds of 240 kilometers an hour 149 miles per hour 
train_1942	1363	1	 Rare fauna such as the European brown bear, wolf, eagle, owl, lynx, wildcat, and kipper callie can be found there, along with many more species.	rare fauna such as the european brown bear wolf eagle owl lynx wild cat and capercaillie can be found there along with many more common species
train_1943	1230	0	 As the inter-distributions are often full, it is advisable to purchase a ticket a few days in advance.	as the inter-district buses are often full it is advisable to purchase a ticket a few days in advance
train_1944	623	1	 In this instance, recalling previous instances of entrepreneurial behavior and resulting successes helped people to be open to new changes and new direction for the local church.	in this instance recalling previous instances of entrepreneurial behavior and resulting successes helped people to be open to new changes and new direction for the local church
train_1945	294	1	 The clouds presented to the potential for confusion as to whether an actual eruption had taken place.	the clouds presented the potential for confusion as to whether an actual eruption had taken place
train_1946	570	0	 a population in the collection of organisms of a particular species within a given geographic area.	a population is the collection of organisms of a particular species within a given geographic area
train_1947	888	1	 Tourist visits are costly, demand physical fitness, can only take place in summer, November through February, and are largely limited to the peninsula, islands, and Ross Sea.	tourist visits are costly demand physical fitness can only take place in summer nov-feb and are largely limited to the peninsula islands and ross sea
train_1948	1180	1	 The speeds of 802.11n are substantially faster than that of its predecessors with a maximum theoretical throughput of 600 Mbits.	the speeds of 802.11n are substantially faster than that of its predecessors with a maximum theoretical throughput of 600mbit/s
train_1949	1105	1	 The Great Pyramid was created to honor the Pharaoh Khufu and many of the smaller pyramids, tombs and temples were built to honor Khufu's wife and family members.	the great pyramid was created to honor the pharaoh khufu and many of the smaller pyramids tombs and temples were built to honor khufu's wives and family members
train_1950	19	1	 There were protests worldwide, several criminal prosecutions, and the leaders of the governments of Iceland and Pakistan both resigned.	there were protests worldwide several criminal prosecutions and the leaders of the governments of iceland and pakistan both resigned
train_1951	1259	1	 The wheel has changed the world in incredible ways. The biggest thing that the wheel has done for us is given us much easier and faster transportation.	the wheel has changed the world in incredible ways the biggest thing that the wheel has done for us is given us much easier and faster transportation
train_1952	1089	1	 If an iron isn't available, or if you don't fancy wearing iron socks, then you could try using a hair dryer if available.	if an iron isn't available or if you don't fancy wearing ironed socks then you can try using a hairdryer if available
train_1953	1149	0	 After its adoption by Congress on July 4th, a handwritten draft signed by the President of Congress, John Hancock and the Secretary Charles Thompson was sent a few blocks away to the printing shop of John Dunlap.	after its adoption by congress on july 4 a handwritten draft signed by the president of congress john hancock and the secretary charles thomson was then sent a few blocks away to the printing shop of john dunlap
train_1954	1204	1	 The Babylonians built each of their gods a primary temple that was considered the home of the god.	the babylonians built each of their gods a primary temple that was considered the home of the god
train_1955	918	0	 One of the most prominent apps in this category is Google Translate, which allows offline translation after downloading the desired language data.	one of the most prominent apps in this category is google translate which allows offline translation after downloading the desired language data
train_1956	243	1	 Besides carrying three important significant scientific instruments, the lunar probe also carried the image of the Indian national flag painted on all sides.	besides carrying three important scientific instruments the lunar probe also carried the image of the indian national flag painted on all sides
train_1957	746	0	 At the top end, B and B's obviously compete mainly on two main things, bedding and breakfast.	at the top end b&bs obviously compete mainly on two main things bedding and breakfast
train_1958	1075	1	 Filters vary in effectiveness and you should have a concern. Then you should consider buying your water in a sealed bottle from a reputable company.	filters vary in effectiveness and should you have a concern then you should consider buying your water in a sealed bottle from a reputable company
train_1959	177	1	 In 2009 she was awarded the title of National Superintendent of the Year.	in 2009 she was awarded the title of national superintendent of the year
train_1960	191	0	 Passengers were given water as they waited in 90 Fahrenheit degree heat.	passengers were given water as they waited in 90f-degree heat
train_1961	162	1	 The US Navy also said that they were investigating the incident.	the us navy also said they were investigating the incident
train_1962	832	1	 On night sleeper trains, passports may be collected by the conductor so that you do not have your sleep interrupted.	on night sleeper trains passports may be collected by the conductor so that you do not have your sleep interrupted
train_1963	770	1	 Most of the temples do have an annual festival starting from November end to mid of May, which varies according to each temple's annual calendar.	most of the temples do have an annual festival starting from november end to mid of may which varies according to each temple's annual calendar
train_1964	393	0	 With the battle for France over, Germany began to get ready to invade the island of Britain.	with the battle for france over germany began to get ready to invade the island of britain
train_1965	1394	1	 If visiting a formally arranged garden, collecting specimens is also going to get you ejected without discussion.	if visiting a formally arranged garden collecting specimens is also going to get you ejected without discussion
train_1966	871	1	 If you are going to camp out, bring a camp cot or hammock to keep you away from snakes, scorpions, and such.	if you are going to camp out bring a camp cot or hammock to keep you away from snakes scorpions and such
train_1967	1029	1	 Another difference was that while the poor people and the woman ate their food while sitting in chairs, the rich men liked to have banquets together where they would lounge on their sides while they ate their meals.	another difference was that while the poor people and the woman ate their food while sitting in chairs the rich men liked to have banquets together where they would lounge on their sides while they ate their meals
train_1968	512	1	 These children tend to get into a lot of trouble because they engage in risky behaviors, get into fights, and challenge authority in order to stimulate their brain, since their brain cannot be stimulated by normal methods.	these children tend to get into a lot of trouble because they engage in risky behaviors get into fights and challenge authority in order to stimulate their brain since their brain can not be stimulated by normal methods
train_1969	447	1	 Early in the nation's independence, Singapore Botanic Gardens expertise helped transform the island into a tropical garden city.	early in the nation's independence singapore botanic gardens' expertise helped to transform the island into a tropical garden city
train_1970	733	0	 Whistler, 1.5 hour drive from Vancouver, is expensive but well known because of the 2010 Winter Olympics.	whistler 1.5 hour drive from vancouver is expensive but well-known because of the 2010 winter olympics
train_1971	525	1	 The effect is dependent on how often your brain attempts to lucidly dream per night.	the effect is dependent on how often your brain attempts to lucidly dream per night
train_1972	826	0	 If you want to see the world on the cheap, for necessity, lifestyle or challenge, there are some ways to do that.	if you want to see the world on the cheap for necessity lifestyle or challenge there are some ways to do that
train_1973	848	1	 If you want to learn throwing a boomerang that comes back to your hand, make sure you have a suitable boomerang for returning.	if you want to learn throwing a boomerang that comes back to your hand make sure you have a suitable boomerang for returning
train_1974	861	1	 Unattended bags are a target for theft and can also attract attention from authorities wary of bomb threats.	unattended bags are a target for theft and can also attract attention from authorities wary of bomb threats
train_1975	432	1	 Turkey is encircled by seas on three sides. The Anjin Sea to the west, the Black Sea to the north, and the Mediterranean Sea to the south.	turkey is encircled by seas on three sides the aegean sea to the west the black sea to the north and the mediterranean sea to the south
train_1976	1412	0	 At the extremes of the poll, 29% of those surveyed believe Australia should become a republic as soon as possible, while 31% believe Australia should never become a republic.	at the extremes of the poll 29 per cent of those surveyed believe australia should become a republic as soon as possible while 31 per cent believe australia should never become a republic
train_1977	334	1	 It was followed by the Istanbul State Symphony Orchestra, a Jansuri band, and the singers Faith Arak and Muşlum Gürsüz.	it was followed by the istanbul state symphony orchestra a janissary band and the singers fatih erkoç and müslüm gürses
train_1978	975	1	 However, in Malaysia, at least among the Malays in rural areas, it means come over. Similar to the index finger bent toward the body, ejection which is used in certain western countries and should be only used for that purpose.	however in malaysia at least among the malays in rural areas it means come over similar to the index finger bent toward the body a gesture which is used in certain western countries and should be used only for that purpose
train_1979	34	0	 Pigweth Jr. was sacked after the 2009 Hungarian Grand Prix.	piquet jr was sacked after the 2009 hungarian grand prix
train_1980	262	1	 Nigeria previously announced its plan to join the ATCFTA in the week leading up to the summit.	nigeria previously announced it planned to join the afcfta in the week leading up to the summit
train_1981	303	1	 French law was changed. His activism went back to age 15 when he joined the French Resistance during World War II.	french law was changed his activism went back to age 15 when he joined the french resistance during world war ii
train_1982	789	1	 Many entire nations are completely fluent in English and in even more you can expect a limited knowledge, especially among younger people.	many entire nations are completely fluent in english and in even more you can expect a limited knowledge especially among younger people
train_1983	750	1	 Getting into your own car and heading off on a long road trip has an intrinsic appeal in its simplicity.	getting into your own car and heading off on a long road trip has an intrinsic appeal in its simplicity
train_1984	81	0	 Maru Shidori then defeated Kabulter in the preliminary final.	maroochydore then defeated caboolture in the preliminary final
train_1985	1476	1	 This is matched by Norway, Sweden and New Zealand, but otherwise quite unique. E.g. in the Netherlands the figure is 1 to 40.	this is matched by norway sweden and new zealand but otherwise quite unique e.g. in the netherlands the figure is one to forty
train_1986	1369	1	 Curtis Cooper, a mathematician and computer science professor at the University of Central Missouri, has discovered the largest known prime number to date on January 25th.	curtis cooper a mathematician and computer science professor at the university of central missouri has discovered the largest known prime number to date on january 25
train_1987	955	0	 Turkish Airlines flies to 39 destinations in 30 African countries as of 2014.	turkish airlines flies to 39 destinations in 30 african countries as of 2014
train_1988	1456	1	 When a small group of living things, a small population, gets separated from the main population that they came from, like if they move over a mountain range or a river, or if they move to a new island so that they can't easily move back, they will often find themselves in a different environment than they were in before.	when a small group of living things a small population gets separated from the main population that they came from like if they move over a mountain range or a river or if they move to a new island so that they can't easily move back they will often find themselves in a different environment than they were in before
train_1989	2	1	 Lead researchers say this may bring early detection of cancer, tuberculosis, HIV, and malaria to patients in low-income countries, where their survival rates for illnesses such as breast cancer can be half those of richer countries.	lead researchers say this may bring early detection of cancer tuberculosis hiv and malaria to patients in low-income countries where the survival rates for illnesses such as breast cancer can be half those of richer countries
train_1990	674	1	 There are a limited number of permits reserved for a walk-in request available on a first come first serve basis.	there are a limited number permits reserved for walk-in requests available on a first come first served basis
train_1991	1411	1	 Most of the monasteries do provide wraps for women who come unprepared, but if you bring your own, especially one with bright colors, you'll get a smile from the monk or nun at the entrance.	most of the monasteries do provide wraps for women who come unprepared but if you bring your own especially one with bright colors you'll get a smile from the monk or nun at the entrance
train_1992	680	1	 Victoria Falls is a town in the western portion of Zimbabwe, across the border from Livingstone, Zambia and near Botswana.	victoria falls is a town in the western portion of zimbabwe across the border from livingstone zambia and near botswana
train_1993	809	1	 Nevertheless, there are many distinctive ways of drinking coffee around the world that are worth experiencing.	nevertheless there are many distinctive ways of drinking coffee around the world that are worth experiencing
train_1994	860	1	 Some countries have exceedingly draconian punishments, even for first-time offenses. These can include prison sentences of over 10 years or death.	some countries have exceedingly draconian punishments even for first time offenses these can include prison sentences of over 10 years or death
train_1995	190	1	 The typhoon is estimated to be moving toward China at 11 kph.	the typhoon is estimated to be moving toward china at eleven kph
train_1996	30	0	 Iraq's Abu Jarab prison has been set alit during a riot.	iraq's abu ghraib prison has been set alight during a riot
train_1997	862	1	 At home, due to this constant exposure to the local germs, odds are very high that you're already immune to them.	at home due to this constant exposure to the local germs odds are very high that you're already immune to them
train_1998	1456	1	 When a small group of living things, a small population, get separated from the main population that they come from, like if they move over a mountain range or a river, or if they move to a new island so that they can't easily move back, they will often find themselves in a different environment than they were in before.	when a small group of living things a small population gets separated from the main population that they came from like if they move over a mountain range or a river or if they move to a new island so that they can't easily move back they will often find themselves in a different environment than they were in before
train_1999	251	1	 The hotel's guests were mostly citizens of the United Arab Emirates.	the hostel's guests were mostly citizens of the united arab emirates
train_2000	657	0	 If you visit Greenland during cold seasons, considering that the further north you go the colder it will be, it is essential to bring warm enough clothing.	if you visit greenland during cold seasons considering that the further north you go the colder it will be it is essential to bring warm enough clothing
train_2001	915	0	 Real-time translator apps applications that are capable of automatically translating whole segments of text from one language to another.	real-time text translator apps applications that are capable of automatically translating whole segments of text from one language into another
train_2002	475	0	 The Temple of Artemis at Ephesus was destroyed on July 21, 356 BCE in act of arson committed by Herosteros.	the temple of artemis at ephesus was destroyed on july 21 356 bce in an act of arson committed by herostratus
train_2003	1077	0	 Before the Simpsons, Simon had worked on several shows in various positions.	before the simpsons simon had worked on several shows in various positions
train_2004	144	1	 Based on this fossil, that means the split is much earlier than has been anticipated by the molecular evidence.	based on this fossil that means the split is much earlier than has been anticipated by the molecular evidence
train_2005	40	0	 Each show would also provide recommendations for books that children should look for when they went to their library.	each show would also provide recommendations for books that children should look for when they went to their library
train_2006	95	1	 The aircraft had been headed to Irks and was being operated by interior troops.	the aircraft had been headed to irkutsk and was being operated by interior troops
train_2007	548	0	 The main assault force of 2,400 men will cross the river nine miles north of Trenton and then split into two groups, one under Greene and one under Sullivan, in order to launch a pre-dawn attack.	the main assault force of 2,400 men would cross the river nine miles north of trenton and then split into two groups one under greene and one under sullivan in order to launch a pre-dawn attack
train_2008	1252	1	 Crown Office, which is an overall charge of prosecutions, has indicated to journalists that no further comment will be made, at least until indictment.	crown office which is in overall charge of prosecutions has indicated to journalists that no further comment will be made at least until indictment
train_2009	741	0	 It is an archipelago with 15 islands spread out over 2.2 million km2 of ocean.	it is an archipelago with 15 islands spread out over 2.2 million km2 of ocean
train_2010	141	1	 By early today, winds were around 83 km an hour and it was expected to keep weakening.	by early today winds were around 83 km/h and it was expect to keep weakening
train_2011	1103	1	 Uka's weapon failed whilst pointed at a fifth man's head. Schneider has ongoing pain, blindness in one eye, a missing section of skull, and a face rebuilt from titanium.	uka's weapon failed whilst pointed at a fifth man's head schneider has ongoing pain blindness in one eye a missing section of skull and a face rebuilt from titanium
train_2012	1374	0	 In 1994, this conflict led to the creation of the self-proclaimed Transnistria Republic in eastern Moldova, which has its own government and currency but is not recognized by any UN member country.	in 1994 this conflict led to the creation of the self-proclaimed transnistria republic in eastern moldova which has its own government and currency but is not recognised by any un member country
train_2013	1130	1	 The amount of inner peace a person possesses correlates oppositely to the amount of tension in one's body and spirit.	the amount of inner peace a person possesses correlates oppositely to the amount of tension in one's body and spirit
train_2014	714	1	 Most people book their place well in advance as the boats are usually full during the high season.	most people book their place well in advance as the boats are usually full during the high season
train_2015	576	0	 Each of these nomadic rampages or marches lasts for approximately 17 days.	each of these nomadic rampages or marches lasts for approximately 17 days
train_2016	367	0	 The major organ of the circulatory system is the heart, which pumps the blood.	the major organ of the circulatory system is the heart which pumps the blood
train_2017	273	1	 Some studies suggest that the disease must become less lethal before it can cause a global epidemic, he noted.	some studies suggest that the disease must become less lethal before it can cause a global epidemic he noted
train_2018	629	1	 People with this type of thinking have logical thinking, are able to memorize patterns, solve problems, and work on scientific tests.	people with this type of thinking have logical thinking are able to memorize patterns solve problems and work on scientific tests
train_2019	435	0	 Luxembourg has always tried to remain a neutral country but it was occupied in both World War I and World War II by Germany.	luxembourg has always tried to remain a neutral country but it was occupied in both world war i and world war ii by germany
train_2020	1396	1	 The researchers observed crystals formed in cat urine by the addition of melamine and cyanuric acid.	the researchers observed crystals formed in cat urine by the addition of melamine and cyanuric acid
train_2021	915	0	 Real-time text translator apps. Applications that are capable of automatically translating whole segments of text from one language into another.	real-time text translator apps applications that are capable of automatically translating whole segments of text from one language into another
train_2022	1102	0	 The best indication of eternal poisoning may be the presence of an open container of medicine or toxic household chemicals.	the best indication of internal poisoning may be the presence of an open container of medication or toxic household chemicals
train_2023	987	1	 Typical for Norway are steep fjords and valleys that suddenly give way to a high, more or less even plateau.	typical for norway are steep fjords and valleys that suddenly give way to a high more or less even plateau
train_2024	774	1	 Participating countries present artistic and educational displays in national pavilions to showcase world issues or their country's culture and history.	participating countries present artistic and educational displays in national pavilions to showcase world issues or their country's culture and history
train_2025	260	0	 Dump trucks were used to block tube entrances and assistance of 80 police officers were on hand to direct motorists to detours.	dump trucks were used to block tube entrances and assistance of 80 police were on hand to direct motorists to detours
train_2026	542	0	 Stark's men took positions along the fence on the north end of the colonists' position.	stark's men took positions along the fence on the north end of the colonist's position
train_2027	1233	1	 This concept came from China where plum blossoms were the flower of choice.	the concept came from china where plum blossoms were the flower of choice
train_2028	91	0	 It is not known at this time what charges will be laid or what led authorities to the boy, but juvenile proceedings have begun in federal court.	it is not known at this time what charges will be laid or what led authorities to the boy but juvenile proceedings have begun in federal court
train_2029	63	0	 Brazil is the largest Roman Catholic country on earth and the Roman Catholic Church has consistently opposed the legalization of same-sex marriage in the country.	brazil is the largest roman catholic country on earth and the roman catholic church has consistently opposed the legalization of same-sex marriage in the country
train_2030	394	1	 Germany code named the attack Operation Ceylon. Most of the British Army's heavy weapons and supplies had been lost when it evacuated from Dunkirk. So the army was fairly weak.	germany code-named the attack operation sealion most of the british army's heavy weapons and supplies had been lost when it evacuated from dunkirk so the army was fairly weak
train_2031	929	1	 Nowadays air travel is only rarely booked directly through the airline without first searching and comparing prices.	nowadays air travel is only rarely booked directly through the airline without first searching and comparing prices
train_2032	1218	1	 Our foster care system is supposed to provide safe homes, loving caregivers, stable education, and reliable health care.	our foster care system is supposed to provide safe homes loving caregivers stable education and reliable health care
train_2033	71	1	 The Bands Management Company gave no initial reason when they cancelled on September 20, but blamed logistical reasons by the next day.	the band's management company hk management inc gave no initial reason when they canceled on september 20 but blamed logistical reasons by the next day
train_2034	1107	1	 No matter how docile they may look, bison, elk, moose, bears, and nearly all large animals can attack.	no matter how docile they may look bison elk moose bears and nearly all large animals can attack
train_2035	1348	1	 Boating is a national pastime in Finland with a boat to every seven or eight people.	boating is a national pastime in finland with a boat to every seven or eight people
train_2036	1464	1	 It was one of the major stops in Henry Louis Gates PBS special Wonders of the African World.	it was one of the major stops during henry louis gates' pbs special wonders of the african world
train_2037	1278	1	 To understand the Templars, one must understand the context that prompted the creation of the Order.	to understand the templars one must understand the context that prompted the creation of the order
train_2038	1247	1	 As one example, American citizens in the Middle East might face different situations from Europeans or Arabs.	as one example american citizens in the middle east might face different situations from europeans or arabs
train_2039	734	1	 In the winter, enjoy some of the best skiing in North America and in the summer, try some authentic mountain biking.	in the winter enjoy some of the best skiing in north america and in the summer try some authentic mountain biking
train_2040	153	1	 Virgin have only purchased the good bank of Northern Rock, not the asset management company.	virgin have only purchased the good bank' of northern rock not the asset management company
train_2041	279	0	 Former US Speaker of the House Newt Gingrich came in second with 32%.	former u.s. speaker of the house newt gingrich came in second with 32%
train_2042	56	1	 Mr. Costello said that when nuclear power generation becomes economically viable, Australia should pursue its use.	mr costello said that when nuclear power generation becomes economically viable australia should pursue its use
train_2043	620	1	 While listening to individuals share their individual, family, and organizational stories, we gained valuable insight into the past and some of the personalities who influenced, for good or ill, the culture of the organization.	while listening to individuals share their individual family and organizational stories we gained valuable insight into the past and some of the personalities who influenced for good or ill the culture of the organization
train_2044	474	0	 This marked an important change as European powers would no longer have the pretext of being religious wars. Thus, the Thirty Years' War would be the last war to be labeled a religious war.	this marked an important change as european powers would no longer have the pretext of being religious wars thus the thirty years' war would be the last war to be labeled a religious war
train_2045	798	0	 If traveling with a laptop or tablet, store a copy in its memory or disk, accessible without the internet.	if traveling with a laptop or tablet store a copy in its memory or disc accessible without the internet
train_2046	484	1	 Followers pursue certain ways of living or practices that are intended to nurture those experiences.	followers pursue certain ways of living or practices that are intended to nurture those experiences
train_2047	641	1	 It allows students the ability to work at their own pace and control the pace of instructional information.	it allows students the ability to work at their own pace and control the pace of instructional information
train_2048	31	0	 The jail became notorious after prisoner abuse was discovered there after US forces took over.	the jail became notorious after prisoner abuse was discovered there after us forces took over
train_2049	228	1	 Scientists have discovered landforms littered across the moon's surface called lobate scarps that have apparently resulted from the moon's shrinking very slowly.	scientists have discovered landforms littered across the moon's surface called lobate scarps that have apparently resulted from the moon's shrinking very slowly
train_2050	1353	1	 No extra transport is being put on and overground trains will not stop at Wembley and car parking and park and ride facilities are unavailable at the ground.	no extra transport is being put on and overground trains will not stop at wembley and car parking and park-and-ride facilities are unavailable at the ground
train_2051	139	1	 Humans can be affected by breathing affected water taken into the air by wind and waves.	humans can be affected by breathing affected water taken into the air by wind and waves
train_2052	928	1	 Flying your drone near an airport or over a crowd is almost always a bad idea, even if it's not illegal in your area.	flying a drone near an airport or over a crowd is almost always a bad idea even if it's not illegal in your area
train_2053	586	0	 However, the first true telescopes were made in Europe in the late 16th century.	however the first true telescopes were made in europe in the late 16th century
train_2054	178	1	 At the time of the award, Atlanta schools had seen a large improvement on test scores.	at the time of the award atlanta schools had seen a large improvement on test scores
train_2055	23	0	 Despite these accusations, Ma won handily on a platform advocating closer ties with the Chinese mainland.	despite these accusations ma won handily on a platform advocating closer ties with the chinese mainland
train_2056	796	0	 They need to show the insurer's email address and international phone numbers for advice, authorizations, and making claims.	they need to show the insurer's e-mail address and international phone numbers for advice/authorizations and making claims
train_2057	1249	1	 I'm sorry.	if you booked your flights and accommodation for 2020 before the postponement was announced you may have a tricky situation
train_2058	4	0	 The pilot was identified as Squadron Leader Dilokrit Patavi.	the pilot was identified as squadron leader dilokrit pattavee
train_2059	289	1	 The CCTV will certainly send a strong signal to those people working with animals that their welfare is of the highest priority.	the cctv would certainly send a strong signal to those people working with animals that their welfare is of the highest priority
train_2060	679	1	 Each country also has unique laws requiring what emergency items need to be in the car.	each country also has unique laws requiring what emergency items need to be in the car
train_2061	728	1	 Caleon del Beso, Alley of the Kiss. Two balconies separated by only 69 cm as home of an old love legend.	callejon del beso alley of the kiss. two balconies separated by only 69 centimeters is home of an old love legend
train_2062	1215	1	 Dr. Ehud Err, professor of medicine at Dalhousie University in Halifax, Nova Scotia, and chair of the clinical and scientific division of the Canadian Diabetes Association, cautioned that the research is still in its early days.	dr ehud ur professor of medicine at dalhousie university in halifax nova scotia and chair of the clinical and scientific division of the canadian diabetes association cautioned that the research is still in its early days
train_2063	5	0	 Local media reports an airport fire vehicle rolled over while responding.	local media reports an airport fire vehicle rolled over while responding
train_2064	1120	1	 Downhill snow sports, which include skiing and snowboarding, are popular sports involving sliding down snow-covered terrain with skis or snowboard attached to your feet.	downhill snowsports which include skiing and snowboarding are popular sports involving sliding down snow-covered terrain with skis or a snowboard attached to your feet
train_2065	1084	0	 This not only confirms that at least some dinosaurs had feathers, a theory already widespread, but provides details fossils generally cannot, such as color and three-dimensional arrangement.	this not only confirms that at least some dinosaurs had feathers a theory already widespread but provides details fossils generally cannot such as color and three-dimensional arrangement
train_2066	174	0	 Following seabed mapping, the wreck was found using an ROV.	following seabed mapping the wreck was found using an rov
train_2067	207	1	 The crash site was located today and is so inaccessible that two policemen were dropped into the jungle in order to hike to the scene and seek survivors.	the crash site was located today and is so inaccessable that two policemen were dropped into the jungle in order to hike to the scene and seek survivors
train_2068	332	0	 In 1995, he was voted the best player in Partizan's history.	in 1995 he was voted the best player in partizan's history
train_2069	1385	1	 During these periods fierce warfare took place between many nobles fighting for the throne.	during these periods fierce warfare took place between many nobles fighting for the throne
train_2070	1228	0	 It was the final match for the All Blacks, who had already won the trophy two weeks ago.	it was the final match for the all blacks who had already won the trophy two weeks ago
train_2071	1125	1	 As the areas are sparsely populated and light pollution therefore often not a problem, you will also be able to enjoy the stars.	as the areas are sparsely populated and light pollution therefore often not a problem you will also be able to enjoy the stars
train_2072	647	1	 Our current experience with all the do-it-yourself and information presenting, learning-based television shows illustrates this point.	our current experience with all the do-it-yourself and information presenting learning-based television shows illustrates this point
train_2073	235	1	 We were all simply in shock, the mother stated.	we were all simply in shock the mother stated
train_2074	210	0	 An official with a gas company was reporting to the scene after a neighbor called about a gas leak.	an official with the gas company was reporting to the scene after a neighbor called about a gas leak
train_2075	1210	0	 The National Hurricane Center says that at this point Jerry poses no threat to land.	the national hurricane center nhc says that at this point jerry poses no threat to land
train_2076	1186	1	 Persian has a relatively easy and mostly regular grammar.	persian has a relatively easy and mostly regular grammar
train_2077	1127	1	 Around the old medina it's easy to find places selling traditional Moroccan goods such as tagines, pottery, leather goods, hookahs and a whole spectrum of gigas but it's all for the tourists.	around the old medina it's easy to find places selling traditional moroccan goods such as tagines pottery leather goods hookahs and a whole spectrum of geegaws but it's all for the tourists
train_2078	905	0	 They begin as funnels descending from storm clouds and become tornadoes when they touch the ground.	they begin as funnels descending from storm clouds and become tornadoes when they touch the ground
train_2079	1453	0	 Postage speed limits are noticeably lower than in previous and subsequent sections, commonly 35 to 40 mph or 56 to 64 kmph, and strict obedience to them is even more important than otherwise.	posted speed limits are noticeably lower than in previous and subsequent sections — commonly 35-40 mph 56-64 km/h — and strict obedience to them is even more important than otherwise
train_2080	123	0	 The United States Embassy, located in Nairobi, Kenya, has issued a warning that extremists from Somalia are planning to launch suicide bomb attacks in Kenya and Ethiopia.	the united states embassy located in nairobi kenya has issued a warning that extremists from somalia are planning to launch suicide bomb attacks in kenya and ethiopia
train_2081	1203	1	 Since the arrival of man to the Galapagos, many mammals have been introduced including goats, horses, cows, rats, cats, and dogs.	since the arrival of man to the galapagos many mammals have been introduced including goats horses cows rats cats and dogs
train_2082	942	0	 After you become comfortable with formatting and editing on the web, then later you might create your own website.	after you become comfortable with formatting and editing on the web then later you might create your own website
train_2083	478	1	 Alexander as king offered to pay to rebuild the temple but his offer was denied. Later after Alexander died the temple was rebuilt in 323 BCE.	alexander as king offered to pay to rebuild the temple but his offer was denied later after alexander died the temple was rebuilt in 323 bce
train_2084	1201	0	 The accused are named as Baba Kanjar, Bhuta Kanjar, Rambro Kanjar, Ghaza Kanjar and Vishnu Kanjar.	the accused are named as baba kanjar bhutha kanjar rampro kanjar gaza kanjar and vishnu kanjar
train_2085	504	1	 MySpace is the third most popular website used in the United States and has 54 million profiles currently.	myspace is the third most popular website used in the united states and has 54 million profiles currently
train_2086	308	0	 He died in Osaka on Tuesday.	he died in osaka on tuesday
train_2087	577	0	 What is a cell? The word cell comes from the Latin word Silla meaning small room and it was first coined by a microscopist observing the structure of cock.	what is a cell the word cell comes from the latin word cella meaning small room and it was first coined by a microscopist observing the structure of cork
train_2088	14	0	 Nadal bagged 88% net points in the match winning 76 points in the first serve.	nadal bagged 88% net points in the match winning 76 points in the first serve
train_2089	494	0	 Although some scholars speculate that since the civilization also existed in the basins of the now dried up Sarasvati River, it should aptly be called the Indo-Sarasvati civilization, while some call it the Harappan civilization after the Harappa, the first of the sites to be excavated in the 1920s.	although some scholars speculate that since the civilisation also existed in the basins of the now dried up sarasvati river it should be aptly called the indus-sarasvati civilization while some call it the harappan civilization after harappa the first of its sites to be excavated in the 1920s
train_2090	623	1	 In this instance, recalling previous instances of entrepreneurial behavior and resulting successes helped people to be open to new changes and new direction for the local church.	in this instance recalling previous instances of entrepreneurial behavior and resulting successes helped people to be open to new changes and new direction for the local church
train_2091	752	0	 Setting up a tent on private property or in a town of any size can easily attract unwanted attention.	setting up a tent on private property or in a town of any size can easily attract unwanted attention
train_2092	753	1	 In short, using your car is a great way to take a road trip, but seldom in itself a way to camp.	in short using your car is a great way to take a road trip but seldom in itself a way to camp
train_2093	1162	1	 A couple may decide it is not in their best interest or in the interest of their child to raise a baby.	a couple may decide it is not in their best interest or in the interest of their child to raise a baby
train_2094	1344	0	 Lions, cheetahs and leopards are sometimes shy and you will see them better with binoculars.	lions cheetahs and leopards are sometimes shy and you will see them better with binoculars
train_2095	470	0	 In the 1480s, when its construction was begun by Lord Hastings, the country was relatively peaceful and defense was only required against small bands of roving marauders.	in the 1480s when its construction was begun by lord hastings the country was relatively peaceful and defense was only required against small bands of roving marauders
train_2096	270	1	 21 years old Jesus joined Manchester City last year in 2017 from Brazilian club Palmeiras for a reported fee of 27 million pounds.	21-year-old jesus joined manchester city last year in january 2017 from brazilian club palmeiras for a reported fee of £27 million
train_2097	126	1	 Since its inception, The Onion has become a veritable news parody empire with a print edition, a website that drew 5 million unique visitors in one month of October, personal ads, a 24-hour news network, podcasts, and a recently launched world atlas called Our Dumb World.	since its inception the onion has become a veritable news parody empire with a print edition a website that drew 5,000,000 unique visitors in the month of october personal ads a 24 hour news network podcasts and a recently launched world atlas called our dumb world
train_2098	114	0	 Australia's former conservative government refused to ratify Kyoto, saying it would damage the economy with its heavy reliance on coal exports, while countries like India and China were not bound by emissions targets.	australia's former conservative government refused to ratify kyoto saying it would damage the economy with its heavy reliance on coal exports while countries like india and china were not bound by emissions targets
train_2099	352	0	 The steel needle floats on top of the water because of service tension.	the steel needle floats on top of the water because of surface tension
train_2100	658	0	 The very long days in the summer can lead to problems getting sufficient sleep and associated health issues.	the very long days in the summer can lead to problems getting sufficient sleep and associated health issues
train_2101	468	1	 Typical for the period, Kirby McSlow Castle is more of a fortified house than a true castle.	typical for the period kirby muxloe castle is more of a fortified house than a true castle
train_2102	296	0	 Helicopters rescued the 12 crew members and the only injury was a broken nose.	helicopters rescued the twelve crewmembers and the only injury was a broken nose
train_2103	1070	1	 Therefore, reading this grammar primer would help you learn much more about the Persian grammar and understand phrases better.	therefore reading this grammar primer would help you learn much about persian grammar and understand phrases better
train_2104	948	1	 Lake Onega is also connected to Volga, so coming from the Caspian Sea through Russia is still possible.	lake onega is also connected to volga so coming from the caspian sea through russia is still possible
train_2105	849	1	 Most boomerangs available in Australia are in fact non-returning. It is best for beginners to try not to throw in windy.	most boomerangs available in australia are in fact non-returning it is best for beginners to not try throwing in windy
train_2106	340	0	 He was immediately attended to by the on-track medical staff and transported to a local hospital where he later died.	he was immediately attended to by the on-track medical staff and transported to a local hospital where he later died
train_2107	1327	1	 Backpacking by ski. This activity is also called backcountry ski, ski touring or ski hiking.	backpacking by ski this activity is also called backcountry ski ski touring or ski hiking
train_2108	1508	1	 She's very cute and sings quite well, too, he said according to a transcript of the news conference.	she's very cute and sings quite well too he said according to a transcript of the news conference
train_2109	585	1	 Humans have been making and using lenses for magnification for thousands and thousands of years.	humans have been making and using lenses for magnification for thousands and thousands of years
train_2110	4	0	 The pilot was identified as squadron leader Delacrette Pettifee.	the pilot was identified as squadron leader dilokrit pattavee
train_2111	916	1	 Some of the applications in this category can even translate texts in foreign languages on signs or other objects in the real world when the user points the smartphone towards those objects.	some of the applications in this category can even translate texts in foreign languages on signs or other objects in the real world when the user points the smartphone towards those objects
train_2112	416	1	 Another famous Greek is a mathematician, Pythagoras, mostly known for his famous theorem about relations of the sides of right triangles.	another famous greek is a mathematician pythagoras mostly known for his famous theorem about relations of the sides of right triangles
train_2113	159	0	 Seven points behind, Johnson is second with 2,243.	seven points behind johnson is second with 2,243
train_2114	624	0	 Such success stories lessen the fears of change while creating positive inclinations toward change in the future.	such success stories lessened the fears of change while creating positive inclinations toward change in the future
train_2115	833	0	 Registration is an additional requirement for the visa process. In some countries you must register your presence and address where you are staying with the local authorities.	registration is an additional requirement for the visa process in some countries you must register your presence and address where you are staying with the local authorities
train_2116	667	1	 There are infinite variations possible, but this remains what most people mean when they talk of going to Disney World.	there are infinite variations possible but this remains what most people mean when they talk of going to disney world
train_2117	795	1	 Make and carry copies of your policy and your insurance contact details with you.	make and carry copies of your policy and your insurer's contact details with you
train_2118	1160	1	 The money could go toward floor flood, flood-proof houses, better water management, and crop diversification.	the money could go toward flood-proof houses better water management and crop diversification
train_2119	631	1	 That means we were able to successfully predict what other humans perceive, intend, believe, know, or desire.	that means we are able to successfully predict what other humans perceive intend believe know or desire
train_2120	1364	1	 The great majority of Hong Kong Island development is densely packed on reclaimed land along the northern shore.	the great majority of hong kong island's urban development is densely packed on reclaimed land along the northern shore
train_2121	1472	1	 Fortunately, drivers tend to behave within a reasonable, consistent range. Thus, traffic seems tend to have some reasonable consistency and can be roughly represented mathematically.	fortunately drivers tend to behave within a reasonably consistent range thus traffic streams tend to have some reasonable consistency and can be roughly represented mathematically
train_2122	1416	0	 Mutations can have a variety of different effects depending on the type of mutation, the significance of the piece of genetic material affected, and whether the cells affected are germline cells.	mutations can have a variety of different effects depending on the type of mutation the significance of the piece of genetic material affected and whether the cells affected are germ-line cells
train_2123	921	1	 If you don't have a data connection for your phone or when it is out of range, their performance can be limited or unavailable.	if you don't have a data connection for your phone or when it is out of range their performance can be limited or unavailable
train_2124	510	1	 It is not a learning disability, it is a learning disorder. It affects 3-5% of all children, perhaps as many as 2 million American children.	it is not a learning disability it is a learning disorder it affects 3 to 5% of all children perhaps as many as 2 million american children
train_2125	120	0	 The game is based on the Second Battle of Fallujah, a vicious battle between American and Iraqi forces.	the game is based on the second battle of fallujah a vicious battle between american and iraqi forces
train_2126	346	0	 Luckily, nothing happened to me, but I saw a macabre scene as people tried to break windows in order to get out.	luckily nothing happened to me but i saw a macabre scene as people tried to break windows in order to get out
train_2127	126	1	 Since its inception, The Onion has become a veritable news parody empire with a print edition, a website that drew 5 million unique visitors in the month of October, personal ads, a 24-hour news network, podcast, and a recently launched world atlas called Our Dumb World.	since its inception the onion has become a veritable news parody empire with a print edition a website that drew 5,000,000 unique visitors in the month of october personal ads a 24 hour news network podcasts and a recently launched world atlas called our dumb world
train_2128	488	1	 Sikhs call their religion Gurmat, which is Punjabi for Way of the Guru. The Guru is a fundamental aspect of all Indian religions, but in Sikhism has taken on an importance that forms the core of Sikh beliefs.	sikhs call their religion gurmat which is punjabi for way of the guru the guru is a fundamental aspect of all indian religions but in sikhism has taken on an importance that forms the core of sikh beliefs
train_2129	661	1	 The largest employee sectors are professional services, government, finance, trade, and tourism.	the largest employment sectors are professional services government finance trade and tourism
train_2130	642	1	 In addition, there are fewer time restrictions with the possibility of flexible working hours.	in addition there are fewer time restrictions with the possibility of flexible working hours. bremer 1998
train_2131	62	1	 During his two-hour speech, he stated that, Today, Apple is going to reinvent the phone. We are going to make history today.	during his 2 hour speech he stated that today apple is going to reinvent the phone we are going to make history today
train_2132	760	1	 A hospitality exchange network is the organization that connects travelers with locals in the cities they are going to visit.	a hospitality exchange network is the organization that connects travelers with locals in the cities they are going to visit
train_2133	752	1	 Setting up a tent on private property or in a town of any size can easily attract unwanted attention.	setting up a tent on private property or in a town of any size can easily attract unwanted attention
train_2134	652	1	 As mentioned above, though the word Eskimo remains acceptable in the United States, it is considered pejorative by many non-U.S. Arctic peoples, especially in Canada.	as mentioned above though the word eskimo remains acceptable in the united states it is considered pejorative by many non-u.s. arctic peoples especially in canada
train_2135	1038	1	 Stirrups are supports for the rider's feet that hang down on either side of the saddle.	stirrups are supports for the rider's feet that hang down on either side of the saddle
train_2136	292	0	 The significant earthquake activity resulting in the phase change took place on March 10 on the northeast side of the volcano's summit caldera.	the significant earthquake activity resulting in the phase change had took place on march 10 on the northeast side of the volcano's summit caldera
train_2137	195	0	 The Brazilian suffered a serious head injury after a crash during the 2009 Hungarian Grand Prix.	the brazilian suffered a serious head injury after a crash during the 2009 hungarian grand prix
train_2138	318	0	 Our former student said that he used slang in class, taught dating skills and notes, and was just like the student's friend.	a former student said that he 'used slang in class taught dating skills in notes and was just like the students' friend.'
train_2139	957	1	 Don't forget to add in the extra costs of additional visas, departure taxes, ground transportation, etc. for all those places outside Africa.	don't forget to add in the extra costs of additional visas departure taxes ground transportation etc for all those places outside of africa
train_2140	82	0	 Hesperonychus elizabethi is a species of the family Dromaeosauridae and is a cousin of Velociraptor.	hesperonychus elizabethae is a species of the family dromaeosauridae and is a cousin of velociraptor 
train_2141	609	1	 Time is also how we compare the duration, length of events.	time is also how we compare the duration length of events
train_2142	388	0	 He originally named the anglo-alphabet um Jong-yum, which means the correct sounds for the instruction of the people.	he originally named the hangeul alphabet hunmin jeongeum which means the correct sounds for the instruction of the people
train_2143	187	0	 The bus was headed to Six Flags St. Louis in Missouri for the band to play to a sold out crowd.	the bus was headed to six flags st louis in missouri for the band to play to a sold-out crowd
train_2144	462	1	 For that reason everything you see on TV had the borders cut top bottom and sides.	for that reason everything you see on the tv had the borders cut top bottom and sides
train_2145	24	1	 Today's player of the day is Alex Owiczkin of the Washington Capitals.	today's player of the day is alex ovechkin of the washington capitals
train_2146	103	0	 Another secondary containment area below the tank capable of holding 104,500 barrels was not yet filled to capacity.	another secondary containment area below the tanks capable of holding 104,500 barrels was not yet filled to capacity
train_2147	369	0	 A Triceratops teeth would have been able to crush not only leaves but even very tough branches and roots.	a triceratops' teeth would have been able to crush not only leaves but even very tough branches and roots
train_2148	198	0	 The president's condition is stable, though he will be isolated at home for several days.	the president's condition is stable though he will be isolated at home for several days
train_2149	941	0	 The easiest way to get started in the business of travel writing is to hone your skills on an established travel blog website.	the easiest way to get started in the business of travel writing is to hone your skills on an established travel blog website
train_2150	639	1	 In 1977, Dr. Damadian completed the construction of the first whole body MRI scanner which he called the Indomitable.	in 1977 dr damadian completed the construction of the first whole-body mri scanner which he called the indomitable
train_2151	1132	1	 Japanese work culture is more hierarchical and formal than what Westerners may be used to.	japanese work culture is more hierarchical and formal that what westerners may be used to
train_2152	1496	1	 Typically there will be a tuition fee to enroll in these educational programs.	typically there will be a tuition fee to enroll in these educational programs
train_2153	864	0	 Also, in warmer climates, bacteria both grow more quickly and survive longer outside the body.	also in warmer climates bacteria both grow more quickly and survive longer outside the body
train_2154	921	1	 If you don't have a data connection for your phone or when it is out of range, their performance can be limited or unavailable.	if you don't have a data connection for your phone or when it is out of range their performance can be limited or unavailable
train_2155	1025	1	 Although the water level will only rise a few feet after the flood, officials are hoping it will be enough to restore eroded sandbars downstream.	although the water level will only rise a few feet after the flood officials are hoping it will be enough to restore eroded sandbars downstream
train_2156	974	1	 In many parts of the world, waving is a friendly gesture indicating hello.	in many parts of the world waving is a friendly gesture indicating hello
train_2157	532	0	 18 holes are played during a regular round with players usually starting on the first hole on the course and finish on the 18th.	eighteen holes are played during a regular round with players usually starting on the first hole on the course and finishing on the eighteenth
train_2158	756	1	 These hotels were where the rich and famous of the day would stay, and often had fine dining and nightlife.	these hotels were where the rich and the famous of the day would stay and often had fine dining and nightlife
train_2159	485	1	 Mysticism can be distinguished from other forms of religious belief and worship by its emphasis on the direct personal experience of a unique state of consciousness, particularly those of a peaceful, insightful, blissful, or even ecstatic character.	mysticism can be distinguished from other forms of religious belief and worship by its emphasis on the direct personal experience of a unique state of consciousness particularly those of a peaceful insightful blissful or even ecstatic character
train_2160	847	1	 Boomerang throwing is a popular skill that many tourists want to acquire.	boomerang throwing is a popular skill that many tourists want to acquire
train_2161	791	0	 They are regaling each other with stories from their hometowns, told in their distinct accents and local argot.	they're regaling each other with stories from their hometowns told in their distinct accents and local argot
train_2162	1501	1	 The Ministry responded by calling Apple's postponement of the report truly regrettable.	the ministry responded by calling apple's postponement of the report truly regrettable
train_2163	1312	1	 Feel free to pencil in your own marks. Remember the printed bowie marks are there for a musical reason, so they should usually be respected.	feel free to pencil in your own marks but remember the printed bowing marks are there for a musical reason so they should usually be respected
train_2164	187	0	 The bus was headed to Six Flags St. Louis in Missouri for the band to play to a sold out crowd.	the bus was headed to six flags st louis in missouri for the band to play to a sold-out crowd
train_2165	718	0	 The Mapuche were also one of the last independent American indigenous groups that were not fully absorbed into Spanish-speaking rule until after Chile's independence.	the mapuche were also one of the last independent american indigenous groups that were not fully absorbed into spanish-speaking rule until after chile's independence
train_2166	1362	1	 Ocelots like to eat small animals. They will catch monkeys, snakes, rodents and birds if they can. Almost all of the animals that the ocelot hunts are far smaller than it is.	ocelots like to eat small animals they will catch monkeys snakes rodents and birds if they can almost all of the animals that the ocelot hunts are far smaller than it is
train_2167	728	1	 Calejón del Beso, alley of the kiss. Two balconies separated by only 69 centimeters is home of an old love legend.	callejon del beso alley of the kiss. two balconies separated by only 69 centimeters is home of an old love legend
train_2168	879	1	 A contagious disease is a disease which is easily transmitted by being in the vicinity of an infected person.	a contagious disease is a disease which is easily transmitted by being in the vicinity of an infected person
train_2169	84	1	 Its second claw was larger, giving rise to the name Hesperochonus, which means Western Claw.	its second claw was larger giving rise to the name hesperonychus which means western claw
train_2170	762	0	 A listing of available hosts in the provided either in print and or online, sometimes with references and reviews by other travellers.	a listing of available hosts is then provided either in print and/or online sometimes with references and reviews by other travelers
train_2171	407	0	 Yes, King Tutankhamun, sometimes referred to as King Tut or the Boy King, is one of the most well-known ancient Egyptian kings in modern times.	yes king tutankhamun sometimes referred to as king tut or the boy king is one of the most well known ancient egyptian kings in modern times
train_2172	1467	0	 In 1884, Tesla moved to the United States of America to accept a job with the Edison Company in New York City.	in 1884 tesla moved to the united states of america to accept a job with the edison company in new york city
train_2173	703	0	 Your passport must be valid for at least six months beyond your travel date. Your round or onward trip ticket is needed to prove the length of your stay.	your passport must be valid for at least 6 months beyond your travel dates. a round/onward trip ticket is needed to prove the length of your stay
train_2174	508	1	 It can be customized to make it easy to read and also with as much or little color as desired.	it can be customized to make it easy to read and also with as much or little color as desired
train_2175	1459	1	 Fruit pastries are common, with apples cooked into pastries year-round and cherries and plums making their appearances during the summer.	fruit pastries are common with apples cooked into pastries year round and cherries and plums making their appearances during the summer
train_2176	176	1	 She gained critical acclaim during her time in Atlanta and was recognized for innovative urban education.	she gained critical acclaim during her time in atlanta and was recognized for innovative urban education
train_2177	1068	1	 The mob of people forced the king and queen to have their carriage windows wide open.	the mob of people forced the king and queen to have their carriage windows wide open
train_2178	390	1	 Sanskrit is an ancient language and is comparable to the Latin language spoken in Europe.	sanskrit is an ancient language and is comparable to the latin language spoken in europe
train_2179	160	1	 In third, Hamlin is 20 points behind, but 5 ahead of Bowyer. Kahn and Truex Jr. are 5th and 6th respectively, with 2,220 and 2,207 points.	in third hamlin is twenty points behind but five ahead of bowyer kahne and truex jr are fifth and sixth respectively with 2,220 and 2,207 points
train_2180	784	1	 Wildlife photography often requires a long telephoto lens, though things like a flock of birds or a tiny creature need other lenses.	wildlife photography often requires a long telephoto lens though things like a flock of birds or a tiny creature need other lenses
train_2181	226	0	 Dark energy is a completely invisible force that is constantly acting upon the universe.	dark energy is a completely invisible force that is constantly acting upon the universe
train_2182	969	0	 Over the centuries, people have carefully built terraces on the rugged, steep landscape right up to the cliffs that overlook the sea.	over the centuries people have carefully built terraces on the rugged steep landscape right up to the cliffs that overlook the sea
train_2183	777	1	 These events normally last anywhere between three and six months and are held on sites no smaller than 50 hectares.	these events normally last anywhere between three and six months and are held on sites no smaller than 50 hectares
train_2184	1310	1	 After all, the leader is ultimately responsible for the success and failure of the team.	after all the leader is ultimately responsible for the success and failure of the team
train_2185	109	1	 The capsule will look much more like a shooting star going across the sky.	the capsule will look much like a shooting star going across the sky
train_2186	1007	1	 Substance agriculture is agriculture carried out for the production of enough food to meet the ends of the agriculturist and his or her family.	subsistence agriculture is agriculture carried out for the production of enough food to meet just the needs of the agriculturalist and his/her family
train_2187	1437	1	 This behavior oftentimes results in rifts between the leaders and the rest of the team.	this behavior oftentimes results in rifts between the leaders and the rest of the team
train_2188	797	1	 Have another copy in your luggage and online, emailed to yourself with attachment, or stored in the cloud.	"have another copy in your luggage and online e-mail to yourself with attachment or stored in the cloud"""
train_2189	271	1	 Since then the Brazilian has featured in 53 matches for the club in all competitions and has scored 24 goals.	since then the brazilian has featured in 53 matches for the club in all competitions and has scored 24 goals
train_2190	295	0	 The Luno had 120 to 160 cubic meters of fuel aboard it when it broke down and high winds and waves pushed it into the breakwater.	the luno had 120-160 cubic metres of fuel aboard when it broke down and high winds and waves pushed it into the breakwater
train_2191	203	0	 The precipitation, reaching 6.34 inches on a gauge in Oahu, was described as beneficial.	the precipitation reaching 6.34 inches at a gauge on oahu was described as beneficial
train_2192	1286	0	 An up bow usually generates a softer sound while a down bow is stronger and more assertive.	an up-bow usually generates a softer sound while a down-bow is stronger and more assertive
train_2193	108	1	 When the capsule gets to Earth and enters the atmosphere at about 5 a.m. Eastern Time, it is expected to put on quite a light show for folks in Northern California, Oregon, Nevada, and Utah.	when the capsule gets to earth and enters the atmosphere at about 5am eastern time it is expected to put on quite a light show for folks in northern california oregon nevada and utah
train_2194	1063	1	 For example, one might say that the motor car necessarily leads to the development of roads.	for example one might say that the motor car necessarily leads to the development of roads
train_2195	1187	0	 Hershey and Chase used phages or viruses to implant their own DNA into the bacterium.	hershey and chase used phages or viruses to implant their own dna into a bacterium
train_2196	283	0	 Protests also took place in Paris, Sofia, in Bulgaria, Vilnius in Lithuania, Valetta in Malta, Tallinn in Estonia, and Edinburgh and Glasgow in Scotland.	protests also took place in paris sofia in bulgaria vilnius in lithuania valetta in malta tallinn in estonia and edinburgh and glasgow in scotland
train_2197	445	1	 Two-thirds of Venezuelans who work do so in the service sector, nearly a quarter work in industry and a fifth work in agriculture.	two thirds of venezuelans who work do so in the service sector nearly a quarter work in industry and a fifth work in agriculture
train_2198	863	0	 But in other parts of the world where the bacteriological fauna are new to you, you're far more likely to run into problems.	but in other parts of the world where the bacteriological fauna are new to you you're far more likely to run into problems
train_2199	44	0	 Fred currently has winds of 105 mph, 165 kmph, and is moving towards the northwest.	fred currently has winds of 105 miles per hour 165 km/h and is moving towards the northwest
train_2200	488	1	 Sikhs call their religion Gurmat, which is Punjabi for Way of the Guru. The Guru is a fundamental aspect of all Indian religions, but in Sikhism has taken on an importance that forms the core of Sikh beliefs.	sikhs call their religion gurmat which is punjabi for way of the guru the guru is a fundamental aspect of all indian religions but in sikhism has taken on an importance that forms the core of sikh beliefs
train_2201	1057	0	 Personal involvement and continuing relationships were also identified as the new motivational aspect by Ayn and McCord when they investigated audience reaction to websites.	 personal involvement” and  continuing relationships” were also identified as new motivation aspects by eighmey and mccord 1998 when they investigated audience reactions to websites
train_2202	648	1	 So many of us find ourselves watching a television show that informs us of a process or experience in which we will never participate or apply that knowledge.	so many of us find ourselves watching a television show that informs us of a process or experience in which we will never participate or apply that knowledge
train_2203	1335	1	 This type of manager has difficulty making unpopular decisions, performing disciplinary action, performance evaluations, assigning responsibility, and holding people accountable.	this type of manager has difficulty making unpopular decisions performing disciplinary action performance evaluations assigning responsibility and holding people accountable
train_2204	9	0	 Just after 11, protesters blocked traffic on the northbound carriage in Whitehall.	just after 11:00 protesters blocked traffic on the northbound carriage in whitehall
train_2205	1263	1	 City-states are the precursors of nations, as civilizational culture implies the passing on of knowledge across several generations, a lingering cultural footprint, and fair dissemination.	city-states are the precursors of nations a civilizational culture implies the passing on of knowledge across several generations a lingering cultural footprint and fair dissemination
train_2206	85	0	 In addition to the crushing ice, extreme weather conditions have been hampering rescue efforts.	in addition to the crushing ice extreme weather conditions have been hampering rescue efforts
train_2207	383	1	 However, in 991, Ethered was faced with a Viking fleet larger than any since Guthrum's a century earlier.	however in 991 ethelred was faced with a viking fleet larger than any since guthrum's a century earlier
train_2208	1371	1	 A moderate earthquake shook western Montana at 10.08pm on Monday.	a moderate earthquake shook western montana at 10:08 p.m. on monday
train_2209	16	0	 Panama Papers is an umbrella term for roughly 10 million documents from Panamanian law firm Mossack Fonseca leaked to the press in spring 2016.	panama papers is an umbrella term for roughly ten million documents from panamanian law firm mossack fonseca leaked to the press in spring 2016
train_2210	887	0	 Antarctica is the coldest place on earth and surrounds the South Pole.	antarctica is the coldest place on earth and surrounds the south pole
train_2211	186	1	 He was staying in the team hotel ahead of a match planned for Sunday against Bologna.	he was staying in the team hotel ahead of a match planned for sunday against bolonia
train_2212	1193	1	 Same goes for the military because instead of army rankings being based on class they were now based on caliber.	same goes for the military because instead of army rankings being based on class they were now based on cailaber
train_2213	558	1	 It's a very complex entity which consists, according to a simplified Bohr model, of a central nucleus orbited by electrons somewhat similar to planets orbiting the Sun. See Figure 1.1.	its a very complex entity which consists according to a simplified bohr model of a central nucleus orbited by electrons somewhat similar to planets orbiting the sun see figure 1.1
train_2214	1096	1	 Most of the distinct Baltic cruises feature an extended stay in St. Petersburg, Russia.	most of the distinct baltic cruises feature an extended stay in st petersburg russia
train_2215	530	0	 The sport is primarily played in a dual format, one fencer dueling another.	the sport is primarily played in a duel format one fencer dueling another
train_2216	412	0	 Arrows from their deadly crossbows could penetrate the armor of rival soldiers. About 1000 BC, the Assyrians introduced the first cavalry.	arrows from their deadly crossbows could penetrate the armor of rival soldiers about 1000 b.c. the assyrians introduced the first cavalry
train_2217	729	1	 For a few pennies, some children will tell you the story.	for a few pennies some children will tell you the story
train_2218	73	1	 As a result of this, a big scandal within the Greek legal community has been raised through the exposure of illegal actions that judges, lawyers, solicitors, and attorneys have done during the previous year.	as a result of this a big scandal within the greek legal community has been raised through the exposure of illegal actions that judges lawyers solicitors and attorneys have done during the previous years
train_2219	313	1	 The 30-year-old husband who was born in Buffalo was the four killed in the shooting, but his wife was not hurt.	the 30-year-old husband who was born in buffalo was one of the four killed in the shooting but his wife was not hurt
train_2220	670	0	 Any camping below the rim in Grand Cayo requires a backcountry permit.	any camping below the rim in grand canyon requires a backcountry permit
train_2221	1435	0	 Most insects have the advantage of being able to fold their wings back along the body.	most insects have the advantage of being able to fold their wings back along the body
train_2222	552	1	 Proper nutritional practices alone cannot generate elite performances, but they can significantly affect young athletes' overall wellness.	proper nutritional practices alone cannot generate elite performances but they can significantly affect young athletes' overall wellness
train_2223	1054	1	 A course will normally be from two to five days and will involve role play, a lot of first aid, and sometimes weapons training.	a course will normally be from 2-5 days and will involve role play a lot of first aid and sometimes weapons training
train_2224	907	0	 They are superior to web proxies for several reasons. They re-route all internet traffic, not only HTTP.	they are superior to web proxies for several reasons they re-route all internet traffic not only http
train_2225	45	1	 Fred is the strongest tropical cyclone ever recorded so far south and east in the Atlantic since the advent of satellite imagery and the only third major hurricane on the record east of 35 degrees west.	fred is the strongest tropical cyclone ever recorded so far south and east in the atlantic since the advent of satellite imagery and only the third major hurricane on record east of 35°w
train_2226	771	1	 Most of the temple festivals is celebrated as part of temple's anniversary or presiding deity's birthday or any other major event associated with the temple.	most of the temple festivals is celebrated as part of temple's anniversary or presiding deity's birthday or any other major event associated with the temple
train_2227	953	0	 Although you may think it is intuitive to join the airline you fly most, you should be aware that privileges offered are often different and frequent flyer points may be more generous over a different airline in the same alliance.	although you may think it is intuitive to join the airline you fly most you should be aware that privileges offered are often different and frequent flyer points may be more generous under a different airline in the same alliance
train_2228	696	1	 The city is holy to three monotheistic religions, Judaism, Christianity, and Islam, and serves as a spiritual, religious, and cultural center.	the city is holy to the three monotheistic religions judaism christianity and islam and serves as a spiritual religious and cultural center
train_2229	1253	1	 They did two experiments marking either the DNA in the phage with the radioactive phosphorus or the protein of the phage with radioactive sulfur.	they did two experiments marking either the dna in the phage with a radioactive phosphorus or the protein of the phage with radioactive sulfur
train_2230	718	1	 The Mapuche were also one of the last independent American indigenous groups that were not fully absorbed into Spanish-speaking rule until after Chile's independence.	the mapuche were also one of the last independent american indigenous groups that were not fully absorbed into spanish-speaking rule until after chile's independence
train_2231	274	1	 There is concern that patients may continue to infect more people by going through their daily routines if the flu symptoms remain mild.	there is concern that patients may continue to infect more people by going through their daily routines if the flu symptoms remain mild
train_2232	1183	0	 virtually all computers in use today are based on the manipulation of information which is coded in the form of binary numbers	virtually all computers in use today are based on the manipulation of information which is coded in the form of binary numbers
train_2233	1244	1	 All citizens of Vatican City are Roman Catholic.	all citizens of vatican city are roman catholic
train_2234	12	0	 Nadal's head-to-head record against the Canadian is 7-2.	nadal's head to head record against the canadian is 7-2
train_2235	233	1	 His name is still unknown to authorities, although we do know he is a member of the Waywar ethnic group.	his name is still unknown to authorities although they do know he is a member of the uighur ethnic group
train_2236	204	1	 Some of the rainfall was accompanied by thunderstorms and frequent lightning.	some of the rainfall was accompanied by thunderstorms and frequent lightning
train_2237	693	1	 The Angkor Pass is needed to enter the temple so do not forget to bring your passport along when heading to Tonle Sap.	the angkor pass is needed to enter the temple so do not forget to bring your passport along when heading to tonle sap
train_2238	469	0	 Its large glazed windows and thin walls would not have been able to resist a determined attack for long.	its large glazed windows and thin walls would not have been able to resist a determined attack for long
train_2239	911	0	 The actual purpose is to give those companies more control over their markets. It's all about money spinning.	the actual purpose is to give those companies more control over their markets it's all about money spinning
train_2240	635	1	 MRI is based on a physics phenomenon called nuclear magnetic resonance which was first discovered in the 1930s by Felix Bluch working at Stanford University and Edward Purcell from Harvard University.	mri is based on a physics phenomenon called nuclear magnetic resonance nmr which was discovered in the 1930s by felix bloch working at stanford university and edward purcell from harvard university
train_2241	189	1	 As on the night of August 9th, the eye of Marukot was about 70 kilometers away from the Chinese provision of Fujian.	as of the night of august 9 the eye of morakot was about seventy kilometres away from the chinese province of fujian
train_2242	760	0	 A hospitality exchange network is the organization that connects travelers with locals in the cities they are going to visit.	a hospitality exchange network is the organization that connects travelers with locals in the cities they are going to visit
train_2243	519	1	 The human hand is shorter than the foot with straighter phalanges.	the human hand is shorter than the foot with straighter phalanges
train_2244	1139	0	 Severe weather can occur anywhere in the world and there are different types of it, which can depend on geography, topography, and atmospheric conditions.	severe weather can occur anywhere in the world and there are different types of it which can depend on geography topography and atmospheric conditions
train_2245	800	1	 Moose, also known as elk, aren't inherently aggressive but will defend themselves if they perceive a threat.	moose also known as elk aren't inherently aggressive but will defend themselves if they perceive a threat
train_2246	873	1	 When you're on a staycation, you have the time to treat yourself and take a few extra minutes to brew up something special.	when you're on a staycation you have the time to treat yourself and take a few extra minutes to brew up something special
train_2247	1164	1	 The final match of the series will take place at Ellis Park in Johannesburg next week when the Springboks play Australia.	the final match of the series will take place at ellis park in johannesburg next week when the springboks play australia
train_2248	232	0	 The man suspected of detonating the bomb was detained after sustaining injuries from the blast	the man suspected of detonating the bomb was detained after sustaining injuries from the blast
train_2249	1042	0	 Other topics covered reportedly include the future state of Jerusalem, which is sacred to both nations, and the Jordan Valley issue.	other topics covered reportedly include the future state of jerusalem which is sacred to both nations and the jordan valley issue
train_2250	1490	1	 The show originally featured amateur voice actors local to East Texas.	the show originally featured amateur voice actors local to east texas
train_2251	520	0	 Fossil and bones 2 million to 3 million years old reveal the shift in specialization of the hand from locomotion to manipulation.	fossil hand bones two million to three million years old reveal this shift in specialization of the hand from locomotion to manipulation
train_2252	328	1	 Born in the Croatian capital, Zagreb, Bobek gained fame while playing for the partisan Belgrade.	born in the croatian capital zagreb bobek gained fame while playing for partizan belgrade
train_2253	926	1	 If just taking a photo of something isn't allowed, then you shouldn't even think of recording a video of it.	if just taking a photo of something isn't allowed then you shouldn't even think of recording a video of it
train_2254	1403	1	 They provide greater stability for the rider but can have safety concerns due to the potential for a rider's feet to get stuck in them.	they provide greater stability for the rider but can have safety concerns due to the potential for a rider's feet to get stuck in them
train_2255	1171	1	 The much-abused and often ridiculed rule of thirds is a simple guideline creating dynamism while keeping a measure of order in an image.	the much-abused and often-ridiculed rule of thirds is a simple guideline creating dynamism while keeping a measure of order in an image
train_2256	140	0	 At its peak, tropical cyclone GONU, named for a bag of palm leaves in the language of the Maldives, reached sustained winds of 240 km an hour, 149 mph.	at its peak tropical cyclone gonu named for a bag of palm leaves in the language of the maldives reached sustained winds of 240 kilometers an hour 149 miles per hour 
train_2257	300	1	 The failure of the second sentence which proposes to ban same-sex civil unions could possibly open the door for civil unions in the future.	the failure of the second sentence which proposes to ban same-sex civil unions could possibly open the door for civil unions in the future
train_2258	1024	0	 Tokyo will be the only Asian city to have hosted two Summer Olympics, having hosted the Games in 1964.	tokyo will be the only asian city to have hosted two summer olympics having hosted the games in 1964
train_2259	587	0	 These telescopes used a combination of two lenses to make distant objects appear both nearer and larger.	these telescopes used a combination of two lenses to make distant objects appear both nearer and larger
train_2260	240	0	 The issue started on January 1st when dozens of local residents started complaining to the Obanazawa Post Office that they hadn't received their traditional and regular New York or New York cards.	the issue started on january 1st when dozens of local residents started complaining to the obanazawa post office that they hadn't received their traditional and regular new year cards
train_2261	928	1	 Flying a drone near an airport or over a crowd is almost always a bad idea, even if it's not illegal in your area.	flying a drone near an airport or over a crowd is almost always a bad idea even if it's not illegal in your area
train_2262	439	1	 In 1951, a fire caused for only some of the relics of the Drukgyal Dzong to remain, such as the image of Zabdrung Gawangnamgyal.	in 1951 a fire caused for only some of the relics of the drukgyal dzong to remain such as the image of zhabdrung ngawang namgyal
train_2263	764	0	 He emailed students at the local university and received an overwhelming number of offers for free accommodation.	he emailed students at the local university and received an overwhelming number of offers for free accommodation
train_2264	1222	1	 Moldova is a multi-ethnic republic that has suffered from ethnic conflict.	moldova is a multi-ethnic republic that has suffered from ethnic conflict
train_2265	784	1	 Wildlife photography often requires a long telephoto lens, though things like a flock of birds or a tiny creature need other lenses.	wildlife photography often requires a long telephoto lens though things like a flock of birds or a tiny creature need other lenses
train_2266	1114	1	 Many of the traditions surrounding the holiday have been adopted also by non-believers in Christian countries and non-Christians around the world.	many of the traditions surrounding the holiday have been adopted also by non-believers in christian countries and non-christians around the world
train_2267	1082	1	 It can be made very thin and stuck onto other metal. It can be made so thin that it's sometimes used to decorate the hand-painted pictures in books called illuminated manuscripts.	it can be made very thin and stuck onto other metal it can be made so thin that it was sometimes used to decorate the hand-painted pictures in books called illuminated manuscripts
train_2268	690	1	 Phnom Krom, 12 km southwest of Siem Reap. This hilltop temple was built at the end of the 9th century during the reign of King Yasovarman.	phnom krom 12 km southwest of siem reap this hilltop temple was built at the end of the 9th century during the reign of king yasovarman
train_2269	1191	0	 Although wagon ways merely consisted of parallel planks of wood, they allowed horses pulling them to achieve greater speeds and pull larger loads than on the slightly more rough roads of the day.	although wagonways merely consisted of parallel planks of wood they allowed horses pulling them to achieve greater speeds and pull larger loads than on the slightly more rough roads of the day
train_2270	1297	1	 If you find yourself resetting the clock in your sleep, it could be placed on the other side of the room, forcing you to get out of bed to turn it off.	if you find yourself resetting the clock in your sleep it can be placed on the other side of the room forcing you to get out of bed to turn it off
train_2271	209	0	 According to reports, an apartment on Macbeth Street exploded due to a gas leak.	according to reports an apartment on macbeth street exploded due to a gas leak
train_2272	365	1	 First, the switch for the light fixture needs to be turned off or the cable disconnected.	first the switch for the light fixture needs to be turned off or the cable disconnected
train_2273	401	1	 Now for Japan. Japan was an island country, just like Britain.	now for japan japan was an island country just like britain
train_2274	1345	0	 Though each country was Scandinavian, there were many differences between the people, kings, customs, and history of Denmark, Sweden, Norway, and Iceland.	though each country was scandinavian' there were many differences between the people kings customs and history of denmark sweden norway and iceland
train_2275	1101	0	 Each year dozens of visitors are injured because they didn't keep a proper distance. These animals are large, wild, and potentially dangerous so give them their space.	each year dozens of visitors are injured because they didn't keep a proper distance these animals are large wild and potentially dangerous so give them their space
train_2276	1246	1	 In late 2015, Toginet established Astronet Radio as a subsidiary station.	in late 2015 toginet established astronet radio as a subsidiary station
train_2277	1159	0	 Periodic rhythms, which are not simply responses to external periodic cues, have been documented for most living beings, including bacteria, fungi, plants and animals.	periodic rhythms which are not simply responses to external periodic cues have been documented for most living beings including bacteria fungi plants and animals
train_2278	569	0	 The different constructions have different capabilities, are sensitive to different wavelengths, and have differing degrees of acuity. Also, they require different processing to make sense of the input and different numbers to work optimally.	the different constructions have different capabilities are sensitive to different wave-lengths and have differing degrees of acuity also they require different processing to make sense of the input and different numbers to work optimally
train_2279	40	1	 Each show would also provide recommendations for books that children should look for when they went to their library.	each show would also provide recommendations for books that children should look for when they went to their library
train_2280	241	1	 Yesterday, the Post Office released their apology to citizens and the media after discovering that the boy had hidden more than 600 postal documents, including 429 New Year postcards, which weren't delivered to their intended recipients.	yesterday the post office released their apology to citizens and the media after discovering that the boy had hidden more than 600 postal documents including 429 new year postcards which weren't delivered to their intended recipients
train_2281	288	1	 RSPCA New South Wales Chief Inspector David O'Shaughnessy told the ABC that surveillance and inspection of avatars should be commonplace in Australia.	rspca new south wales chief inspector david o'shannessy told the abc that surveillance and inspections of abattoirs should be commonplace in australia
train_2282	958	1	 If you want to fly around the world completely in the southern hemisphere, the choice of flights and destinations is limited due to the lack of transoceanic routes.	if you want to fly around the world completely in the southern hemisphere the choice of flights and destinations is limited due to the lack of transoceanic routes
train_2283	27	1	 His second goal of the night was his 60th of the season, becoming the first player to score 60 or more goals in a season since 1995-96 when Jamor Jagger and Mario Lemieux each reached that milestone.	his second goal of the night was his 60th of the season becoming the first player to score 60 or more goals in a season since 1995-96 when jaromir jagr and mario lemieux each reached that milestone
train_2284	117	1	 Scientists have suspected Encladius as globally active and possible source of Satan's icy earring.	scientists have suspected enceladus as geologically active and a possible source of saturn's icy e ring
train_2285	164	1	 An average class mine countermeasures ship. The ship was on its way to Puerto Princesa in Palawan.	an avenger class mine countermeasures ship the ship was on its way to puerto princesa in palawan
train_2286	513	1	 ADD affects relationships with other peers because other children cannot understand why they act the way that they do or why they spell the way that they do or their maturity level is different.	add affects relationships with other peers because other children can not understand why they act the way that they do or why they spell they way they do or that their maturity level is different
train_2287	1051	1	 Japan's Ministry of Economy, Trade and Industry said that it had been aware of 27 accidents related to the devices.	japan's ministry of economy trade and industry meti said that it had been aware of 27 accidents related to the devices
train_2288	398	0	 It had a weaker army and a weaker navy, although they had just built four new ships right before the beginning of the war.	it had a weaker army and a weaker navy although they had just built four new ships right before the beginning of the war
train_2289	1383	0	 In the PALM trial, ZMAP served as a control, meaning scientists used it as a baseline and compared the three other treatments to it.	in the palm trial zmapp served as a control meaning scientists used it as a baseline and compared the three other treatments to it
train_2290	1030	1	 Economic links have been re-established between these two parts of Moldova despite the failure in political negotiations.	economic links have been re-established between these two parts of moldova despite the failure in political negotiations
train_2291	1068	1	 The mob of people were forced the king of queen to have their carriage windows wide open.	the mob of people forced the king and queen to have their carriage windows wide open
train_2292	872	0	 Fill your home with a rich coffee in the morning and some relaxing chamomile tea at night.	fill your home with a rich coffee in the morning and some relaxing chamomile tea at night
train_2293	1243	0	 Despite there being no tsunami threat, residents started to panic and began to leave their businesses and homes.	despite there being no tsunami threat residents started to panic and began to leave their businesses and homes
train_2294	848	0	 If you want to learn throwing a boomerang that comes back to your hand, make sure you have a suitable boomerang for returning.	if you want to learn throwing a boomerang that comes back to your hand make sure you have a suitable boomerang for returning
train_2295	193	0	 Any length of time trapped on a roller coaster could be uncomfortable to say the least, and it took at least an hour to get the first person off the ride.	any length of time trapped on a roller coaster would be uncomfortable to say the least and it took at least an hour to get the first person off the ride
train_2296	1173	0	 Voyagers planning sex reassignment surgery abroad must ensure they are carrying valid documents for the return trip.	voyagers planning sex reassignment surgery abroad must ensure they're carrying valid documents for the return trip
train_2297	788	1	 Written words are often easier to understand than spoken words also. This is especially true of addresses which are often difficult to pronounce intelligibly.	written words are often easier to understand than spoken words also this is especially true of addresses which are often difficult to pronounce intelligibly
train_2298	1182	0	 After the results came in, Gingrich lauded Santorum but had tough words for Romney on whose behalf negative campaign advertisements were aired in Iowa against Gingrich.	after the results came in gingrich lauded santorum but had tough words for romney on whose behalf negative campaign advertisements were aired in iowa against gingrich
train_2299	1462	1	 Advisories are merely a brief summary of the political situation in one country.	advisories are merely a brief summary of the political situation in one country
train_2300	219	1	 Not all were supportive of the inclusion of the women's ranks.	not all were supportive of the inclusion of the women's ranks
train_2301	290	0	 The United States Geological Survey International Earthquake Map showed no earthquakes in Iceland in the week prior.	the united states geological survey international earthquake map showed no earthquakes in iceland in the week prior
train_2302	995	1	 Only a few airlines still offer bereavement fares which slightly discount the cost of last-minute funeral travel.	only a few airlines still offer bereavement fares which slightly discount the cost of last-minute funeral travel
train_2303	767	1	 The city of Beijing in China will be the host city of the Olympic Winter Games in 2022, which will make it the first city to have hosted both the Summer and Winter Olympics.	the city of beijing in china will be the host city of the olympic winter games in 2022 which will make it the first city to have hosted both the summer and winter olympics
train_2304	625	0	 Convergent thinking patterns are problem-solving techniques that unite different ideas or fields to find a solution.	convergent thinking patterns are problem solving techniques that unite different ideas or fields to find a solution
train_2305	606	1	 Time is something that is all around us and affects everything we do, yet it is difficult to understand.	time is something that is all around us and affects everything we do yet is difficult to understand
train_2306	513	0	 ADD affects relationships with other peers because other children cannot understand why they act the way they do or why they spell the way they do or that their maturity level is different.	add affects relationships with other peers because other children can not understand why they act the way that they do or why they spell they way they do or that their maturity level is different
train_2307	112	0	 It will move over the west coast of Northern California and will light the sky from California through central Oregon and on through Nevada and Idaho and into Utah, Tom Duxbury, Stardust's project manager said.	it will move over the west coast of northern california and will light the sky from california through central oregon and on through nevada and idaho and into utah tom duxbury stardust's project manager said
train_2308	1488	1	 Edgar Vigella received arm and jaw wounds while Christopher Schneider was left requiring reconstructive surgery for his face.	edgar veguilla received arm and jaw wounds while kristoffer schneider was left requiring reconstructive surgery for his face
train_2309	828	1	 For those willing to sacrifice comfort, time, and predictability to push expenses down close to zero, see Minimum Budget Travel.	for those willing to sacrifice comfort time and predictability to push expenses down close to zero see minimum budget travel
train_2310	386	1	 Hangul is the only purposely invented alphabet in popular daily use. The alphabet was invented in 1444 during the reign of King Sejong .	hangeul is the only purposely invented alphabet in popular daily use. the alphabet was invented in 1444 during the reign of king sejong 1418 – 1450
train_2311	1209	1	 The modern city of Casablanca was founded by Berber fishermen in the 10th century BCE and was used by the Phoenicians, Romans, and the Maronites as a strategic port called Anfa.	the modern city of casablanca was founded by berber fishermen in the 10th century bce and was used by the phoenicians romans and the merenids as a strategic port called anfa
train_2312	286	0	 Latvia and Slovakia have both delayed the process of joining ACTA.	latvia and slovakia have both delayed the process of joining acta
train_2313	986	1	 Most have involved people who work with poultry but there is also some risk to bird watchers.	most have involved people who work with poultry but there is also some risk to birdwatchers
train_2314	963	1	 With Armenian backing, a new republic was created. However, no established nation, not even Armenia, officially recognizes it.	with armenian backing a new republic was created however no established nation not even armenia officially recognizes it
train_2315	223	0	 The presenter, who was arrested at the scene, denied the attack and claimed he used the pole to protect himself from bottles being thrown at him by up to 30 people.	the presenter who was arrested at the scene denied the attack and claimed he used the pole to protect himself from bottles being thrown at him by up to thirty people
train_2316	789	1	 Many entire nations are completely fluent in English and even more you can expect a limited knowledge especially among younger people.	many entire nations are completely fluent in english and in even more you can expect a limited knowledge especially among younger people
train_2317	638	1	 Four years later, a patent was granted, which was the first patent issued in the field of MRI.	four years later a patent was granted which was the world's first patent issued in the field of mri
train_2318	255	1	 He received the Hero of the Soviet Union, the Soviet Union's highest honor, for his work.	he received the hero of the soviet union the soviet union's highest honor for his work
train_2319	1315	1	 Winter sports are most popular in the northern regions with Italians competing in international games and Olympic events.	winter sports are most popular in the northern regions with italians competing in international games and olympic events
train_2320	857	1	 Caring for others never let your bags out of your sight especially when you're crossing international borders.	carrying for others never let your bags out of your sight especially when you are crossing international borders
train_2321	1214	1	 However, they are not thought to have caused any damage to the shuttle.	however they are not thought to have caused any damage to the shuttle
train_2322	247	0	 Since Pakistani independence from British rule in 1947, the Pakistani president has appointed political agents to govern FATA, who exercise near complete autonomous control over the areas.	since pakistani independence from british rule in 1947 the pakistani president has appointed political agents to govern fata who exercise near-complete autonomous control over the areas
train_2323	1205	1	 The program started at 8.30 pm local time, 1500 UTC.	the program started at 8:30 p.m. local time 15.00 utc
train_2324	1198	1	 Michael Schumacher ended his race not long after Alonso because of the suspension damage in the numerous battles during the race.	michael schumacher ended his race not long after alonso because of the suspension damage in the numerous battles during the race
train_2325	68	1	 When the tenants started sharing what had occurred to them, most of the families involved suddenly realized that Carolyn Wilson of the OHA had stolen their security deposits and skipped out of town.	when the tenants started sharing what had occurred to them most of the families involved suddenly realized that carolyn wilson of the oha had stolen their security deposits and skipped out of town
train_2326	250	1	 The building housed a number of pilgrims who came to visit the Holy City at the eve of Hodge pilgrimage.	the building housed a number of pilgrims who came to visit the holy city at the eve of hajj pilgrimage
train_2327	1032	1	 The road where the crash happened was temporarily closed while emergency services freed the driver from the red Audi TT.	the road where the crash happened was temporarily closed while emergency services freed the driver from the red audi tt
train_2328	61	1	 Apple CEO Steve Jobs unveiled the device by walking on the stage and taking out the iPhone out of his jeans pocket.	apple ceo steve jobs unveiled the device by walking onto the stage and taking the iphone out of his jeans pocket
train_2329	1463	1	 A binary number can have only one of two values, in example, 0 or 1, and these numbers are referred to as binary digits or bits to use computer jargon.	a binary number can have only one of two values i.e. 0 or 1 and these numbers are referred to as binary digits or bits to use computer jargon
train_2330	452	0	 Learning to create interactive media requires conventional and traditional skills, as well as tools mastered in interactive classes, storyboarding, audio and video editing, storytelling, and etc.	learning to create interactive media requires conventional and traditional skills as well as tools mastered in interactive classes storyboarding audio and video editing story telling etc.
train_2331	93	0	 Diplomats said that they have found enough ambiguity in the Afghan constitution to determine the runoff as unnecessary.	diplomats said that they had found enough ambiguity in the afghan constitution to determine the runoff as unnecessary
train_2332	1096	1	 Most of the distinct Baltic cruises feature an extended stay in St. Petersburg, Russia.	most of the distinct baltic cruises feature an extended stay in st petersburg russia
train_2333	1392	0	 In France, voting has traditionally been a low-tech experience. Voters isolate themselves in a booth, put a pre-printed sheet of paper indicating their candidates of choice into an envelope.	in france voting has traditionally been a low-tech experience voters isolate themselves in a booth put a pre-printed sheet of paper indicating their candidate of choice into an envelope
train_2334	490	1	 However, in June 1956, Kruszkow's promises were put to the test when riots in Poland, where workers were protesting against food shortages and wage general protest against communism,	however in june 1956 krushchev's promises were put to the test when riots in poland where workers were protesting against food shortages and wage cuts turned into a general protest against communism
train_2335	1050	0	 The two towers rise to a height of 83 meters. It's 378 meters long and it has two lanes of 3.5 meters wide.	the two towers rise to a height of 83 meters it's 378 meters long and it has two lanes of 3.50 m wide
train_2336	215	1	 Both golf and rugby are set to return to the Olympic Games.	both golf and rugby are set to return to the olympic games
train_2337	758	0	 While they are usually privately owned, they sometimes accommodate visiting heads of state and other dignitaries.	while they are usually privately owned they sometimes accommodate visiting heads of state and other dignitaries
train_2338	110	1	 The capsule will be traveling at about 12.8 kilometers or 8 miles per second, fast enough to go from San Francisco to Los Angeles in one minute.	the capsule will be traveling at about 12.8 km or 8 miles per second fast enough to go from san francisco to los angeles in one minute
train_2339	1048	0	 He trained as an obstetrician and began to work at the Auckland's National Women's Hospital in 1959.	he trained as an obstetrician and began to work at the auckland's national women's hospital in 1959
train_2340	863	0	 But in other parts of the world, where the bacteriological fauna are new to you, you're far more likely to run into problems.	but in other parts of the world where the bacteriological fauna are new to you you're far more likely to run into problems
train_2341	370	0	 Some scientists think Triceratops ate cyads, which are a type of plant that was common in the Cretaceous.	some scientists think triceratops ate cycads which are a type of plant that was common in the cretaceous
train_2342	907	0	 They are only superior to web proxies for several reasons. They reroute all internet traffic, not only HTTP.	they are superior to web proxies for several reasons they re-route all internet traffic not only http
train_2343	309	0	 As well as a former Olympic and World Champion, Saito was the All Japan Judo Federation Training Committee Chairman at the time of his death.	as well as a former olympic and world champion saito was the all japan judo federation training committee chairman at the time of his death
train_2344	759	0	 A traveler with piles of money might consider a round-the-world flight broken up with stays in many of these hotels.	a traveller with piles of money might consider a round the world flight broken up with stays in many of these hotels
train_2345	583	0	 Tornadoes uproot trees, rip boards from buildings, and fling cars up into the sky. The most violent 2% of tornadoes last more than 3 hours.	tornadoes uproot trees rip boards from buildings and fling cars up into the sky the most violent two percent of tornadoes last more than three hours
train_2346	398	1	 It had a weaker army and a weaker navy, although they had just built four new ships right before the beginning of the war.	it had a weaker army and a weaker navy although they had just built four new ships right before the beginning of the war
train_2347	359	0	 They do this by emitting a tiny particle of light called a photon.	they do this by emitting a tiny particle of light called a photon
train_2348	736	1	 Serena is the only ranger station that offers dormitory lodging and hot meals in addition to camping. La Leona, San Pedro and Los Patos offer only camping with no food service.	sirena is the only ranger station that offers dormitory lodging and hot meals in addition to camping la leona san pedrillo and los patos offer only camping with no food service
train_2349	560	1	 Protons have a positive electric charge, while neutrons have no charge. The electrons have a negative electric charge.	protons have a positive electric charge while neutrons have no charge the electrons have a negative electric charge
train_2350	1035	0	 Comets may possibly have been a source of water delivery to the Earth along with organic matter that can form proteins and support life.	comets may possibly have been a source of water delivery to the earth along with organic matter that can form proteins and support life
train_2351	1302	0	 Written on the back of the Declaration of Independence were the words, Original Declaration of Independence dated 4th July 1776. The text appears on the bottom of the document upside down.	written on the back of the declaration of independence were the words original declaration of independence dated 4th july 1776 the text appears on the bottom of the document upside down
train_2352	263	1	 AU Trade and Industry Commissioner Albert Muchanga announced Benin was to join.	au trade and industry commissioner albert muchanga announced benin was to join
train_2353	304	1	 He documented himself in a 1998 book.	he documented himself in a 1998 book
train_2354	170	0	 Perry specifically said there are few places in the world better equipped to meet the challenge that is posed in this case.	perry specifically said there are few places in the world better equipped to meet the challenge that is posed in this case
train_2355	878	0	 An infectious disease is one that is caused by a pathogen such as a virus, bacterium, fungus, or other parasites.	an infectious disease is one that is caused by a pathogen such as a virus bacterium fungus or other parasites
train_2356	883	1	 Residents from other areas often cite family friendliness as a primary reason for moving there, and visitors often find the city easy to enjoy with children around.	residents from other areas often cite family-friendliness as a primary reason for moving there and visitors often find the city easy to enjoy with children around
train_2357	1034	1	 There are no particular rainy or dry seasons. The amount of rain stays roughly the same throughout the year.	there are no particular rainy and dry seasons the amount of rain stays roughly the same throughout the year
train_2358	617	1	 There was also another tribe on the Chatham Islands. These were Maori who migrated away from New Zealand.	there was also another tribe on the chatham islands these were maori who migrated away from new zealand
train_2359	541	1	 Troops reinforcing the forward positions included the 1st and 3rd New Hampshire regiments of 200 men under Colonel John Stark and James Reed. Both later became generals.	troops reinforcing the forward positions included the 1st and 3rd new hampshire regiments of 200 men under colonels john stark and james reed both later became generals
train_2360	976	0	 Similarly, a British traveler in Spain may mistake a wave goodbye involving the palm facing the waver, rather than the person being waved at, as a gesture to come back.	similarly a british traveller in spain may mistake a wave goodbye involving the palm facing the waver rather than the person being waved at as a gesture to come back
train_2361	156	1	 15 of these rocks are attributed to the meteorite shower last July.	fifteen of these rocks are attributed to the meteorite shower last july
train_2362	173	1	 If confirmed, the find completes Alan's 8-year search for the Musashi.	if confirmed the find completes allen's eight-year search for the musashi
train_2363	972	1	 In particular, the numbering system in French-speaking Belgium and Switzerland has some slight peculiarities that are different from the French spoken in France. And the pronunciation of some words is slightly different.	in particular the numbering system in french-speaking belgium and switzerland has some slight peculiarities that are different from the french spoken in france and the pronunciation of some words is slightly different
train_2364	702	1	 Cuban citizens who are U.S. green card holders should visit an Ecuadorian consulate to obtain an exemption to this requirement.	cuban citizens who are us green card holders should visit an ecuadorian consulate to obtain an exemption to this requirement
train_2365	44	1	 Fred currently has winds of 105 mph and is moving toward the northwest.	fred currently has winds of 105 miles per hour 165 km/h and is moving towards the northwest
train_2366	547	1	 General James Ewing would take 700 militia across the river at Trenton Ferry, seize the bridge over the Assam Pink Creek, and prevent any enemy troops from escaping.	general james ewing would take 700 militia across the river at trenton ferry seize the bridge over the assunpink creek and prevent any enemy troops from escaping
train_2367	202	1	 Its remnants produced showers across most of the islands, though as of yet no damage or flooding has been reported.	its remnants produced showers across most of the islands though as of yet no damage or flooding has been reported
train_2368	184	1	 The Health Minister expressed concern both for the welfare of individuals taking advantage of the temporary legality of the substances involved and for drug-related convictions handed down since the now unconstitutional changes came into effect.	the health minister expressed concern both for the welfare of individuals taking advantage of the temporary legality of the substances involved and for drug-related convictions handed down since the now-unconstitutional changes came into effect
train_2369	1167	0	 Their predecessors, the Australopithecus, did not walk upright as habitually.	their predecessors the australopithecus did not walk upright as habitually
train_2370	1363	1	 Rare fauna such as the European brown bear, wolf, eagle, owl, lynx, wildcat and capercaillie can be found there along with many more common species.	rare fauna such as the european brown bear wolf eagle owl lynx wild cat and capercaillie can be found there along with many more common species
train_2371	288	0	 RSPCA NSW Chief Inspector David O. Shenessey told the ABC that surveillance and inspections of abattoirs should be commonplace in Australia.	rspca new south wales chief inspector david o'shannessy told the abc that surveillance and inspections of abattoirs should be commonplace in australia
train_2372	1377	1	 Two songs from the movie, Audition, The Fools Who Dream, and City of Stars received nominations for Best Original Song. Lionsgate Studio received 26 nominations, more than any other studio.	two songs from the movie audition the fools who dream and city of stars received nominations for best original song. lionsgate studio received 26 nominations — more than any other studio
train_2373	509	1	 The attention deficit disorder is a neurological syndrome whose classic defining triad of symptoms including impulsivity, distractibility, and hyperactivity or excessive energy.	attention deficit disorder is a neurological syndrome whose classic defining triad of symptoms including impulsivity distractibility and hyperactivity or excess energy
train_2374	757	1	 The old-fashioned fittings, the lack of the latest amenities, and a certain graceful agedness are also part of their character.	the old fashioned fittings the lack of the latest amenities and a certain graceful agedness are also part of their character
train_2375	514	0	 As the ability to obtain knowledge and to learn changed in such a way as mentioned above, the base rate at which knowledge was obtained changed.	as the ability to obtain knowledge and to learn changed in such a way as mentioned above the base rate at which knowledge was obtained changed
train_2376	97	0	 The IL-76 has been a major component of both the Russian and Soviet military since the 1970s and had already seen a serious accident in Russia last month.	the il-76 has been a major component of both the russian and soviet military since the 1970s and had already seen a serious accident in russia last month
train_2377	1457	0	 The games kicked off at 10am with great weather and apart from mid-morning drizzle which quickly cleared up, it was a perfect day for Sevens rugby.	the games kicked off at 10:00am with great weather and apart from mid morning drizzle which quickly cleared up it was a perfect day for 7's rugby
train_2378	45	0	 FRED is the strongest tropical cyclone ever recorded so far south and east in the Atlantic since the advent of satellite imagery and only the third major hurricane on record east of 35 degrees west.	fred is the strongest tropical cyclone ever recorded so far south and east in the atlantic since the advent of satellite imagery and only the third major hurricane on record east of 35°w
train_2379	124	1	 The U.S. says it has received information from an undisclosed source that specifically mentions the use of suicide bombers to blow up prominent landmarks in Ethiopia and Kenya.	the u.s. says it has received information from an undisclosed source that specifically mentions the use of suicide bombers to will blow up prominent landmarks in ethiopia and kenya
train_2380	422	1	 Some German monks wanted to bring God closer to the native people, so they invented the Estonian literal language.	some german monks wanted to bring god closer to the native people so they invented the estonian literal language
train_2381	1091	1	 While visiting the monasteries, women are required to wear skirts covering the knees and have their shoulders covered too.	while visiting the monasteries women are required to wear skirts covering the knees and have their shoulders covered too
train_2382	932	1	 In general, staying in any foreign country for an extended period of time will require you to obtain a visa in advance.	in general staying in any foreign country for an extended period of time will require you to obtain a visa in advance
train_2383	341	1	 Zayat wasn't hurt in the accident.	zayat was unhurt in the accident
train_2384	805	1	 Eyeglasses can be cheaper in a foreign country, especially in low-income countries where labor costs are lower.	eyeglasses can be cheaper in a foreign country especially in low-income countries where labour costs are lower
train_2385	990	0	 The glaciers are not stable but flow down the mountain. This will cause cracks, crevices, which may be obscured by snow bridges.	the glaciers are not stable but flow down the mountain this will cause cracks crevasses which may be obscured by snow bridges
train_2386	1137	1	 The village of Haldarvsek offer views of the nearby island Isturo and has an unusual octagonal church.	the village of haldarsvík offer views of the nearby island eysturoy and has an unusual octagonal church
train_2387	1354	0	 Izmir is the third largest city in Turkey with a population of around 3.7 million, the second biggest port after Istanbul, and a very good transport hub.	i̇zmir is the third largest city in turkey with a population of around 3.7 million the second biggest port after istanbul and a very good transport hub
train_2388	611	1	 Computers today are used to manipulate pictures and videos.	computers today are used to manipulate pictures and videos
train_2389	1327	0	 Backpacking by ski. This activity is also called backcountry ski, ski touring, or ski hiking.	backpacking by ski this activity is also called backcountry ski ski touring or ski hiking
train_2390	1444	1	 The fatalities were Nicholas Alden, 25, and Zachary Kudbeck, 21. Kudbeck had been the driver.	the fatalities were nicholas alden 25 and zachary cuddeback 21 cuddeback had been the driver
train_2391	1000	1	 Police said they suspect an alleged Daesh militant of responsibility for the attack.	police said they suspect an alleged daesh isil militant of responsibility for the attack
train_2392	831	1	 Some cross-border train inspections are done on the running train and you should have valid ID with you when boarding one of those trains.	in some cross-border trains inspections are done on the running train and you should have valid id with you when boarding one of those trains
train_2393	60	1	 These bosses had been reigned in by Provenzano when he put an end to the arena-driven war against the state that claimed the lives of Mafia crusaders Giovanni Falcone and Paolo Borsellino in 1992.	these bosses had been reined in by provenzano when he put an end to the riina-driven war against the state that claimed the lives of mafia crusaders giovanni falcone and paolo borsellino in 1992
train_2394	1044	0	 The area is also home to an extremely wide variety of animal and bird species.	the area is also home to an extremely wide variety of animal and bird species
train_2395	1330	1	 Commons administrator Adam Cairdon expressed his frustration over the deletions when he spoke to Wikinews last month.	commons administrator adam cuerden expressed his frustration over the deletions when he spoke to wikinews last month
train_2396	132	1	 An additional 300 brings the total to 1,300 carriages to be acquired to relieve overcrowding.	an additional 300 brings the total to 1,300 carriages to be acquired to relieve overcrowding
train_2397	43	1	 The storm, situated about 645 miles west of the Cape Verde Islands, is likely to dissipate before threatening any inland areas, forecasters say.	the storm situated about 645 miles 1040 km west of the cape verde islands is likely to dissipate before threatening any land areas forecasters say
train_2398	216	0	 The International Olympic Committee voted to include the sports in its executive board meeting in Berlin today. Rugby, specifically rugby union, and golf were selected over five other sports to be considered to participate in the Olympics.	the international olympic committee voted to include the sports at its executive board meeting in berlin today rugby specifically rugby union and golf were selected over five other sports to be considered to participate in the olympics
train_2399	377	1	 The gas becomes thinner as you go farther from the center of the Sun.	the gas becomes thinner as you go farther from the center of the sun
train_2400	151	1	 Sir Richard Branson's Virgin Group had a bid for the bank rejected prior to the bank's nationalization.	sir richard branson's virgin group had a bid for the bank rejected prior to the bank's nationalisation
train_2401	815	0	 Family with small children may need more preparation but a day outdoor is easily possible even with babies and preschool children.	families with small children may need more preparations but a day outdoors is easily possible even with babies and pre-school children
train_2402	35	1	 At exactly 8.46am, a hush fell across the city, marking the exact moment the first jet struck its target.	at exactly 8:46 a.m. a hush fell across the city marking the exact moment the first jet struck its target
train_2403	855	1	 MetroPlus is more comfortable and less crowded but slightly more expensive, though still cheaper than normal Metro tickets in Europe.	metroplus is more comfortable and less crowded but slightly more expensive though still cheaper than normal metro tickets in europe
train_2404	403	1	 Submarines were used in World War I and World War II. Back then they were very slow and had a very limited shooting range.	submarines were used in world war i and world war ii back then they were very slow and had a very limited shooting range
train_2405	510	0	 It is not a learning disability, it is a learning disorder. It affects 3-5% of all children, perhaps as many as 2 million American children.	it is not a learning disability it is a learning disorder it affects 3 to 5% of all children perhaps as many as 2 million american children
train_2406	77	1	 He did, however, reiterate his earlier statements that Roe v. Wade was the settled law of the land, emphasizing the importance of consistent Supreme Court rulings.	he did however reiterate his earlier statement that roe v wade was the settled law of the land emphasizing the importance of consistent supreme court rulings
train_2407	337	1	 To finish, Turkish dance group Fire of Anatolia performed this show Troy.	to finish turkish dance group fire of anatolia performed the show troy
train_2408	1100	0	 South Africa have defeated the All Blacks New Zealand in a rugby union tri-nations match at the Royal Baffogan Stadium in Luxembourg, South Africa.	south africa have defeated the all blacks new zealand in a rugby union tri nations match at the royal bafokeng stadium in rustenburg south africa
train_2409	947	1	 The White Sea Baltic Canal connects the Arctic Ocean to the Baltic Sea via Lake Onega, Lake Ladoga and St. Petersburg, mostly by rivers and lakes.	the white sea-baltic canal connects the arctic ocean to the baltic sea via lake onega lake ladoga and saint petersburg mostly by rivers and lakes
train_2410	904	0	 They generate high winds, often 100 to 200 miles per hour, and can definitely lift heavy objects into the air, carrying them as the tornado moves.	they generate high winds often 100-200 miles/hour and can lift heavy objects into the air carrying them as the tornado moves
train_2411	1450	1	 They found the Sun operated on the same basic principles as the other stars. The activity of all the stars in the system was found to be driven by their luminosity, their rotation, and nothing else.	they found the sun operated on the same basic principles as other stars the activity of all stars in the system was found to be driven by their luminosity their rotation and nothing else
train_2412	1265	0	 In developed countries, you seldom hear similar levels of complaints about water quality or bridges falling down.	in developed countries you seldom hear similar levels of complaints about water quality or bridges falling down
train_2413	1178	1	 All animals that originally arrived in the islands came here either by swimming, flying, or floating.	all animals that originally arrived in the islands came here either by swimming flying or floating
train_2414	137	1	 The algae produces a neurotoxin that can disable nerves in both humans and fish.	the algae produces a neurotoxin that can disable nerves in both humans and fish
train_2415	1463	0	 A binary number can have only one of two values, 0 or 1, and these numbers are referred to as binary digits, or bits, to use computer jargon.	a binary number can have only one of two values i.e. 0 or 1 and these numbers are referred to as binary digits or bits to use computer jargon
train_2416	1051	1	 Japan's Ministry of Economy, Trade and Industry, METI, said that it had been aware of 27 accidents related to the devices.	japan's ministry of economy trade and industry meti said that it had been aware of 27 accidents related to the devices
train_2417	845	1	 While it's far from a modern phenomenon, most people probably associate it with youth vandalizing public and private property using spray paint.	while it's far from a modern phenomenon most people probably associate it with youth vandalizing public and private property using spray paint
train_2418	297	0	 The 100-meter ship was en route to pick up its usual fertilizer cargo, and initially officials feared the vessel could spill a load.	the 100-metre ship was en route to pick up its usual fertiliser cargo and initially officials feared the vessel could spill a load
train_2419	1298	1	 Traveling by plane can be a scary experience for people of all ages and backgrounds, particularly if they've not flown before or have experienced a traumatic event.	travelling by plane can be a scary experience for people of all ages and backgrounds particularly if they've not flown before or have experienced a traumatic event
train_2420	1392	1	 In France, voting has traditionally been a low-tech experience. Voters isolate themselves in a booth, put a pre-printed sheet of paper indicating their candidate of choice into an envelope.	in france voting has traditionally been a low-tech experience voters isolate themselves in a booth put a pre-printed sheet of paper indicating their candidate of choice into an envelope
train_2421	745	1	 In developed countries today, providing deluxe bed and breakfasts have been raised to a sort of art form.	in developed countries today providing deluxe bed and breakfasts has been raised to a sort of art-form
train_2422	294	0	 The clouds presented the potential for confusion as to whether an actual eruption had taken place.	the clouds presented the potential for confusion as to whether an actual eruption had taken place
train_2423	285	1	 Last month there were major protests in Poland when that country signed ACTA, which has led to the Polish government deciding not to ratify the agreement for now.	last month there were major protests in poland when that country signed acta which has led to the polish government deciding not to ratify the agreement for now
train_2424	676	1	 This can be done in a normal car with careful planning, but a 4x4 is highly advised and many locations are only accessible with the high wheelbase 4x4.	this can be done in a normal car with careful planning but a 4x4 is highly advised and many locations are only accessible with a high wheel base 4x4
train_2425	841	0	 However, nearly all of the casinos listed above sell drinks, and several of them bring in in-brand entertainment, primarily the large ones immediately surrounding Abu Kikwi and Santa Fe.	however nearly all of the casinos listed above serve drinks and several of them bring in name-brand entertainment primarily the large ones immediately surrounding albuquerque and santa fe
train_2426	1301	1	 His research showed that if a hormone was administered, it would speed up the baby's photolung maturation.	his research showed that if a hormone was administered it would speed up the baby's foetal lung maturation
train_2427	1421	0	 In 1683, Qing Dynasty forces take control of Taiwan's western and northern coastal areas and declared Taiwan as a province of the Qing Empire in 1885.	in 1683 qing dynasty 1644-1912 forces take control of taiwan’s western and northern coastal areas and declared taiwan as a province of the qing empire in 1885
train_2428	1410	1	 They can also hold the reservation for you if you need time to think about the offer or procure other documents for your destination, for example a visa.	they can also hold the reservation for you if you need time to think about the offer or procure other documents for your destination e.g. visa
train_2429	1063	0	 For example, one might say that the motor car necessarily leads to the development of roads.	for example one might say that the motor car necessarily leads to the development of roads
train_2430	937	0	 Income tax is structured differently in different countries and the tax rates in brackets vary widely from one country to another.	income tax is structured differently in different countries and the tax rates and brackets vary widely from one country to another
train_2431	537	1	 Beaches, theme parks, and campgrounds are often the most common places frequented by recreational tourists.	beaches theme parks and camp grounds are often the most common places frequented by recreational tourists
train_2432	792	1	 Buying food in supermarkets is usually the cheapest way to get fed. Without cooking opportunities, choices are however limited to ready-made food.	buying food in supermarkets is usually the cheapest way to get fed without cooking opportunities choices are however limited to ready-made food
train_2433	524	1	 This is just as exhausting as if you were to wake up every 20 or 30 minutes and watch TV.	this is just as exhausting as if you were to wake up every twenty or thirty minutes and watch tv
train_2434	443	1	 In the last years of the 18th century, the Vietnamese also invaded Cambodia.	in the last years of the 18th century the vietnamese also invaded cambodia
train_2435	716	0	 This will ensure that your particular interests and or constraints are matched with the ship most suitable to them.	this will ensure that your particular interests and/or constraints are matched with the ship most suitable to them
train_2436	326	0	 Scientists at the National Hurricane Center predict that Daniele was strengthened to a hurricane by Wednesday.	scientists at the national hurricane center predict that danielle will strengthen to a hurricane by wednesday
train_2437	977	0	 Auxiliary languages are artificial or constructed languages created with the intent of facilitating communication between peoples who would otherwise have difficulty communicating.	auxiliary languages are artificial or constructed languages created with the intent of facilitating communication between peoples who would otherwise have difficulty communicating
train_2438	274	1	 There is concern that patients may continue to infect more people by going through their daily routines if the flu symptoms remain mild.	there is concern that patients may continue to infect more people by going through their daily routines if the flu symptoms remain mild
train_2439	407	0	 Yes, King Tutankhamun, sometimes referred to as King Tut or the Boy King, is one of the most well-known ancient Egyptian kings in modern times.	yes king tutankhamun sometimes referred to as king tut or the boy king is one of the most well known ancient egyptian kings in modern times
train_2440	522	0	 The main reason for this phenomenon is the result of the lucid dreams expanding the length of time between REM states.	the main reason for this phenomenon is the result of the lucid dreams expanding the length of time between rem states
train_2441	612	1	 Sophisticated animations can be constructed on computers and this kind of animation is increasingly being used in television and films.	sophisticated animations can be constructed on computers and this kind of animation is increasingly being used in television and films
train_2442	1034	0	 There is no particular rainy and dry seasons. The amount of rain stays roughly the same throughout the year.	there are no particular rainy and dry seasons the amount of rain stays roughly the same throughout the year
train_2443	418	1	 The number of native speakers varies depending on whether or not very closely related dialects are counted.	the number of native speakers varies depending on whether or not very closely related dialects are counted
train_2444	1279	0	 After a week of losses in the midterm election, Bush told an audience about the expansion of trade in Asia.	after a week of losses in the midterm election bush told an audience about the expansion of trade in asia
train_2445	441	1	 During the 18th century Cambodia found itself squeezed between two powerful neighbors, Thailand and Vietnam.	during the 18th century cambodia found itself squeezed between two powerful neighbors thailand and vietnam
train_2446	336	0	 Turkish diva Sezen Aksu performed with the Italian tenor Alessandro Safina and Greek singer Harris Alexio.	turkish diva sezen aksu performed with the italian tenor alessandro safina and greek singer haris alexiou
train_2447	534	1	 The game is played on grass, and the grass around the hole is mown shorter and called the green.	the game is played on grass and the grass around the hole is mown shorter and called the green
train_2448	284	1	 In London, about 200 people protested outside some major copyright holders' offices.	in london about 200 people protested outside some major copyright holders' offices
train_2449	1040	1	 All of the cave entrances which were named the Seven Sisters are at least 100 to 250 meters in diameter.	all of the cave entrances which were named the seven sisters are at least 100 to 250 meters 328 to 820 feet in diameter
train_2450	433	0	 Luxembourg has a long history, but its independence dates from 1839.	luxembourg has a long history but its independence dates from 1839
train_2451	38	0	 The PBS show has more than two dozen Emmy Awards and its run is shorter only than Samsung Street and Mr. Rogers' Neighborhood.	the pbs show has more than two-dozen emmy awards and its run is shorter only than sesame street and mister rogers' neighborhood
train_2452	50	1	 The New Zealand police had trouble using their speed radar guns to see how fast Mr. Reid was going because of how low Black Beauty is and the only time the police managed to clock Mr. Reid was when he slowed down to 160 km per hour.	the new zealand police had trouble using their speed radar guns to see how fast mr reid was going because of how low black beauty is and the only time the police managed to clock mr reid was when he slowed down to 160km/h
train_2453	7	0	 Since moving to the Catalan capital, Vidal has played 49 games for the club.	since moving to the catalan-capital vidal had played 49 games for the club
train_2454	419	1	 Estimates range from 340 million to 500 million speakers and as many as 800 million people can understand the language.	estimates range from 340 million to 500 million speakers and as many as 800 million people can understand the language
train_2455	1130	0	 The amount of inner peace a person possesses correlates oppositely to the amount of tension in one's body and spirit.	the amount of inner peace a person possesses correlates oppositely to the amount of tension in one's body and spirit
train_2456	10	1	 At 11.20, the police asked the protesters to move back onto the pavement, stating that they needed to balance the right to protest with the traffic building up.	at 11:20 the police asked the protesters to move back on to the pavement stating that they needed to balance the right to protest with the traffic building up
train_2457	72	1	 The famous Greek lawyers, Sackis Ketchigogl and George Nikolopoulos, have been imprisoned in the Athens jail of Kraldalos as they were found guilty of graft and corruption.	the famous greek lawyers sakis kechagioglou and george nikolakopoulos have been imprisoned in the athens' jail of korydallus as they were found guilty of graft and corruption
train_2458	643	1	 The use of the internet and world wide web allows learners to have access to information at all times.	the use of the internet and the world wide web allows learners to have access to information at all times
train_2459	1316	1	 Some roads have been damaged, railway service interrupted in the affected areas, and the Noto Airport in Ishikawa Prefecture remains closed.	some roads have been damaged railway service interrupted in the affected areas and the noto airport in ishikawa prefecture remains closed
train_2460	73	0	 As a result of this, a big scandal within the Greek legal community has been raised through the exposure of illegal actions that judges, lawyers, solicitors, and attorneys have done during the previous years.	as a result of this a big scandal within the greek legal community has been raised through the exposure of illegal actions that judges lawyers solicitors and attorneys have done during the previous years
train_2461	643	1	 The use of the Internet and the World Wide Web allows learners to have access to information at all times.	the use of the internet and the world wide web allows learners to have access to information at all times
train_2462	1276	1	 A doctor who worked at Children's Hospital of Pittsburgh, Pennsylvania will be charged with aggravated murder after her mother was found dead in the trunk of her car Wednesday, authorities in Ohio say.	a doctor who worked at children's hospital of pittsburgh pennsylvania will be charged with aggravated murder after her mother was found dead in the trunk of her car wednesday authorities in ohio say
train_2463	1466	0	 During the 1980s, he worked on shows such as Taxi, Cheers, and The Tracy Ullman Show.	during the 1980s he worked on shows such as taxi cheers and the tracy ullman show
train_2464	1243	1	 Despite there being no tsunami threat, residents started to panic and began to leave their businesses and homes.	despite there being no tsunami threat residents started to panic and began to leave their businesses and homes
train_2465	614	1	 For a long time during the 19th and 20th centuries it was believed the first inhabitants of New Zealand were the Maori people who hunted giant birds called moas.	for a long time during the nineteenth and twentieth centuries it was believed the first inhabitants of new zealand were the maori people who hunted giant birds called moas
train_2466	368	1	 Blood glows away from the heart in tubes called arteries and comes back to the heart in tubes called veins. The smallest tubes are called capillaries.	blood goes away from the heart in tubes called arteries and comes back to the heart in tubes called veins the smallest tubes are called capillaries
train_2467	252	0	 The death toll is at least 15, a figure which is expected to rise.	the death toll is at least 15 a figure which is expected to rise
train_2468	254	0	 On March 18, 1965, he performed the first manned extravehicular activity, EVA, or spacewalk, remaining alone outside the spacecraft for just over 12 minutes.	on march 18 1965 he performed the first manned extravehicular activity eva or spacewalk remaining alone outside the spacecraft for just over twelve minutes
train_2469	1455	1	 The distinct characteristics of the Internet led to additional dimensions in terms of the uses and gratifications approach.	the distinct characteristics of the internet lead to additional dimensions in terms of the uses and gratifications approach
train_2470	229	1	 These scarps were found all over the moon and appear to be minimally weathered, indicating that the geologic conditions, geologic events that created them were fairly recent.	these scarps were found all over the moon and appear to be minimally weathered indicating that the geologic events that created them were fairly recent
train_2471	528	0	 On June 28, Marshal Italo Balbo, the Governor General of Libya, an apparent heir to Mussolini, was killed by friendly fire while landing in Tobruk.	on june 28 marshal italo balbo the governor-general of libya and apparent heir to mussolini was killed by friendly fire while landing in tobruk
train_2472	782	1	 Wildlife is among the most challenging motives for a photographer and needs a combination of good luck, patience, experience, and good equipment.	wildlife is among the most challenging motifs for a photographer and needs a combination of good luck patience experience and good equipment
train_2473	69	0	 Tenants at Lockwood Gardens believe that there may be another 40 families or more to face eviction since they learn that OHA police are also investigating other public housing properties in Auckland that may be caught up in the housing scam.	tenants at lockwood gardens believe that there may be another 40 families or more to face eviction since they learned that oha police are also investigating other public housing properties in oakland that may be caught up in the housing scam
train_2474	1060	0	 The first known transportation was walking. Humans began walking upright 2 million years ago with the emergence of Homo erectus, meaning upright man.	the first known transportation was walking humans began walking upright two million years ago with the emergence of homo erectus meaning upright man
train_2475	32	0	 Piquet Jr. crashed in the 2008 Singapore Grand Prix just after an early pit stop for Fernando Alonso, bringing out the safety car.	piquet jr crashed in the 2008 singapore grand prix just after an early pit stop for fernando alonso bringing out the safety car
train_2476	91	0	 It is not known at this time what charges will be laid or what led authorities to the boy, but juvenile proceedings have begun in federal court.	it is not known at this time what charges will be laid or what led authorities to the boy but juvenile proceedings have begun in federal court
train_2477	914	1	 Often you have to buy a global number separately that allows PSTN phones to call you. Where the number is from makes a difference for people calling you.	often you have to buy a global number separately that allows pstn phones to call you where the number is from makes a difference for people calling you
train_2478	1229	0	 His teammate Fernando Alonso was in the lead for most of the race, but ended it right after his pit stop, probably because of a badly tucked right front wheel.	his teammate fernando alonso was in the lead for most of the race but ended it right after his pit-stop probably because a badly tucked right front wheel
train_2479	348	1	 One of the panes finally broke and they started to get out by the window, said survivor Francis Vek Cowell.	one of the panes finally broke and they started to get out by the window said survivor franciszek kowal
train_2480	595	1	 Animals are found all over the earth. They dig in the ground, swim in the oceans, and fly in the sky.	animals are found all over the earth they dig in the ground swim in the oceans and fly in the sky
train_2481	1345	1	 Though each country was Scandinavian, there were many differences between the people, kings, customs, and history of Denmark, Sweden, Norway, and Iceland.	though each country was scandinavian' there were many differences between the people kings customs and history of denmark sweden norway and iceland
train_2482	1422	1	 The obvious way of flying in first or business class is to fork out a thick wad of money for the privilege, or better yet, get your company to do it for you.	the obvious way of flying in first or business class is to fork out a thick wad of money for the privilege or better yet get your company to do it for you
train_2483	343	1	 We have a year-long financial crisis which has had its most acute moment in the past two months. I think now the financial markets are beginning to recover.	we have a year-long financial crisis which has had its most acute moment in the past two months and i think now the financial markets are beginning to recover
train_2484	771	1	 Most of the temple festivals is celebrated as part of temple's anniversary or presiding deity's birthday or any other major event associated with the temple.	most of the temple festivals is celebrated as part of temple's anniversary or presiding deity's birthday or any other major event associated with the temple
train_2485	589	0	 Hopefully most people will realize that their long term best option is to work together with others.	hopefully most people will realise that their long term best option is to work together with others
train_2486	1281	1	 Okoroko Electric Power Company reported no effects from the earthquake and that the number one and two reactors at its Shiga Nuclear Power Plant were shut down.	hokuriku electric power co reported no effects from the earthquake and that the number 1 and 2 reactors at its shika nuclear power plant were shut down
train_2487	778	1	 There are many different film formats that have been used over the years. Standard 35 millimeter film, 36 by 24 millimeter negative, is much the commonest.	there are many different film formats that have been used over the years. standard 35 mm film 36 by 24 mm negative is much the commonest
train_2488	1492	1	 French electoral law rather strictly codifies the proceedings.	french electoral law rather strictly codifies the proceedings
train_2489	479	1	 Make sure your hand is as relaxed as possible when still hitting all the notes correctly. Also, try not to make much extraneous motion with your fingers.	make sure your hand is as relaxed as possible while still hitting all the notes correctly also try not to make much extraneous motion with your fingers
train_2490	563	0	 If you get hurt trying to help, you may only serve to make matters worse.	if you get hurt trying to help you may only serve to make matters worse
train_2491	567	1	 Vision or the ability to see depends on visual system sensory organs or eyes.	vision or the ability to see depends on visual system sensory organs or eyes
train_2492	302	0	 Voltaire's achievements outside of directing include a hunger strike in 1973 against what he viewed as political censorship.	vautier's achievements outside of directing include a hunger strike in 1973 against what he viewed as political censorship
train_2493	683	1	 You are guaranteed to get wet if you cross the bridge or walk along the trails winding near the falls.	you are guaranteed to get wet if you cross the bridge or walk along the trails winding near the falls
train_2494	711	1	 There's a tiny cave near the top that must be passed through. It is quite low and a rather tight squeeze.	there's a tiny cave near the top that must be passed through it is quite low and a rather tight squeeze
train_2495	539	0	 Tourists may visit different landmarks of a particular country, or they may simply opt to focus on just one area.	tourists may visit different landmarks of a particular country or they may simply opt to focus on just one area
train_2496	787	1	 The world has over 5,000 different languages, including more than 20, with 50 million or more speakers.	the world has over 5,000 different languages including more than twenty with 50 million or more speakers
train_2497	1129	1	 U.S. President George W. Bush arrived in Singapore the morning of November 16th, beginning a week-long tour of Asia.	u.s. president george w bush arrived in singapore the morning of november 16 beginning a week-long tour of asia
train_2498	13	0	 He recently lost again Raonic in the Brisbane Open.	he recently lost against raonic in the brisbane open
train_2499	802	1	 Drink alcoholic drinks with moderation. Alcohol affects everyone differently and knowing your limit is very important.	drink alcoholic drinks with moderation alcohol affects everyone differently and knowing your limit is very important
train_2500	108	0	 When the capsule gets to Earth and enters the atmosphere at about 5 a.m. Eastern Time, it is expected to put quite a light show for folks in Northern California, Oregon, Nevada, and Utah.	when the capsule gets to earth and enters the atmosphere at about 5am eastern time it is expected to put on quite a light show for folks in northern california oregon nevada and utah
train_2501	411	0	 The invention of spoke wheels made Assyrian chariots lighter, faster, and better prepared to outrun soldiers and other chariots.	the invention of spoke wheels made assyrian chariots lighter faster and better prepared to outrun soldiers and other chariots
train_2502	1207	1	 Scaffolds can be both virtual and real. In other words, a teacher is a form of scaffold, but so is the little paperclip man in Microsoft Office.	scaffolds can be both virtual and real in other words a teacher is a form of scaffold but so is the little paperclip man in microsoft office
train_2503	342	0	 Regarding the global financial situation, Zapatero continued by saying that the financial system is a part of the economy, a crucial part.	regarding the global financial situation zapatero continued by saying that the financial system is a part of the economy a crucial part
train_2504	1437	1	 This behavior oftentimes results in rifts between the leaders and the rest of the team.	this behavior oftentimes results in rifts between the leaders and the rest of the team
train_2505	819	1	 There are many things you have to take into consideration before and when you travel somewhere.	there are many things you have to take into consideration before and when you travel somewhere
train_2506	536	1	 This is when people go to a place that is very different from their regular day-to-day life to relax and have fun.	this is when people go to a place that is very different from their regular day-to-day life to relax and have fun
train_2507	1271	0	 Nature-based tourism attracts people interested in visiting natural areas for the purpose of enjoying the scenery, including plant and animal wildlife.	nature-based tourism attracts people interested in visiting natural areas for the purpose of enjoying the scenery including plant and animal wildlife
train_2508	571	1	 When all individuals in a population are identical with regard to a particular phenotypic trait, they are known as monomorphic.	when all individuals in a population are identical with regard to a particular phenotypic trait they are known as monomorphic
train_2509	1020	0	 For example, visiting castles in the Loire Valley, the Rhine Valley, or taking a cruise to interesting cities in the Danube or boating along the Erie Canal.	for example visiting castles in the loire valley the rhine valley or taking a cruise to interesting cites on the danube or boating along the erie canal
train_2510	1008	1	 Murray lost the first set in a tiebreak after both men held each and every serve in the set.	murray lost the first set in a tie break after both men held each and every serve in the set
train_2511	1291	0	 The community irritation led to current efforts to draft a policy regarding sexual content for the site, which hosts millions of openly licensed media.	the community irritation led to current efforts to draft a policy regarding sexual content for the site which hosts millions of openly-licensed media
train_2512	1334	1	 This can be done easily by using a relatively quiet alarm clock to bring you to consciousness without fully waking you.	this can be easily done by using a relatively quiet alarm clock to bring you to consciousness without fully waking you
train_2513	1401	1	 No immediate reports of damage have been received by the United States Geological Survey and its National Earthquake Information Center.	no immediate reports of damage have been received by the united states geological survey usgs and its national earthquake information center
train_2514	64	0	 The National Congress of Brazil has debated legalization for 10 years, and such civil marriages are currently only legal in Rio Grande do Sul.	the national congress of brazil has debated legalization for 10 years and such civil marriages are currently only legal in rio grande do sul
train_2515	1418	1	 Sadly, as newer methods of writing have emerged, the pencil has been relegated to lesser statuses and uses.	sadly as newer methods of writing have emerged the pencil has been relegated to lesser status and uses
train_2516	1257	1	 In one year's time, an infected person may infect 10 to 15 close contacts.	in one year's time an infected person may infect 10 to 15 close contacts
train_2517	131	0	 Today's announcement also extended the government's commitment made in March of this year to fund extra carriages.	today's announcement also extended the government's commitment made in march of this year to fund extra carriages
train_2518	1386	1	 Check that bus you are thinking of taking goes into Hebron and not just to the nearby Jewish settlement of Kirat Arba.	check that the bus you are thinking of taking goes into hebron and not just to the nearby jewish settlement of kiryat arba
train_2519	1406	0	 The United States Strategic Command of the U.S. Department of Defense Office is tracking the debris.	the united states strategic command of the u.s. department of defense office is tracking the debris
train_2520	1002	1	 The photographer was transported to Ronald Reagan UCLA Medical Center where he subsequently died.	the photographer was transported to ronald reagan ucla medical center where he subsequently died
train_2521	57	0	 If it becomes commercial, we should have it. That is, there's no in-principle objection to nuclear energy, Mr. Costello said.	if it becomes commercial we should have it that is there's no in-principle objection to nuclear energy mr costello said
train_2522	154	1	 This is believed to be the fifth time in history that people have observed what turned out to be chemically confirmed Martian material falling to Earth.	this is believed to be the fifth time in history that people have observed what turned out to be chemically confirmed martian material falling to earth
train_2523	1188	0	 The top of the tower was a special sanctuary for the god.	the top of the tower was special sanctuary for the god
train_2524	17	0	 The document showed 14 banks helped wealthy clients hide billions of US dollars of wealth to avoid taxes and other regulations	the documents showed fourteen banks helped wealthy clients hide billions of us dollars of wealth to avoid taxes and other regulations
train_2525	1484	1	 Eventually, after thousands or even millions of years, the two populations will look so different that they can't be called the same species.	eventually after thousands or even millions of years the two populations will look so different that they can't be called the same species
train_2526	64	0	 The National Congress of Brazil has debated legalization for 10 years and such civil marriages are currently only legal in Rio Grande do Sul.	the national congress of brazil has debated legalization for 10 years and such civil marriages are currently only legal in rio grande do sul
train_2527	15	1	 After the match, King of Clay said, I am just excited about being back in the final rounds of the most important events. I am here to try to win this.	after the match king of clay said i am just excited about being back in the final rounds of the most important events i am here to try to win this
train_2528	1467	1	 In 1884, Tesla moved to the United States of America to accept a job with the Edison Company in New York City.	in 1884 tesla moved to the united states of america to accept a job with the edison company in new york city
train_2529	659	1	 During the summer also watch out for the Nordic mosquitoes. Although they do not transmit any diseases, they can be irritating.	during the summer also watch out for the nordic mosquitoes although they do not transmit any diseases they can be irritating
train_2530	1031	1	 Due to the cluster or group of islands Japan has, Japan is often referred to on a geographical stance as an archipelago.	due to the cluster/group of islands japan has japan is often referred to on a geographical stance as an archipelago
train_2531	521	0	 Some people believe that experiencing many artificially induced lucid dreams often enough can be very exhausting.	some people believe that experiencing many artificially induced lucid dreams often enough can be very exhausting
train_2532	1047	0	 Technological determinism is a term that encompasses a wide range of ideas and practices, from the technology push or the technological imperative, to a strict sense that human destiny is driven by an underlying logic associated with scientific laws and their manifestation in technology.	technological determinism is a term that encompasses a wide range of ideas in practice from technology-push or the technological imperative to a strict sense that human destiny is driven by an underlying logic associated with scientific laws and their manifestation in technology
train_2533	1474	1	 According to Mick O'Flynn, the acting director, Park Conservation and Heritage with the NPWS, the four shooters selected for the first shooting operation received comprehensive safety and training instruction.	according to mick o'flynn the acting director park conservation and heritage with the npws the four shooters selected for the first shooting operation received comprehensive safety and training instruction
train_2534	707	0	 Towering above the north end of Machu Picchu is this steep mountain, often the backdrop to many photos of the ruins.	towering above the north end of machu picchu is this steep mountain often the backdrop to many photos of the ruins
train_2535	1299	0	 Women did the cooking in the yard. Stores were just open counters looking into the streets. Stone was used for building houses.	women did the cooking in the yard stores were just open counters looking into the street stone was used for building houses
train_2536	813	1	 Day hiking involves distances of less than a mile up to longer distances that can be covered in a single day.	day hiking involves distances of less than a mile up to longer distances that can be covered in a single day
train_2537	236	1	 When asked what the father said, she answered, he couldn't say a thing, he just stood there blinking.	when asked what the father said she answered he couldn't say a thing he just stood there blinking
train_2538	183	0	 It is now important from both a public health and criminal justice perspective that the legislation be enacted on as soon as possible, said a government spokesperson.	it is now important from both a public health and criminal justice perspective that the legislation be enacted as soon as possible said a government spokesperson
train_2539	1317	0	 Subsistence agriculture is a simple, often organic system used to save seed native to the ecoregion combined with crop rotation or other relatively simple techniques to maximize yield.	subsistence agriculture is a simple often organic system using saved seed native to the ecoregion combined with crop rotation or other relatively simple techniques to maximize yield
train_2540	1193	1	 Same goes for the military because instead of army rankings being based on class, they were now based on caliber.	same goes for the military because instead of army rankings being based on class they were now based on cailaber
train_2541	1112	1	 Fears of lack of transportation raised the possibility that the game would be forced to play behind closed doors without the team's supporters.	fears of lack of transportation raised the possibility that the game would be forced to play behind closed doors without the team's supporters
train_2542	90	0	 However, a source with knowledge of the investigation told the Minneapolis Star Tribune that it was Louis Jourdan, 16-year-old son of Red Lake Tribal Chairman Floyd Jourdan.	however a source with knowledge of the investigation told the minneapolis star-tribune that it was louis jourdain 16-year old son of red lake tribal chairman floyd jourdain
train_2543	985	0	 Fewer than a thousand cases have ever been reported in humans, but some of them have been fatal.	fewer than a thousand cases have ever been reported in humans but some of them have been fatal
train_2544	1201	1	 The accused are named as Baba Ganjar, Bhuta Ganjar, Rampur Ganjar, Ghaza Ganjar and Vishnu Ganjar.	the accused are named as baba kanjar bhutha kanjar rampro kanjar gaza kanjar and vishnu kanjar
train_2545	1013	1	 With 17,000 islands to choose from, Indonesian food is an umbrella term covering a vast variety of regional cuisines found across the nation.	with 17,000 islands to choose from indonesian food is an umbrella term covering a vast variety of regional cuisines found across the nation
train_2546	1145	1	 In the context of Romanticism, the geography molded individuals, and over time, customs and culture related to that geography arose, and these, being in harmony with the place of the society, were better than arbitrarily imposed laws.	in the context of romanticism the geography molded individuals and over time customs and culture related to that geography arose and these being in harmony with the place of the society were better than arbitrarily imposed laws
train_2547	172	0	 He went on to say, this case is serious. Rest assured that our system is working as well as it should.	he went on to say this case is serious rest assured that our system is working as well as it should
train_2548	1398	1	 Last month, Iran saw its worst air disaster in years when an airliner heading to Armenia crashed, killing the 168 on board.	last month iran saw its worst air disaster in years when an airliner heading to armenia crashed killing the 168 on board
train_2549	1173	1	 Voyagers planning sex reassignment surgery abroad must ensure they are carrying valid documents for the return trip.	voyagers planning sex reassignment surgery abroad must ensure they're carrying valid documents for the return trip
train_2550	1370	1	 Chambers, an agnostic, argues that his lawsuit is frivolous and anybody can sue anybody.	chambers an agnostic argues that his lawsuit is frivolous and anybody can sue anybody
train_2551	1313	1	 He arrived in the U.S. with four cents to his name, a book of poetry, and a letter of recommendation from Charles Batchelor, his manager in his previous job, to Thomas Edison.	he arrived in the us with 4 cents to his name a book of poetry and a letter of recommendation from charles batchelor his manager in his previous job to thomas edison
train_2552	865	1	 Thus the scourges of Delhi Belly, the Pharaoh's curse, Metazuma's revenge, and their many friends.	thus the scourges of delhi belly the pharaoh's curse montezuma's revenge and their many friends
train_2553	532	1	 18 holes are played during a regular round, with players usually starting on the first hole on the course and finishing on the 18th.	eighteen holes are played during a regular round with players usually starting on the first hole on the course and finishing on the eighteenth
train_2554	256	1	 Ten years later, he led the Soviet part of the Apollo-Soyuz mission, symbolizing that the space race was over.	ten years later he led the soviet part of the apollo-soyuz mission symbolizing that the space race was over
train_2555	1421	0	 In 1683, Qing Dynasty, 1644 to 1912, forces take control of Taiwan's western and northern coastal area and declared Taiwan as a province of the Qing Empire in 1885.	in 1683 qing dynasty 1644-1912 forces take control of taiwan’s western and northern coastal areas and declared taiwan as a province of the qing empire in 1885
train_2556	474	0	 They mark an important change as European powers will no longer have the pretext of being religious war. Thus the Thirty Years' War will be the last war to be labelled a religious war.	this marked an important change as european powers would no longer have the pretext of being religious wars thus the thirty years' war would be the last war to be labeled a religious war
train_2557	939	0	 While immigration check is usually absent or a formality when you arrive in your homeland, customs control can be a hassle.	while immigration check is usually absent or a formality when you arrive in your homeland customs control can be a hassle
train_2558	444	0	 18% of Venezuelans are unemployed and most of those who are employed work in the informal economy.	eighteen percent of venezuelans are unemployed and most of those who are employed work in the informal economy
train_2559	1410	1	 They can also hold the reservation for you if you need time to think about the offer or procure other documents for your destination. Example given, a visa.	they can also hold the reservation for you if you need time to think about the offer or procure other documents for your destination e.g. visa
train_2560	1426	1	 Reindeer husbandry is an important livelihood among the Sami and the culture surrounding the trade is important also for many other professions.	reindeer husbandry is an important livelihood among the sámi and the culture surrounding the trade is important also for many with other professions
train_2561	206	0	 About 10 minutes before it was due to land from its second approach, it disappeared.	about ten minutes before it was due to land from its second approach it disapeared
train_2562	232	1	 The man suspected of donating the bomb was detained after sustaining injuries from the blast.	the man suspected of detonating the bomb was detained after sustaining injuries from the blast
train_2563	886	1	 There is a surcharge for having more than two passengers, so this option might be more expensive than necessary.	there is a surcharge for having more than 2 passengers so this option might be more expensive than necessary
train_2564	98	1	 On October 7th, an engine separated on takeoff without injuries, Russia briefly grounded two 76s after that accident.	on october 7 an engine separated on takeoff without injuries russia briefly grounded il-76s after that accident
train_2565	25	1	 He had two goals and two assets in Washington's 5-3 win over the Atlanta Thrashers.	he had 2 goals and 2 assists in washington's 5-3 win over the atlanta thrashers
train_2566	36	1	 Two beams of light have been rigged up to the point skywards overnight.	two beams of light have been rigged up to point skywards overnight
train_2567	592	1	 Maybe one day your great-grandchildren will be standing atop an alien world, wondering about their ancient ancestors.	maybe one day your great grandchildren will be standing atop an alien world wondering about their ancient ancestors
train_2568	1151	1	 This is just like symptomatic treatment in many cases. However, if we do not only want a temporary solution, then we should find the root of the problems and we should deactivate them.	this is just like symptomatic treatment in many cases however if we do not only want a temporary solution then we should find the root of the problems and we should deactivate them
train_2569	1270	1	 There were also toilets in ancient Egypt, Persia, and China. In Roman civilization, toilets were sometimes part of public bathhouses where men and women were together in mixed company.	there were also toilets in ancient egypt persia and china in roman civilization toilets were sometimes part of public bath houses where men and women were together in mixed company
train_2570	334	1	 It was followed by the Istanbul State Symphony Orchestra, a Janissary band, and the singers Fatih Erkoç and Muslim Gurses.	it was followed by the istanbul state symphony orchestra a janissary band and the singers fatih erkoç and müslüm gürses
train_2571	612	0	 Sophisticated animations can be constructed on computers, and this kind of animation is increasingly being used in television and film.	sophisticated animations can be constructed on computers and this kind of animation is increasingly being used in television and films
train_2572	446	1	 An important industry for Venezuelans is oil, where the country is a net exporter even though only 1% work in the oil industry.	an important industry for venezuelans is oil where the country is a net exporter even though only one percent work in the oil industry
train_2573	551	1	 Some cross-country running during the winter, combined with gymnasium work for the upper part of the body, is the best preparation for the running season.	some cross country running during the winter combined with gymnasium work for the upper part of the body is the best preparation for the running season
train_2574	217	0	 Squash, karate and roller sports tried to get onto the Olympic program as well as baseball and softball which were voted out of the Olympic Games in 2005.	squash karate and roller sports tried to get onto the olympic program as well as baseball and softball which were voted out of the olympic games in 2005
train_2575	987	0	 Typical for Norway are steep fjords and valleys that suddenly give way to high, more or less even plateau.	typical for norway are steep fjords and valleys that suddenly give way to a high more or less even plateau
train_2576	60	0	 These bosses had been reined in by Provenzano when he put an end to the Rina-driven war against the state that claimed the lives of mafia crusaders Giovanni Falcone and Paolo Borsellino in 1992.	these bosses had been reined in by provenzano when he put an end to the riina-driven war against the state that claimed the lives of mafia crusaders giovanni falcone and paolo borsellino in 1992
train_2577	901	0	 The problem is that snow is sticky so it needs some triggering to calm down and some snow calm down can be the triggering event for the rest.	the problem is that snow is sticky so it needs some triggering to come down and some snow coming down can be the triggering event for the rest
train_2578	1036	1	 The Hershey and Chase experiment was one of the leading suggestions that DNA was a genetic material.	the hershey and chase experiment was one of the leading suggestions that dna was a genetic material
train_2579	1465	1	 This means you can visit the historic city for a couple of full days while returning and sleeping on the ship at night.	this means you can visit the historic city for a couple of full days while returning and sleeping on the ship at night
train_2580	747	1	 Accordingly, at the finest such establishment one is apt to find the most luxurious bedding, maybe a handmade quilt or antique bed.	accordingly at the finest such establishments one is apt to find the most luxurious bedding maybe a handmade quilt or an antique bed
train_2581	1497	1	 British pounds will generally be accepted anywhere in the islands and within Stanley credit cards and United States dollars are also often accepted.	british pounds will generally be accepted anywhere in the islands and within stanley credit cards and united states dollars are also often accepted
train_2582	1355	0	 Affectious diseases themselves or dangerous animals that can injure or kill people by force do not usually qualify as pests.	infectious diseases themselves or dangerous animals that can injure or kill people by force do not usually qualify as pests
train_2583	1485	1	 Despite leaving the show in 1993, he kept the title of executive producer and continued to receive tens of millions of dollars every season in royalties.	despite leaving the show in 1993 he kept the title of executive producer and continued to receive tens of millions of dollars every season in royalties
train_2584	477	0	 The Greek historian Strabo later noted the name, which is how we know today. The temple was destroyed on the same night that Alexander the Great was born.	the greek historian strabo later noted the name which is how we know today the temple was destroyed on the same night that alexander the great was born
train_2585	195	1	 The Brazilian suffered a serious head injury after a crash during the 2009 Hungarian Grand Prix.	the brazilian suffered a serious head injury after a crash during the 2009 hungarian grand prix
train_2586	565	1	 Only the effects of catastrophizing, not depression and fear was conditional of regular weekly structured PA sessions.	only the effects of catastrophizing not depression and fear was conditional of regular weekly structured pa sessions
train_2587	769	1	 Other skiing events will be at the Taizhi-Qiang ski area in Zhangjiakou about 220 kilometers, 140 miles from Beijing.	other skiing events will be at the taizicheng ski area in zhangjiakou about 220 km 140 miles from beijing
train_2588	421	1	 Around the 25th century, northern Estonia was under great cultural influence of Germany.	around the 15th century northern estonia was under great cultural influence of germany
train_2589	1373	1	 Turkey would also take over guarding captured ISIS fighters which the statement said European nations have refused to repatriate.	turkey would also take over guarding captured isis fighters which the statement said european nations have refused to repatriate
train_2590	1430	1	 Many paleontologists today believe that one group of dinosaurs survived and is alive today. We call them birds.	many paleontologists today believe that one group of dinosaurs survived and is alive today we call them birds
train_2591	802	1	 Drink alcoholic drinks with moderation. Alcohol affects everyone differently and knowing your limit is very important.	drink alcoholic drinks with moderation alcohol affects everyone differently and knowing your limit is very important
train_2592	21	1	 Hosea implied during the election that Ma might flee the country during a time of crisis.	hsieh implied during the election that ma might flee the country during a time of crisis
train_2593	1174	0	 Negotiators tried to rectify the situation, but the prisoners' demands are not clear.	negotiators tried to rectify the situation but the prisoners' demands are not clear
train_2594	1418	0	 Sadly, as newer methods of writing have emerged, the pencil has been relegated to lesser status and uses.	sadly as newer methods of writing have emerged the pencil has been relegated to lesser status and uses
train_2595	82	0	 Aspirincus elizabethii is a species of the family Dromahosireidae and is a cousin of Velociraptor.	hesperonychus elizabethae is a species of the family dromaeosauridae and is a cousin of velociraptor 
train_2596	425	1	 Traditionally, the heir to the throne would go straight into the military after finishing school.	traditionally the heir to the throne would go straight into the military after finishing school
train_2597	768	0	 Beijing will host the opening and closing ceremonies and the indoor ice events.	beijing will host the opening and closing ceremonies and the indoor ice events
train_2598	591	1	 But if this ever does happen, probably won't happen for a very long time. The stars are so spread out that there are trillions of miles between stars that are neighbors.	but if this ever does happen probably won't happen for a very long time the stars are so spread out that there are trillions of miles between stars that are neighbors
train_2599	573	1	 Army ant colonies march and nest in different phases as well.	army ant colonies march and nest in different phases as well
train_2600	675	1	 Entering Southern Africa by car is an amazing way to see all the region's beauty as well as to get to places off the normal tourist routes.	entering southern africa by car is an amazing way to see all the region's beauty as well as to get to places off the normal tourist routes
train_2601	1072	1	 They also divide routes for popular hiking and cycling trails.	they also define routes for popular hiking and cycling trails
